BIN,Brand,Type,Category,Issuer,IssuerPhone,IssuerUrl,isoCode2,isoCode3,CountryName
106500,UATP,CREDIT,UATP,SAUDI ARABIAN AIRLINES (SV),,,SA,SAU,SAUDI ARABIA
106501,UATP,CREDIT,UATP,SAUDI ARABIAN AIRLINES (SV),,,SA,SAU,SAUDI ARABIA
106502,UATP,CREDIT,UATP,SAUDI ARABIAN AIRLINES (SV),,,SA,SAU,SAUDI ARABIA
106503,UATP,CREDIT,UATP,SAUDI ARABIAN AIRLINES (SV),,,SA,SAU,SAUDI ARABIA
106504,UATP,CREDIT,UATP,SAUDI ARABIAN AIRLINES (SV),,,SA,SAU,SAUDI ARABIA
106505,UATP,CREDIT,UATP,SAUDI ARABIAN AIRLINES (SV),,,SA,SAU,SAUDI ARABIA
106506,UATP,CREDIT,UATP,SAUDI ARABIAN AIRLINES (SV),,,SA,SAU,SAUDI ARABIA
106507,UATP,CREDIT,UATP,SAUDI ARABIAN AIRLINES (SV),,,SA,SAU,SAUDI ARABIA
106508,UATP,CREDIT,UATP,SAUDI ARABIAN AIRLINES (SV),,,SA,SAU,SAUDI ARABIA
106509,UATP,CREDIT,UATP,SAUDI ARABIAN AIRLINES (SV),,,SA,SAU,SAUDI ARABIA
106510,UATP,CREDIT,UATP,SAUDI ARABIAN AIRLINES (SV),,,SA,SAU,SAUDI ARABIA
106511,UATP,CREDIT,UATP,SAUDI ARABIAN AIRLINES (SV),,,SA,SAU,SAUDI ARABIA
106512,UATP,CREDIT,UATP,SAUDI ARABIAN AIRLINES (SV),,,SA,SAU,SAUDI ARABIA
106513,UATP,CREDIT,UATP,SAUDI ARABIAN AIRLINES (SV),,,SA,SAU,SAUDI ARABIA
106514,UATP,CREDIT,UATP,SAUDI ARABIAN AIRLINES (SV),,,SA,SAU,SAUDI ARABIA
106515,UATP,CREDIT,UATP,SAUDI ARABIAN AIRLINES (SV),,,SA,SAU,SAUDI ARABIA
106516,UATP,CREDIT,UATP,SAUDI ARABIAN AIRLINES (SV),,,SA,SAU,SAUDI ARABIA
106517,UATP,CREDIT,UATP,SAUDI ARABIAN AIRLINES (SV),,,SA,SAU,SAUDI ARABIA
106518,UATP,CREDIT,UATP,SAUDI ARABIAN AIRLINES (SV),,,SA,SAU,SAUDI ARABIA
106519,UATP,CREDIT,UATP,SAUDI ARABIAN AIRLINES (SV),,,SA,SAU,SAUDI ARABIA
106520,UATP,CREDIT,UATP,SAUDI ARABIAN AIRLINES (SV),,,SA,SAU,SAUDI ARABIA
106521,UATP,CREDIT,UATP,SAUDI ARABIAN AIRLINES (SV),,,SA,SAU,SAUDI ARABIA
106522,UATP,CREDIT,UATP,SAUDI ARABIAN AIRLINES (SV),,,SA,SAU,SAUDI ARABIA
106523,UATP,CREDIT,UATP,SAUDI ARABIAN AIRLINES (SV),,,SA,SAU,SAUDI ARABIA
106524,UATP,CREDIT,UATP,SAUDI ARABIAN AIRLINES (SV),,,SA,SAU,SAUDI ARABIA
106525,UATP,CREDIT,UATP,SAUDI ARABIAN AIRLINES (SV),,,SA,SAU,SAUDI ARABIA
106526,UATP,CREDIT,UATP,SAUDI ARABIAN AIRLINES (SV),,,SA,SAU,SAUDI ARABIA
106527,UATP,CREDIT,UATP,SAUDI ARABIAN AIRLINES (SV),,,SA,SAU,SAUDI ARABIA
106528,UATP,CREDIT,UATP,SAUDI ARABIAN AIRLINES (SV),,,SA,SAU,SAUDI ARABIA
106529,UATP,CREDIT,UATP,SAUDI ARABIAN AIRLINES (SV),,,SA,SAU,SAUDI ARABIA
106530,UATP,CREDIT,UATP,SAUDI ARABIAN AIRLINES (SV),,,SA,SAU,SAUDI ARABIA
106531,UATP,CREDIT,UATP,SAUDI ARABIAN AIRLINES (SV),,,SA,SAU,SAUDI ARABIA
106532,UATP,CREDIT,UATP,SAUDI ARABIAN AIRLINES (SV),,,SA,SAU,SAUDI ARABIA
106533,UATP,CREDIT,UATP,SAUDI ARABIAN AIRLINES (SV),,,SA,SAU,SAUDI ARABIA
106534,UATP,CREDIT,UATP,SAUDI ARABIAN AIRLINES (SV),,,SA,SAU,SAUDI ARABIA
106535,UATP,CREDIT,UATP,SAUDI ARABIAN AIRLINES (SV),,,SA,SAU,SAUDI ARABIA
106536,UATP,CREDIT,UATP,SAUDI ARABIAN AIRLINES (SV),,,SA,SAU,SAUDI ARABIA
106537,UATP,CREDIT,UATP,SAUDI ARABIAN AIRLINES (SV),,,SA,SAU,SAUDI ARABIA
106538,UATP,CREDIT,UATP,SAUDI ARABIAN AIRLINES (SV),,,SA,SAU,SAUDI ARABIA
106539,UATP,CREDIT,UATP,SAUDI ARABIAN AIRLINES (SV),,,SA,SAU,SAUDI ARABIA
106540,UATP,CREDIT,UATP,SAUDI ARABIAN AIRLINES (SV),,,SA,SAU,SAUDI ARABIA
106541,UATP,CREDIT,UATP,SAUDI ARABIAN AIRLINES (SV),,,SA,SAU,SAUDI ARABIA
106542,UATP,CREDIT,UATP,SAUDI ARABIAN AIRLINES (SV),,,SA,SAU,SAUDI ARABIA
106543,UATP,CREDIT,UATP,SAUDI ARABIAN AIRLINES (SV),,,SA,SAU,SAUDI ARABIA
106544,UATP,CREDIT,UATP,SAUDI ARABIAN AIRLINES (SV),,,SA,SAU,SAUDI ARABIA
106545,UATP,CREDIT,UATP,SAUDI ARABIAN AIRLINES (SV),,,SA,SAU,SAUDI ARABIA
106546,UATP,CREDIT,UATP,SAUDI ARABIAN AIRLINES (SV),,,SA,SAU,SAUDI ARABIA
106547,UATP,CREDIT,UATP,SAUDI ARABIAN AIRLINES (SV),,,SA,SAU,SAUDI ARABIA
106548,UATP,CREDIT,UATP,SAUDI ARABIAN AIRLINES (SV),,,SA,SAU,SAUDI ARABIA
106549,UATP,CREDIT,UATP,SAUDI ARABIAN AIRLINES (SV),,,SA,SAU,SAUDI ARABIA
106550,UATP,CREDIT,UATP,SAUDI ARABIAN AIRLINES (SV),,,SA,SAU,SAUDI ARABIA
106551,UATP,CREDIT,UATP,SAUDI ARABIAN AIRLINES (SV),,,SA,SAU,SAUDI ARABIA
106552,UATP,CREDIT,UATP,SAUDI ARABIAN AIRLINES (SV),,,SA,SAU,SAUDI ARABIA
106553,UATP,CREDIT,UATP,SAUDI ARABIAN AIRLINES (SV),,,SA,SAU,SAUDI ARABIA
106554,UATP,CREDIT,UATP,SAUDI ARABIAN AIRLINES (SV),,,SA,SAU,SAUDI ARABIA
106555,UATP,CREDIT,UATP,SAUDI ARABIAN AIRLINES (SV),,,SA,SAU,SAUDI ARABIA
106556,UATP,CREDIT,UATP,SAUDI ARABIAN AIRLINES (SV),,,SA,SAU,SAUDI ARABIA
106557,UATP,CREDIT,UATP,SAUDI ARABIAN AIRLINES (SV),,,SA,SAU,SAUDI ARABIA
106558,UATP,CREDIT,UATP,SAUDI ARABIAN AIRLINES (SV),,,SA,SAU,SAUDI ARABIA
106559,UATP,CREDIT,UATP,SAUDI ARABIAN AIRLINES (SV),,,SA,SAU,SAUDI ARABIA
106560,UATP,CREDIT,UATP,SAUDI ARABIAN AIRLINES (SV),,,SA,SAU,SAUDI ARABIA
106561,UATP,CREDIT,UATP,SAUDI ARABIAN AIRLINES (SV),,,SA,SAU,SAUDI ARABIA
106562,UATP,CREDIT,UATP,SAUDI ARABIAN AIRLINES (SV),,,SA,SAU,SAUDI ARABIA
106563,UATP,CREDIT,UATP,SAUDI ARABIAN AIRLINES (SV),,,SA,SAU,SAUDI ARABIA
106564,UATP,CREDIT,UATP,SAUDI ARABIAN AIRLINES (SV),,,SA,SAU,SAUDI ARABIA
106565,UATP,CREDIT,UATP,SAUDI ARABIAN AIRLINES (SV),,,SA,SAU,SAUDI ARABIA
106566,UATP,CREDIT,UATP,SAUDI ARABIAN AIRLINES (SV),,,SA,SAU,SAUDI ARABIA
106567,UATP,CREDIT,UATP,SAUDI ARABIAN AIRLINES (SV),,,SA,SAU,SAUDI ARABIA
106568,UATP,CREDIT,UATP,SAUDI ARABIAN AIRLINES (SV),,,SA,SAU,SAUDI ARABIA
106569,UATP,CREDIT,UATP,SAUDI ARABIAN AIRLINES (SV),,,SA,SAU,SAUDI ARABIA
106570,UATP,CREDIT,UATP,SAUDI ARABIAN AIRLINES (SV),,,SA,SAU,SAUDI ARABIA
106571,UATP,CREDIT,UATP,SAUDI ARABIAN AIRLINES (SV),,,SA,SAU,SAUDI ARABIA
106572,UATP,CREDIT,UATP,SAUDI ARABIAN AIRLINES (SV),,,SA,SAU,SAUDI ARABIA
106573,UATP,CREDIT,UATP,SAUDI ARABIAN AIRLINES (SV),,,SA,SAU,SAUDI ARABIA
106574,UATP,CREDIT,UATP,SAUDI ARABIAN AIRLINES (SV),,,SA,SAU,SAUDI ARABIA
106575,UATP,CREDIT,UATP,SAUDI ARABIAN AIRLINES (SV),,,SA,SAU,SAUDI ARABIA
106576,UATP,CREDIT,UATP,SAUDI ARABIAN AIRLINES (SV),,,SA,SAU,SAUDI ARABIA
106577,UATP,CREDIT,UATP,SAUDI ARABIAN AIRLINES (SV),,,SA,SAU,SAUDI ARABIA
106578,UATP,CREDIT,UATP,SAUDI ARABIAN AIRLINES (SV),,,SA,SAU,SAUDI ARABIA
106579,UATP,CREDIT,UATP,SAUDI ARABIAN AIRLINES (SV),,,SA,SAU,SAUDI ARABIA
106580,UATP,CREDIT,UATP,SAUDI ARABIAN AIRLINES (SV),,,SA,SAU,SAUDI ARABIA
106581,UATP,CREDIT,UATP,SAUDI ARABIAN AIRLINES (SV),,,SA,SAU,SAUDI ARABIA
106582,UATP,CREDIT,UATP,SAUDI ARABIAN AIRLINES (SV),,,SA,SAU,SAUDI ARABIA
106583,UATP,CREDIT,UATP,SAUDI ARABIAN AIRLINES (SV),,,SA,SAU,SAUDI ARABIA
106584,UATP,CREDIT,UATP,SAUDI ARABIAN AIRLINES (SV),,,SA,SAU,SAUDI ARABIA
106585,UATP,CREDIT,UATP,SAUDI ARABIAN AIRLINES (SV),,,SA,SAU,SAUDI ARABIA
106586,UATP,CREDIT,UATP,SAUDI ARABIAN AIRLINES (SV),,,SA,SAU,SAUDI ARABIA
106587,UATP,CREDIT,UATP,SAUDI ARABIAN AIRLINES (SV),,,SA,SAU,SAUDI ARABIA
106588,UATP,CREDIT,UATP,SAUDI ARABIAN AIRLINES (SV),,,SA,SAU,SAUDI ARABIA
106589,UATP,CREDIT,UATP,SAUDI ARABIAN AIRLINES (SV),,,SA,SAU,SAUDI ARABIA
106590,UATP,CREDIT,UATP,SAUDI ARABIAN AIRLINES (SV),,,SA,SAU,SAUDI ARABIA
106591,UATP,CREDIT,UATP,SAUDI ARABIAN AIRLINES (SV),,,SA,SAU,SAUDI ARABIA
106592,UATP,CREDIT,UATP,SAUDI ARABIAN AIRLINES (SV),,,SA,SAU,SAUDI ARABIA
106593,UATP,CREDIT,UATP,SAUDI ARABIAN AIRLINES (SV),,,SA,SAU,SAUDI ARABIA
106594,UATP,CREDIT,UATP,SAUDI ARABIAN AIRLINES (SV),,,SA,SAU,SAUDI ARABIA
106595,UATP,CREDIT,UATP,SAUDI ARABIAN AIRLINES (SV),,,SA,SAU,SAUDI ARABIA
106596,UATP,CREDIT,UATP,SAUDI ARABIAN AIRLINES (SV),,,SA,SAU,SAUDI ARABIA
106597,UATP,CREDIT,UATP,SAUDI ARABIAN AIRLINES (SV),,,SA,SAU,SAUDI ARABIA
106598,UATP,CREDIT,UATP,SAUDI ARABIAN AIRLINES (SV),,,SA,SAU,SAUDI ARABIA
106599,UATP,CREDIT,UATP,SAUDI ARABIAN AIRLINES (SV),,,SA,SAU,SAUDI ARABIA
111400,UATP,CREDIT,UATP,EL AL ISRAELI AIRLINES (LY),,,IL,ISR,ISRAEL
111401,UATP,CREDIT,UATP,EL AL ISRAELI AIRLINES (LY),,,IL,ISR,ISRAEL
111402,UATP,CREDIT,UATP,EL AL ISRAELI AIRLINES (LY),,,IL,ISR,ISRAEL
111403,UATP,CREDIT,UATP,EL AL ISRAELI AIRLINES (LY),,,IL,ISR,ISRAEL
111404,UATP,CREDIT,UATP,EL AL ISRAELI AIRLINES (LY),,,IL,ISR,ISRAEL
111405,UATP,CREDIT,UATP,EL AL ISRAELI AIRLINES (LY),,,IL,ISR,ISRAEL
111406,UATP,CREDIT,UATP,EL AL ISRAELI AIRLINES (LY),,,IL,ISR,ISRAEL
111407,UATP,CREDIT,UATP,EL AL ISRAELI AIRLINES (LY),,,IL,ISR,ISRAEL
111408,UATP,CREDIT,UATP,EL AL ISRAELI AIRLINES (LY),,,IL,ISR,ISRAEL
111409,UATP,CREDIT,UATP,EL AL ISRAELI AIRLINES (LY),,,IL,ISR,ISRAEL
111410,UATP,CREDIT,UATP,EL AL ISRAELI AIRLINES (LY),,,IL,ISR,ISRAEL
111411,UATP,CREDIT,UATP,EL AL ISRAELI AIRLINES (LY),,,IL,ISR,ISRAEL
111412,UATP,CREDIT,UATP,EL AL ISRAELI AIRLINES (LY),,,IL,ISR,ISRAEL
111413,UATP,CREDIT,UATP,EL AL ISRAELI AIRLINES (LY),,,IL,ISR,ISRAEL
111414,UATP,CREDIT,UATP,EL AL ISRAELI AIRLINES (LY),,,IL,ISR,ISRAEL
111415,UATP,CREDIT,UATP,EL AL ISRAELI AIRLINES (LY),,,IL,ISR,ISRAEL
111416,UATP,CREDIT,UATP,EL AL ISRAELI AIRLINES (LY),,,IL,ISR,ISRAEL
111417,UATP,CREDIT,UATP,EL AL ISRAELI AIRLINES (LY),,,IL,ISR,ISRAEL
111418,UATP,CREDIT,UATP,EL AL ISRAELI AIRLINES (LY),,,IL,ISR,ISRAEL
111419,UATP,CREDIT,UATP,EL AL ISRAELI AIRLINES (LY),,,IL,ISR,ISRAEL
111420,UATP,CREDIT,UATP,EL AL ISRAELI AIRLINES (LY),,,IL,ISR,ISRAEL
111421,UATP,CREDIT,UATP,EL AL ISRAELI AIRLINES (LY),,,IL,ISR,ISRAEL
111422,UATP,CREDIT,UATP,EL AL ISRAELI AIRLINES (LY),,,IL,ISR,ISRAEL
111423,UATP,CREDIT,UATP,EL AL ISRAELI AIRLINES (LY),,,IL,ISR,ISRAEL
111424,UATP,CREDIT,UATP,EL AL ISRAELI AIRLINES (LY),,,IL,ISR,ISRAEL
111425,UATP,CREDIT,UATP,EL AL ISRAELI AIRLINES (LY),,,IL,ISR,ISRAEL
111426,UATP,CREDIT,UATP,EL AL ISRAELI AIRLINES (LY),,,IL,ISR,ISRAEL
111427,UATP,CREDIT,UATP,EL AL ISRAELI AIRLINES (LY),,,IL,ISR,ISRAEL
111428,UATP,CREDIT,UATP,EL AL ISRAELI AIRLINES (LY),,,IL,ISR,ISRAEL
111429,UATP,CREDIT,UATP,EL AL ISRAELI AIRLINES (LY),,,IL,ISR,ISRAEL
111430,UATP,CREDIT,UATP,EL AL ISRAELI AIRLINES (LY),,,IL,ISR,ISRAEL
111431,UATP,CREDIT,UATP,EL AL ISRAELI AIRLINES (LY),,,IL,ISR,ISRAEL
111432,UATP,CREDIT,UATP,EL AL ISRAELI AIRLINES (LY),,,IL,ISR,ISRAEL
111433,UATP,CREDIT,UATP,EL AL ISRAELI AIRLINES (LY),,,IL,ISR,ISRAEL
111434,UATP,CREDIT,UATP,EL AL ISRAELI AIRLINES (LY),,,IL,ISR,ISRAEL
111435,UATP,CREDIT,UATP,EL AL ISRAELI AIRLINES (LY),,,IL,ISR,ISRAEL
111436,UATP,CREDIT,UATP,EL AL ISRAELI AIRLINES (LY),,,IL,ISR,ISRAEL
111437,UATP,CREDIT,UATP,EL AL ISRAELI AIRLINES (LY),,,IL,ISR,ISRAEL
111438,UATP,CREDIT,UATP,EL AL ISRAELI AIRLINES (LY),,,IL,ISR,ISRAEL
111439,UATP,CREDIT,UATP,EL AL ISRAELI AIRLINES (LY),,,IL,ISR,ISRAEL
111440,UATP,CREDIT,UATP,EL AL ISRAELI AIRLINES (LY),,,IL,ISR,ISRAEL
111441,UATP,CREDIT,UATP,EL AL ISRAELI AIRLINES (LY),,,IL,ISR,ISRAEL
111442,UATP,CREDIT,UATP,EL AL ISRAELI AIRLINES (LY),,,IL,ISR,ISRAEL
111443,UATP,CREDIT,UATP,EL AL ISRAELI AIRLINES (LY),,,IL,ISR,ISRAEL
111444,UATP,CREDIT,UATP,EL AL ISRAELI AIRLINES (LY),,,IL,ISR,ISRAEL
111445,UATP,CREDIT,UATP,EL AL ISRAELI AIRLINES (LY),,,IL,ISR,ISRAEL
111446,UATP,CREDIT,UATP,EL AL ISRAELI AIRLINES (LY),,,IL,ISR,ISRAEL
111447,UATP,CREDIT,UATP,EL AL ISRAELI AIRLINES (LY),,,IL,ISR,ISRAEL
111448,UATP,CREDIT,UATP,EL AL ISRAELI AIRLINES (LY),,,IL,ISR,ISRAEL
111449,UATP,CREDIT,UATP,EL AL ISRAELI AIRLINES (LY),,,IL,ISR,ISRAEL
111450,UATP,CREDIT,UATP,EL AL ISRAELI AIRLINES (LY),,,IL,ISR,ISRAEL
111451,UATP,CREDIT,UATP,EL AL ISRAELI AIRLINES (LY),,,IL,ISR,ISRAEL
111452,UATP,CREDIT,UATP,EL AL ISRAELI AIRLINES (LY),,,IL,ISR,ISRAEL
111453,UATP,CREDIT,UATP,EL AL ISRAELI AIRLINES (LY),,,IL,ISR,ISRAEL
111454,UATP,CREDIT,UATP,EL AL ISRAELI AIRLINES (LY),,,IL,ISR,ISRAEL
111455,UATP,CREDIT,UATP,EL AL ISRAELI AIRLINES (LY),,,IL,ISR,ISRAEL
111456,UATP,CREDIT,UATP,EL AL ISRAELI AIRLINES (LY),,,IL,ISR,ISRAEL
111457,UATP,CREDIT,UATP,EL AL ISRAELI AIRLINES (LY),,,IL,ISR,ISRAEL
111458,UATP,CREDIT,UATP,EL AL ISRAELI AIRLINES (LY),,,IL,ISR,ISRAEL
111459,UATP,CREDIT,UATP,EL AL ISRAELI AIRLINES (LY),,,IL,ISR,ISRAEL
111460,UATP,CREDIT,UATP,EL AL ISRAELI AIRLINES (LY),,,IL,ISR,ISRAEL
111461,UATP,CREDIT,UATP,EL AL ISRAELI AIRLINES (LY),,,IL,ISR,ISRAEL
111462,UATP,CREDIT,UATP,EL AL ISRAELI AIRLINES (LY),,,IL,ISR,ISRAEL
111463,UATP,CREDIT,UATP,EL AL ISRAELI AIRLINES (LY),,,IL,ISR,ISRAEL
111464,UATP,CREDIT,UATP,EL AL ISRAELI AIRLINES (LY),,,IL,ISR,ISRAEL
111465,UATP,CREDIT,UATP,EL AL ISRAELI AIRLINES (LY),,,IL,ISR,ISRAEL
111466,UATP,CREDIT,UATP,EL AL ISRAELI AIRLINES (LY),,,IL,ISR,ISRAEL
111467,UATP,CREDIT,UATP,EL AL ISRAELI AIRLINES (LY),,,IL,ISR,ISRAEL
111468,UATP,CREDIT,UATP,EL AL ISRAELI AIRLINES (LY),,,IL,ISR,ISRAEL
111469,UATP,CREDIT,UATP,EL AL ISRAELI AIRLINES (LY),,,IL,ISR,ISRAEL
111470,UATP,CREDIT,UATP,EL AL ISRAELI AIRLINES (LY),,,IL,ISR,ISRAEL
111471,UATP,CREDIT,UATP,EL AL ISRAELI AIRLINES (LY),,,IL,ISR,ISRAEL
111472,UATP,CREDIT,UATP,EL AL ISRAELI AIRLINES (LY),,,IL,ISR,ISRAEL
111473,UATP,CREDIT,UATP,EL AL ISRAELI AIRLINES (LY),,,IL,ISR,ISRAEL
111474,UATP,CREDIT,UATP,EL AL ISRAELI AIRLINES (LY),,,IL,ISR,ISRAEL
111475,UATP,CREDIT,UATP,EL AL ISRAELI AIRLINES (LY),,,IL,ISR,ISRAEL
111476,UATP,CREDIT,UATP,EL AL ISRAELI AIRLINES (LY),,,IL,ISR,ISRAEL
111477,UATP,CREDIT,UATP,EL AL ISRAELI AIRLINES (LY),,,IL,ISR,ISRAEL
111478,UATP,CREDIT,UATP,EL AL ISRAELI AIRLINES (LY),,,IL,ISR,ISRAEL
111479,UATP,CREDIT,UATP,EL AL ISRAELI AIRLINES (LY),,,IL,ISR,ISRAEL
111480,UATP,CREDIT,UATP,EL AL ISRAELI AIRLINES (LY),,,IL,ISR,ISRAEL
111481,UATP,CREDIT,UATP,EL AL ISRAELI AIRLINES (LY),,,IL,ISR,ISRAEL
111482,UATP,CREDIT,UATP,EL AL ISRAELI AIRLINES (LY),,,IL,ISR,ISRAEL
111483,UATP,CREDIT,UATP,EL AL ISRAELI AIRLINES (LY),,,IL,ISR,ISRAEL
111484,UATP,CREDIT,UATP,EL AL ISRAELI AIRLINES (LY),,,IL,ISR,ISRAEL
111485,UATP,CREDIT,UATP,EL AL ISRAELI AIRLINES (LY),,,IL,ISR,ISRAEL
111486,UATP,CREDIT,UATP,EL AL ISRAELI AIRLINES (LY),,,IL,ISR,ISRAEL
111487,UATP,CREDIT,UATP,EL AL ISRAELI AIRLINES (LY),,,IL,ISR,ISRAEL
111488,UATP,CREDIT,UATP,EL AL ISRAELI AIRLINES (LY),,,IL,ISR,ISRAEL
111489,UATP,CREDIT,UATP,EL AL ISRAELI AIRLINES (LY),,,IL,ISR,ISRAEL
111490,UATP,CREDIT,UATP,EL AL ISRAELI AIRLINES (LY),,,IL,ISR,ISRAEL
111491,UATP,CREDIT,UATP,EL AL ISRAELI AIRLINES (LY),,,IL,ISR,ISRAEL
111492,UATP,CREDIT,UATP,EL AL ISRAELI AIRLINES (LY),,,IL,ISR,ISRAEL
111493,UATP,CREDIT,UATP,EL AL ISRAELI AIRLINES (LY),,,IL,ISR,ISRAEL
111494,UATP,CREDIT,UATP,EL AL ISRAELI AIRLINES (LY),,,IL,ISR,ISRAEL
111495,UATP,CREDIT,UATP,EL AL ISRAELI AIRLINES (LY),,,IL,ISR,ISRAEL
111496,UATP,CREDIT,UATP,EL AL ISRAELI AIRLINES (LY),,,IL,ISR,ISRAEL
111497,UATP,CREDIT,UATP,EL AL ISRAELI AIRLINES (LY),,,IL,ISR,ISRAEL
111498,UATP,CREDIT,UATP,EL AL ISRAELI AIRLINES (LY),,,IL,ISR,ISRAEL
111499,UATP,CREDIT,UATP,EL AL ISRAELI AIRLINES (LY),,,IL,ISR,ISRAEL
115700,UATP,CREDIT,UATP,QATAR AIRWAYS (QR),,,QA,QAT,QATAR
115701,UATP,CREDIT,UATP,QATAR AIRWAYS (QR),,,QA,QAT,QATAR
115702,UATP,CREDIT,UATP,QATAR AIRWAYS (QR),,,QA,QAT,QATAR
115703,UATP,CREDIT,UATP,QATAR AIRWAYS (QR),,,QA,QAT,QATAR
115704,UATP,CREDIT,UATP,QATAR AIRWAYS (QR),,,QA,QAT,QATAR
115705,UATP,CREDIT,UATP,QATAR AIRWAYS (QR),,,QA,QAT,QATAR
115706,UATP,CREDIT,UATP,QATAR AIRWAYS (QR),,,QA,QAT,QATAR
115707,UATP,CREDIT,UATP,QATAR AIRWAYS (QR),,,QA,QAT,QATAR
115708,UATP,CREDIT,UATP,QATAR AIRWAYS (QR),,,QA,QAT,QATAR
115709,UATP,CREDIT,UATP,QATAR AIRWAYS (QR),,,QA,QAT,QATAR
115710,UATP,CREDIT,UATP,QATAR AIRWAYS (QR),,,QA,QAT,QATAR
115711,UATP,CREDIT,UATP,QATAR AIRWAYS (QR),,,QA,QAT,QATAR
115712,UATP,CREDIT,UATP,QATAR AIRWAYS (QR),,,QA,QAT,QATAR
115713,UATP,CREDIT,UATP,QATAR AIRWAYS (QR),,,QA,QAT,QATAR
115714,UATP,CREDIT,UATP,QATAR AIRWAYS (QR),,,QA,QAT,QATAR
115715,UATP,CREDIT,UATP,QATAR AIRWAYS (QR),,,QA,QAT,QATAR
115716,UATP,CREDIT,UATP,QATAR AIRWAYS (QR),,,QA,QAT,QATAR
115717,UATP,CREDIT,UATP,QATAR AIRWAYS (QR),,,QA,QAT,QATAR
115718,UATP,CREDIT,UATP,QATAR AIRWAYS (QR),,,QA,QAT,QATAR
115719,UATP,CREDIT,UATP,QATAR AIRWAYS (QR),,,QA,QAT,QATAR
115720,UATP,CREDIT,UATP,QATAR AIRWAYS (QR),,,QA,QAT,QATAR
115721,UATP,CREDIT,UATP,QATAR AIRWAYS (QR),,,QA,QAT,QATAR
115722,UATP,CREDIT,UATP,QATAR AIRWAYS (QR),,,QA,QAT,QATAR
115723,UATP,CREDIT,UATP,QATAR AIRWAYS (QR),,,QA,QAT,QATAR
115724,UATP,CREDIT,UATP,QATAR AIRWAYS (QR),,,QA,QAT,QATAR
115725,UATP,CREDIT,UATP,QATAR AIRWAYS (QR),,,QA,QAT,QATAR
115726,UATP,CREDIT,UATP,QATAR AIRWAYS (QR),,,QA,QAT,QATAR
115727,UATP,CREDIT,UATP,QATAR AIRWAYS (QR),,,QA,QAT,QATAR
115728,UATP,CREDIT,UATP,QATAR AIRWAYS (QR),,,QA,QAT,QATAR
115729,UATP,CREDIT,UATP,QATAR AIRWAYS (QR),,,QA,QAT,QATAR
115730,UATP,CREDIT,UATP,QATAR AIRWAYS (QR),,,QA,QAT,QATAR
115731,UATP,CREDIT,UATP,QATAR AIRWAYS (QR),,,QA,QAT,QATAR
115732,UATP,CREDIT,UATP,QATAR AIRWAYS (QR),,,QA,QAT,QATAR
115733,UATP,CREDIT,UATP,QATAR AIRWAYS (QR),,,QA,QAT,QATAR
115734,UATP,CREDIT,UATP,QATAR AIRWAYS (QR),,,QA,QAT,QATAR
115735,UATP,CREDIT,UATP,QATAR AIRWAYS (QR),,,QA,QAT,QATAR
115736,UATP,CREDIT,UATP,QATAR AIRWAYS (QR),,,QA,QAT,QATAR
115737,UATP,CREDIT,UATP,QATAR AIRWAYS (QR),,,QA,QAT,QATAR
115738,UATP,CREDIT,UATP,QATAR AIRWAYS (QR),,,QA,QAT,QATAR
115739,UATP,CREDIT,UATP,QATAR AIRWAYS (QR),,,QA,QAT,QATAR
115740,UATP,CREDIT,UATP,QATAR AIRWAYS (QR),,,QA,QAT,QATAR
115741,UATP,CREDIT,UATP,QATAR AIRWAYS (QR),,,QA,QAT,QATAR
115742,UATP,CREDIT,UATP,QATAR AIRWAYS (QR),,,QA,QAT,QATAR
115743,UATP,CREDIT,UATP,QATAR AIRWAYS (QR),,,QA,QAT,QATAR
115744,UATP,CREDIT,UATP,QATAR AIRWAYS (QR),,,QA,QAT,QATAR
115745,UATP,CREDIT,UATP,QATAR AIRWAYS (QR),,,QA,QAT,QATAR
115746,UATP,CREDIT,UATP,QATAR AIRWAYS (QR),,,QA,QAT,QATAR
115747,UATP,CREDIT,UATP,QATAR AIRWAYS (QR),,,QA,QAT,QATAR
115748,UATP,CREDIT,UATP,QATAR AIRWAYS (QR),,,QA,QAT,QATAR
115749,UATP,CREDIT,UATP,QATAR AIRWAYS (QR),,,QA,QAT,QATAR
115750,UATP,CREDIT,UATP,QATAR AIRWAYS (QR),,,QA,QAT,QATAR
115751,UATP,CREDIT,UATP,QATAR AIRWAYS (QR),,,QA,QAT,QATAR
115752,UATP,CREDIT,UATP,QATAR AIRWAYS (QR),,,QA,QAT,QATAR
115753,UATP,CREDIT,UATP,QATAR AIRWAYS (QR),,,QA,QAT,QATAR
115754,UATP,CREDIT,UATP,QATAR AIRWAYS (QR),,,QA,QAT,QATAR
115755,UATP,CREDIT,UATP,QATAR AIRWAYS (QR),,,QA,QAT,QATAR
115756,UATP,CREDIT,UATP,QATAR AIRWAYS (QR),,,QA,QAT,QATAR
115757,UATP,CREDIT,UATP,QATAR AIRWAYS (QR),,,QA,QAT,QATAR
115758,UATP,CREDIT,UATP,QATAR AIRWAYS (QR),,,QA,QAT,QATAR
115759,UATP,CREDIT,UATP,QATAR AIRWAYS (QR),,,QA,QAT,QATAR
115760,UATP,CREDIT,UATP,QATAR AIRWAYS (QR),,,QA,QAT,QATAR
115761,UATP,CREDIT,UATP,QATAR AIRWAYS (QR),,,QA,QAT,QATAR
115762,UATP,CREDIT,UATP,QATAR AIRWAYS (QR),,,QA,QAT,QATAR
115763,UATP,CREDIT,UATP,QATAR AIRWAYS (QR),,,QA,QAT,QATAR
115764,UATP,CREDIT,UATP,QATAR AIRWAYS (QR),,,QA,QAT,QATAR
115765,UATP,CREDIT,UATP,QATAR AIRWAYS (QR),,,QA,QAT,QATAR
115766,UATP,CREDIT,UATP,QATAR AIRWAYS (QR),,,QA,QAT,QATAR
115767,UATP,CREDIT,UATP,QATAR AIRWAYS (QR),,,QA,QAT,QATAR
115768,UATP,CREDIT,UATP,QATAR AIRWAYS (QR),,,QA,QAT,QATAR
115769,UATP,CREDIT,UATP,QATAR AIRWAYS (QR),,,QA,QAT,QATAR
115770,UATP,CREDIT,UATP,QATAR AIRWAYS (QR),,,QA,QAT,QATAR
115771,UATP,CREDIT,UATP,QATAR AIRWAYS (QR),,,QA,QAT,QATAR
115772,UATP,CREDIT,UATP,QATAR AIRWAYS (QR),,,QA,QAT,QATAR
115773,UATP,CREDIT,UATP,QATAR AIRWAYS (QR),,,QA,QAT,QATAR
115774,UATP,CREDIT,UATP,QATAR AIRWAYS (QR),,,QA,QAT,QATAR
115775,UATP,CREDIT,UATP,QATAR AIRWAYS (QR),,,QA,QAT,QATAR
115776,UATP,CREDIT,UATP,QATAR AIRWAYS (QR),,,QA,QAT,QATAR
115777,UATP,CREDIT,UATP,QATAR AIRWAYS (QR),,,QA,QAT,QATAR
115778,UATP,CREDIT,UATP,QATAR AIRWAYS (QR),,,QA,QAT,QATAR
115779,UATP,CREDIT,UATP,QATAR AIRWAYS (QR),,,QA,QAT,QATAR
115780,UATP,CREDIT,UATP,QATAR AIRWAYS (QR),,,QA,QAT,QATAR
115781,UATP,CREDIT,UATP,QATAR AIRWAYS (QR),,,QA,QAT,QATAR
115782,UATP,CREDIT,UATP,QATAR AIRWAYS (QR),,,QA,QAT,QATAR
115783,UATP,CREDIT,UATP,QATAR AIRWAYS (QR),,,QA,QAT,QATAR
115784,UATP,CREDIT,UATP,QATAR AIRWAYS (QR),,,QA,QAT,QATAR
115785,UATP,CREDIT,UATP,QATAR AIRWAYS (QR),,,QA,QAT,QATAR
115786,UATP,CREDIT,UATP,QATAR AIRWAYS (QR),,,QA,QAT,QATAR
115787,UATP,CREDIT,UATP,QATAR AIRWAYS (QR),,,QA,QAT,QATAR
115788,UATP,CREDIT,UATP,QATAR AIRWAYS (QR),,,QA,QAT,QATAR
115789,UATP,CREDIT,UATP,QATAR AIRWAYS (QR),,,QA,QAT,QATAR
115790,UATP,CREDIT,UATP,QATAR AIRWAYS (QR),,,QA,QAT,QATAR
115791,UATP,CREDIT,UATP,QATAR AIRWAYS (QR),,,QA,QAT,QATAR
115792,UATP,CREDIT,UATP,QATAR AIRWAYS (QR),,,QA,QAT,QATAR
115793,UATP,CREDIT,UATP,QATAR AIRWAYS (QR),,,QA,QAT,QATAR
115794,UATP,CREDIT,UATP,QATAR AIRWAYS (QR),,,QA,QAT,QATAR
115795,UATP,CREDIT,UATP,QATAR AIRWAYS (QR),,,QA,QAT,QATAR
115796,UATP,CREDIT,UATP,QATAR AIRWAYS (QR),,,QA,QAT,QATAR
115797,UATP,CREDIT,UATP,QATAR AIRWAYS (QR),,,QA,QAT,QATAR
115798,UATP,CREDIT,UATP,QATAR AIRWAYS (QR),,,QA,QAT,QATAR
115799,UATP,CREDIT,UATP,QATAR AIRWAYS (QR),,,QA,QAT,QATAR
160700,UATP,CREDIT,UATP,ETIHAD AIRWAYS (EY),,,AE,ARE,UNITED ARAB EMIRATES
160701,UATP,CREDIT,UATP,ETIHAD AIRWAYS (EY),,,AE,ARE,UNITED ARAB EMIRATES
160702,UATP,CREDIT,UATP,ETIHAD AIRWAYS (EY),,,AE,ARE,UNITED ARAB EMIRATES
160703,UATP,CREDIT,UATP,ETIHAD AIRWAYS (EY),,,AE,ARE,UNITED ARAB EMIRATES
160704,UATP,CREDIT,UATP,ETIHAD AIRWAYS (EY),,,AE,ARE,UNITED ARAB EMIRATES
160705,UATP,CREDIT,UATP,ETIHAD AIRWAYS (EY),,,AE,ARE,UNITED ARAB EMIRATES
160706,UATP,CREDIT,UATP,ETIHAD AIRWAYS (EY),,,AE,ARE,UNITED ARAB EMIRATES
160707,UATP,CREDIT,UATP,ETIHAD AIRWAYS (EY),,,AE,ARE,UNITED ARAB EMIRATES
160708,UATP,CREDIT,UATP,ETIHAD AIRWAYS (EY),,,AE,ARE,UNITED ARAB EMIRATES
160709,UATP,CREDIT,UATP,ETIHAD AIRWAYS (EY),,,AE,ARE,UNITED ARAB EMIRATES
160710,UATP,CREDIT,UATP,ETIHAD AIRWAYS (EY),,,AE,ARE,UNITED ARAB EMIRATES
160711,UATP,CREDIT,UATP,ETIHAD AIRWAYS (EY),,,AE,ARE,UNITED ARAB EMIRATES
160712,UATP,CREDIT,UATP,ETIHAD AIRWAYS (EY),,,AE,ARE,UNITED ARAB EMIRATES
160713,UATP,CREDIT,UATP,ETIHAD AIRWAYS (EY),,,AE,ARE,UNITED ARAB EMIRATES
160714,UATP,CREDIT,UATP,ETIHAD AIRWAYS (EY),,,AE,ARE,UNITED ARAB EMIRATES
160715,UATP,CREDIT,UATP,ETIHAD AIRWAYS (EY),,,AE,ARE,UNITED ARAB EMIRATES
160716,UATP,CREDIT,UATP,ETIHAD AIRWAYS (EY),,,AE,ARE,UNITED ARAB EMIRATES
160717,UATP,CREDIT,UATP,ETIHAD AIRWAYS (EY),,,AE,ARE,UNITED ARAB EMIRATES
160718,UATP,CREDIT,UATP,ETIHAD AIRWAYS (EY),,,AE,ARE,UNITED ARAB EMIRATES
160719,UATP,CREDIT,UATP,ETIHAD AIRWAYS (EY),,,AE,ARE,UNITED ARAB EMIRATES
160720,UATP,CREDIT,UATP,ETIHAD AIRWAYS (EY),,,AE,ARE,UNITED ARAB EMIRATES
160721,UATP,CREDIT,UATP,ETIHAD AIRWAYS (EY),,,AE,ARE,UNITED ARAB EMIRATES
160722,UATP,CREDIT,UATP,ETIHAD AIRWAYS (EY),,,AE,ARE,UNITED ARAB EMIRATES
160723,UATP,CREDIT,UATP,ETIHAD AIRWAYS (EY),,,AE,ARE,UNITED ARAB EMIRATES
160724,UATP,CREDIT,UATP,ETIHAD AIRWAYS (EY),,,AE,ARE,UNITED ARAB EMIRATES
160725,UATP,CREDIT,UATP,ETIHAD AIRWAYS (EY),,,AE,ARE,UNITED ARAB EMIRATES
160726,UATP,CREDIT,UATP,ETIHAD AIRWAYS (EY),,,AE,ARE,UNITED ARAB EMIRATES
160727,UATP,CREDIT,UATP,ETIHAD AIRWAYS (EY),,,AE,ARE,UNITED ARAB EMIRATES
160728,UATP,CREDIT,UATP,ETIHAD AIRWAYS (EY),,,AE,ARE,UNITED ARAB EMIRATES
160729,UATP,CREDIT,UATP,ETIHAD AIRWAYS (EY),,,AE,ARE,UNITED ARAB EMIRATES
160730,UATP,CREDIT,UATP,ETIHAD AIRWAYS (EY),,,AE,ARE,UNITED ARAB EMIRATES
160731,UATP,CREDIT,UATP,ETIHAD AIRWAYS (EY),,,AE,ARE,UNITED ARAB EMIRATES
160732,UATP,CREDIT,UATP,ETIHAD AIRWAYS (EY),,,AE,ARE,UNITED ARAB EMIRATES
160733,UATP,CREDIT,UATP,ETIHAD AIRWAYS (EY),,,AE,ARE,UNITED ARAB EMIRATES
160734,UATP,CREDIT,UATP,ETIHAD AIRWAYS (EY),,,AE,ARE,UNITED ARAB EMIRATES
160735,UATP,CREDIT,UATP,ETIHAD AIRWAYS (EY),,,AE,ARE,UNITED ARAB EMIRATES
160736,UATP,CREDIT,UATP,ETIHAD AIRWAYS (EY),,,AE,ARE,UNITED ARAB EMIRATES
160737,UATP,CREDIT,UATP,ETIHAD AIRWAYS (EY),,,AE,ARE,UNITED ARAB EMIRATES
160738,UATP,CREDIT,UATP,ETIHAD AIRWAYS (EY),,,AE,ARE,UNITED ARAB EMIRATES
160739,UATP,CREDIT,UATP,ETIHAD AIRWAYS (EY),,,AE,ARE,UNITED ARAB EMIRATES
160740,UATP,CREDIT,UATP,ETIHAD AIRWAYS (EY),,,AE,ARE,UNITED ARAB EMIRATES
160741,UATP,CREDIT,UATP,ETIHAD AIRWAYS (EY),,,AE,ARE,UNITED ARAB EMIRATES
160742,UATP,CREDIT,UATP,ETIHAD AIRWAYS (EY),,,AE,ARE,UNITED ARAB EMIRATES
160743,UATP,CREDIT,UATP,ETIHAD AIRWAYS (EY),,,AE,ARE,UNITED ARAB EMIRATES
160744,UATP,CREDIT,UATP,ETIHAD AIRWAYS (EY),,,AE,ARE,UNITED ARAB EMIRATES
160745,UATP,CREDIT,UATP,ETIHAD AIRWAYS (EY),,,AE,ARE,UNITED ARAB EMIRATES
160746,UATP,CREDIT,UATP,ETIHAD AIRWAYS (EY),,,AE,ARE,UNITED ARAB EMIRATES
160747,UATP,CREDIT,UATP,ETIHAD AIRWAYS (EY),,,AE,ARE,UNITED ARAB EMIRATES
160748,UATP,CREDIT,UATP,ETIHAD AIRWAYS (EY),,,AE,ARE,UNITED ARAB EMIRATES
160749,UATP,CREDIT,UATP,ETIHAD AIRWAYS (EY),,,AE,ARE,UNITED ARAB EMIRATES
160750,UATP,CREDIT,UATP,ETIHAD AIRWAYS (EY),,,AE,ARE,UNITED ARAB EMIRATES
160751,UATP,CREDIT,UATP,ETIHAD AIRWAYS (EY),,,AE,ARE,UNITED ARAB EMIRATES
160752,UATP,CREDIT,UATP,ETIHAD AIRWAYS (EY),,,AE,ARE,UNITED ARAB EMIRATES
160753,UATP,CREDIT,UATP,ETIHAD AIRWAYS (EY),,,AE,ARE,UNITED ARAB EMIRATES
160754,UATP,CREDIT,UATP,ETIHAD AIRWAYS (EY),,,AE,ARE,UNITED ARAB EMIRATES
160755,UATP,CREDIT,UATP,ETIHAD AIRWAYS (EY),,,AE,ARE,UNITED ARAB EMIRATES
160756,UATP,CREDIT,UATP,ETIHAD AIRWAYS (EY),,,AE,ARE,UNITED ARAB EMIRATES
160757,UATP,CREDIT,UATP,ETIHAD AIRWAYS (EY),,,AE,ARE,UNITED ARAB EMIRATES
160758,UATP,CREDIT,UATP,ETIHAD AIRWAYS (EY),,,AE,ARE,UNITED ARAB EMIRATES
160759,UATP,CREDIT,UATP,ETIHAD AIRWAYS (EY),,,AE,ARE,UNITED ARAB EMIRATES
160760,UATP,CREDIT,UATP,ETIHAD AIRWAYS (EY),,,AE,ARE,UNITED ARAB EMIRATES
160761,UATP,CREDIT,UATP,ETIHAD AIRWAYS (EY),,,AE,ARE,UNITED ARAB EMIRATES
160762,UATP,CREDIT,UATP,ETIHAD AIRWAYS (EY),,,AE,ARE,UNITED ARAB EMIRATES
160763,UATP,CREDIT,UATP,ETIHAD AIRWAYS (EY),,,AE,ARE,UNITED ARAB EMIRATES
160764,UATP,CREDIT,UATP,ETIHAD AIRWAYS (EY),,,AE,ARE,UNITED ARAB EMIRATES
160765,UATP,CREDIT,UATP,ETIHAD AIRWAYS (EY),,,AE,ARE,UNITED ARAB EMIRATES
160766,UATP,CREDIT,UATP,ETIHAD AIRWAYS (EY),,,AE,ARE,UNITED ARAB EMIRATES
160767,UATP,CREDIT,UATP,ETIHAD AIRWAYS (EY),,,AE,ARE,UNITED ARAB EMIRATES
160768,UATP,CREDIT,UATP,ETIHAD AIRWAYS (EY),,,AE,ARE,UNITED ARAB EMIRATES
160769,UATP,CREDIT,UATP,ETIHAD AIRWAYS (EY),,,AE,ARE,UNITED ARAB EMIRATES
160770,UATP,CREDIT,UATP,ETIHAD AIRWAYS (EY),,,AE,ARE,UNITED ARAB EMIRATES
160771,UATP,CREDIT,UATP,ETIHAD AIRWAYS (EY),,,AE,ARE,UNITED ARAB EMIRATES
160772,UATP,CREDIT,UATP,ETIHAD AIRWAYS (EY),,,AE,ARE,UNITED ARAB EMIRATES
160773,UATP,CREDIT,UATP,ETIHAD AIRWAYS (EY),,,AE,ARE,UNITED ARAB EMIRATES
160774,UATP,CREDIT,UATP,ETIHAD AIRWAYS (EY),,,AE,ARE,UNITED ARAB EMIRATES
160775,UATP,CREDIT,UATP,ETIHAD AIRWAYS (EY),,,AE,ARE,UNITED ARAB EMIRATES
160776,UATP,CREDIT,UATP,ETIHAD AIRWAYS (EY),,,AE,ARE,UNITED ARAB EMIRATES
160777,UATP,CREDIT,UATP,ETIHAD AIRWAYS (EY),,,AE,ARE,UNITED ARAB EMIRATES
160778,UATP,CREDIT,UATP,ETIHAD AIRWAYS (EY),,,AE,ARE,UNITED ARAB EMIRATES
160779,UATP,CREDIT,UATP,ETIHAD AIRWAYS (EY),,,AE,ARE,UNITED ARAB EMIRATES
160780,UATP,CREDIT,UATP,ETIHAD AIRWAYS (EY),,,AE,ARE,UNITED ARAB EMIRATES
160781,UATP,CREDIT,UATP,ETIHAD AIRWAYS (EY),,,AE,ARE,UNITED ARAB EMIRATES
160782,UATP,CREDIT,UATP,ETIHAD AIRWAYS (EY),,,AE,ARE,UNITED ARAB EMIRATES
160783,UATP,CREDIT,UATP,ETIHAD AIRWAYS (EY),,,AE,ARE,UNITED ARAB EMIRATES
160784,UATP,CREDIT,UATP,ETIHAD AIRWAYS (EY),,,AE,ARE,UNITED ARAB EMIRATES
160785,UATP,CREDIT,UATP,ETIHAD AIRWAYS (EY),,,AE,ARE,UNITED ARAB EMIRATES
160786,UATP,CREDIT,UATP,ETIHAD AIRWAYS (EY),,,AE,ARE,UNITED ARAB EMIRATES
160787,UATP,CREDIT,UATP,ETIHAD AIRWAYS (EY),,,AE,ARE,UNITED ARAB EMIRATES
160788,UATP,CREDIT,UATP,ETIHAD AIRWAYS (EY),,,AE,ARE,UNITED ARAB EMIRATES
160789,UATP,CREDIT,UATP,ETIHAD AIRWAYS (EY),,,AE,ARE,UNITED ARAB EMIRATES
160790,UATP,CREDIT,UATP,ETIHAD AIRWAYS (EY),,,AE,ARE,UNITED ARAB EMIRATES
160791,UATP,CREDIT,UATP,ETIHAD AIRWAYS (EY),,,AE,ARE,UNITED ARAB EMIRATES
160792,UATP,CREDIT,UATP,ETIHAD AIRWAYS (EY),,,AE,ARE,UNITED ARAB EMIRATES
160793,UATP,CREDIT,UATP,ETIHAD AIRWAYS (EY),,,AE,ARE,UNITED ARAB EMIRATES
160794,UATP,CREDIT,UATP,ETIHAD AIRWAYS (EY),,,AE,ARE,UNITED ARAB EMIRATES
160795,UATP,CREDIT,UATP,ETIHAD AIRWAYS (EY),,,AE,ARE,UNITED ARAB EMIRATES
160796,UATP,CREDIT,UATP,ETIHAD AIRWAYS (EY),,,AE,ARE,UNITED ARAB EMIRATES
160797,UATP,CREDIT,UATP,ETIHAD AIRWAYS (EY),,,AE,ARE,UNITED ARAB EMIRATES
160798,UATP,CREDIT,UATP,ETIHAD AIRWAYS (EY),,,AE,ARE,UNITED ARAB EMIRATES
160799,UATP,CREDIT,UATP,ETIHAD AIRWAYS (EY),,,AE,ARE,UNITED ARAB EMIRATES
222698,MASTERCARD,DEBIT,PREPAID,"EGYPTIAN BANKS CO. FOR TECHNOLOGICAL ADVANCEMENT, S.A.E.",,,EG,EGY,EGYPT
222699,MASTERCARD,DEBIT,STANDARD,"EGYPTIAN BANKS CO. FOR TECHNOLOGICAL ADVANCEMENT, S.A.E.",,,EG,EGY,EGYPT
222702,MASTERCARD,DEBIT,PREPAID,FRANSABANK SAL,,,LB,LBN,LEBANON
222722,MASTERCARD,DEBIT,PREPAID,MASTERCARD - PROCESSING MEA,,,AE,ARE,UNITED ARAB EMIRATES
222723,MASTERCARD,DEBIT,PREPAID,MASTERCARD - PROCESSING MEA,,,AE,ARE,UNITED ARAB EMIRATES
222724,MASTERCARD,DEBIT,PREPAID,MASTERCARD - PROCESSING MEA,,,AE,ARE,UNITED ARAB EMIRATES
222725,MASTERCARD,DEBIT,PREPAID,MASTERCARD - PROCESSING MEA,,,AE,ARE,UNITED ARAB EMIRATES
222726,MASTERCARD,DEBIT,PREPAID,MASTERCARD - PROCESSING MEA,,,AE,ARE,UNITED ARAB EMIRATES
222728,MASTERCARD,DEBIT,PREPAID,MASTERCARD - PROCESSING MEA,,,AE,ARE,UNITED ARAB EMIRATES
222729,MASTERCARD,DEBIT,PREPAID,MASTERCARD - PROCESSING MEA,,,AE,ARE,UNITED ARAB EMIRATES
222730,MASTERCARD,DEBIT,PREPAID,MASTERCARD - PROCESSING MEA,,,AE,ARE,UNITED ARAB EMIRATES
222731,MASTERCARD,DEBIT,PREPAID,MASTERCARD - PROCESSING MEA,,,AE,ARE,UNITED ARAB EMIRATES
222732,MASTERCARD,DEBIT,PREPAID,MASTERCARD - PROCESSING MEA,,,AE,ARE,UNITED ARAB EMIRATES
222733,MASTERCARD,DEBIT,PREPAID,MASTERCARD - PROCESSING MEA,,,AE,ARE,UNITED ARAB EMIRATES
222734,MASTERCARD,DEBIT,PREPAID,MASTERCARD - PROCESSING MEA,,,AE,ARE,UNITED ARAB EMIRATES
222735,MASTERCARD,DEBIT,PREPAID,MASTERCARD - PROCESSING MEA,,,AE,ARE,UNITED ARAB EMIRATES
222736,MASTERCARD,DEBIT,PREPAID,MASTERCARD - PROCESSING MEA,,,AE,ARE,UNITED ARAB EMIRATES
222738,MASTERCARD,DEBIT,PREPAID,MASTERCARD - PROCESSING MEA,,,AE,ARE,UNITED ARAB EMIRATES
222739,MASTERCARD,DEBIT,PREPAID,MASTERCARD - PROCESSING MEA,,,AE,ARE,UNITED ARAB EMIRATES
222740,MASTERCARD,DEBIT,PREPAID,MASTERCARD - PROCESSING MEA,,,AE,ARE,UNITED ARAB EMIRATES
222748,MASTERCARD,DEBIT,PREPAID,MASTERCARD - PROCESSING MEA,,,AE,ARE,UNITED ARAB EMIRATES
222753,MASTERCARD,CREDIT,STANDARD,MASTERCARD - PROCESSING MEA,,,AE,ARE,UNITED ARAB EMIRATES
222759,MASTERCARD,CREDIT,STANDARD,MASTERCARD - PROCESSING MEA,,,QA,QAT,QATAR
222760,MASTERCARD,CREDIT,PLATINUM,AGRICULTURAL BANK EGYPT,,,EG,EGY,EGYPT
222761,MASTERCARD,CREDIT,STANDARD,MASTERCARD - PROCESSING MEA,,,EG,EGY,EGYPT
222762,MASTERCARD,CREDIT,STANDARD,MASTERCARD - PROCESSING MEA,,,SA,SAU,SAUDI ARABIA
222765,MASTERCARD,DEBIT,PREPAID,MASTERCARD - MIDDLE EAST/AFRICA REGION,,,EG,EGY,EGYPT
222782,MASTERCARD,DEBIT,,MASTERCARD - MIDDLE EAST/AFRICA REGION,,,EG,EGY,EGYPT
222783,MASTERCARD,DEBIT,,MASTERCARD - MIDDLE EAST/AFRICA REGION,,,EG,EGY,EGYPT
222784,MASTERCARD,DEBIT,,MASTERCARD - MIDDLE EAST/AFRICA REGION,,,EG,EGY,EGYPT
222785,MASTERCARD,DEBIT,,MASTERCARD - MIDDLE EAST/AFRICA REGION,,,EG,EGY,EGYPT
222786,MASTERCARD,DEBIT,,MASTERCARD - MIDDLE EAST/AFRICA REGION,,,EG,EGY,EGYPT
222789,MASTERCARD,DEBIT,,MASTERCARD - MIDDLE EAST/AFRICA REGION,,,EG,EGY,EGYPT
222790,MASTERCARD,DEBIT,,MASTERCARD - MIDDLE EAST/AFRICA REGION,,,EG,EGY,EGYPT
222791,MASTERCARD,DEBIT,,MASTERCARD - MIDDLE EAST/AFRICA REGION,,,EG,EGY,EGYPT
222792,MASTERCARD,DEBIT,,MASTERCARD - MIDDLE EAST/AFRICA REGION,,,EG,EGY,EGYPT
222793,MASTERCARD,DEBIT,,MASTERCARD - MIDDLE EAST/AFRICA REGION,,,EG,EGY,EGYPT
222794,MASTERCARD,DEBIT,,MASTERCARD - MIDDLE EAST/AFRICA REGION,,,EG,EGY,EGYPT
222795,MASTERCARD,DEBIT,,MASTERCARD - MIDDLE EAST/AFRICA REGION,,,EG,EGY,EGYPT
222796,MASTERCARD,DEBIT,,MASTERCARD - MIDDLE EAST/AFRICA REGION,,,EG,EGY,EGYPT
222798,MASTERCARD,DEBIT,,MASTERCARD - MIDDLE EAST/AFRICA REGION,,,EG,EGY,EGYPT
222799,MASTERCARD,DEBIT,,MASTERCARD - MIDDLE EAST/AFRICA REGION,,,EG,EGY,EGYPT
222800,MASTERCARD,DEBIT,,MASTERCARD - MIDDLE EAST/AFRICA REGION,,,EG,EGY,EGYPT
222801,MASTERCARD,DEBIT,,MASTERCARD - MIDDLE EAST/AFRICA REGION,,,EG,EGY,EGYPT
222802,MASTERCARD,DEBIT,,MASTERCARD - MIDDLE EAST/AFRICA REGION,,,EG,EGY,EGYPT
222804,MASTERCARD,DEBIT,,MASTERCARD - MIDDLE EAST/AFRICA REGION,,,EG,EGY,EGYPT
222805,MASTERCARD,DEBIT,,MASTERCARD - MIDDLE EAST/AFRICA REGION,,,EG,EGY,EGYPT
222807,MASTERCARD,DEBIT,PREPAID,MASTERCARD - MIDDLE EAST/AFRICA REGION,,,EG,EGY,EGYPT
222808,MASTERCARD,DEBIT,PREPAID,MASTERCARD - MIDDLE EAST/AFRICA REGION,,,EG,EGY,EGYPT
222809,MASTERCARD,DEBIT,PREPAID,MASTERCARD - MIDDLE EAST/AFRICA REGION,,,EG,EGY,EGYPT
222810,MASTERCARD,DEBIT,PREPAID,MASTERCARD - MIDDLE EAST/AFRICA REGION,,,EG,EGY,EGYPT
222811,MASTERCARD,DEBIT,PREPAID,MASTERCARD - MIDDLE EAST/AFRICA REGION,,,EG,EGY,EGYPT
222812,MASTERCARD,DEBIT,PREPAID,MASTERCARD - MIDDLE EAST/AFRICA REGION,,,EG,EGY,EGYPT
222813,MASTERCARD,DEBIT,PREPAID,MASTERCARD - MIDDLE EAST/AFRICA REGION,,,EG,EGY,EGYPT
222814,MASTERCARD,DEBIT,PREPAID,MASTERCARD - MIDDLE EAST/AFRICA REGION,,,EG,EGY,EGYPT
222815,MASTERCARD,DEBIT,PREPAID,MASTERCARD - MIDDLE EAST/AFRICA REGION,,,EG,EGY,EGYPT
222816,MASTERCARD,DEBIT,,MASTERCARD - MIDDLE EAST/AFRICA REGION,,,EG,EGY,EGYPT
222817,MASTERCARD,DEBIT,PREPAID,MASTERCARD - MIDDLE EAST/AFRICA REGION,,,EG,EGY,EGYPT
222818,MASTERCARD,DEBIT,,MASTERCARD - MIDDLE EAST/AFRICA REGION,,,EG,EGY,EGYPT
222820,MASTERCARD,DEBIT,,MASTERCARD - MIDDLE EAST/AFRICA REGION,,,EG,EGY,EGYPT
222821,MASTERCARD,DEBIT,,MASTERCARD - MIDDLE EAST/AFRICA REGION,,,EG,EGY,EGYPT
222822,MASTERCARD,DEBIT,,MASTERCARD - MIDDLE EAST/AFRICA REGION,,,EG,EGY,EGYPT
222823,MASTERCARD,DEBIT,PREPAID,MASTERCARD - MIDDLE EAST/AFRICA REGION,,,EG,EGY,EGYPT
222824,MASTERCARD,DEBIT,PREPAID,MASTERCARD - MIDDLE EAST/AFRICA REGION,,,EG,EGY,EGYPT
222825,MASTERCARD,DEBIT,PREPAID,MASTERCARD - MIDDLE EAST/AFRICA REGION,,,EG,EGY,EGYPT
222826,MASTERCARD,DEBIT,PREPAID,MASTERCARD - MIDDLE EAST/AFRICA REGION,,,EG,EGY,EGYPT
222827,MASTERCARD,DEBIT,PREPAID,MASTERCARD - MIDDLE EAST/AFRICA REGION,,,EG,EGY,EGYPT
222828,MASTERCARD,DEBIT,PREPAID,MASTERCARD - MIDDLE EAST/AFRICA REGION,,,EG,EGY,EGYPT
222829,MASTERCARD,DEBIT,PREPAID,MASTERCARD - MIDDLE EAST/AFRICA REGION,,,EG,EGY,EGYPT
222830,MASTERCARD,DEBIT,PREPAID,MASTERCARD - MIDDLE EAST/AFRICA REGION,,,EG,EGY,EGYPT
222831,MASTERCARD,DEBIT,PREPAID,MASTERCARD - MIDDLE EAST/AFRICA REGION,,,EG,EGY,EGYPT
222832,MASTERCARD,DEBIT,PREPAID,MASTERCARD - MIDDLE EAST/AFRICA REGION,,,EG,EGY,EGYPT
222833,MASTERCARD,DEBIT,PREPAID,MASTERCARD - MIDDLE EAST/AFRICA REGION,,,EG,EGY,EGYPT
222834,MASTERCARD,DEBIT,PREPAID,MASTERCARD - MIDDLE EAST/AFRICA REGION,,,EG,EGY,EGYPT
222835,MASTERCARD,DEBIT,PREPAID,MASTERCARD - MIDDLE EAST/AFRICA REGION,,,EG,EGY,EGYPT
222836,MASTERCARD,DEBIT,PREPAID,MASTERCARD - MIDDLE EAST/AFRICA REGION,,,EG,EGY,EGYPT
222999,MASTERCARD,CREDIT,WORLD ELITE,QATAR NATIONAL BANK,+97444622724,http://www.qnb.com.qa,QA,QAT,QATAR
223002,MASTERCARD,DEBIT,PREPAID,"SUEZ CANAL BANK, S.A.E.",,,EG,EGY,EGYPT
223003,MASTERCARD,DEBIT,PREPAID PLATINUM TRAVEL,NATIONAL BANK OF RAS AL-KHAIMAH (RAKBANK),,,AE,ARE,UNITED ARAB EMIRATES
223191,MASTERCARD,CREDIT,WORLD ELITE EXCLUSIVE,COMMERCIAL BANK INTERNATIONAL,+97142275265,http://www.cbiuae.com,AE,ARE,UNITED ARAB EMIRATES
223224,MASTERCARD,DEBIT,PREPAID,BANQUE DU CAIRE,+20222648410,http://www.bdc.com.eg,EG,EGY,EGYPT
223280,MASTERCARD,DEBIT,PREPAID,BANQUE MISR,+20223912150,http://www.banquemisr.com,EG,EGY,EGYPT
223359,MASTERCARD,CREDIT,PLATINUM,COMMERCIAL BANK OF QATAR Q.S.C,,,QA,QAT,QATAR
223371,MASTERCARD,DEBIT,STANDARD,TWEEQ INTERNATIONAL COMPANY,,,SA,SAU,SAUDI ARABIA
223379,MASTERCARD,DEBIT,PLATINUM FLEX,THE SAUDI NATIONAL BANK,,,SA,SAU,SAUDI ARABIA
223388,MASTERCARD,CREDIT,WORLD ELITE EXCLUSIVE,NATIONAL BANK OF BAHRAIN,,,BH,BHR,BAHRAIN
223398,MASTERCARD,CREDIT,INSTALLMENT PAYMENTS P,THE SAUDI NATIONAL BANK,,,SA,SAU,SAUDI ARABIA
223444,MASTERCARD,CREDIT,CORPORATE PURCHASING,NETWORK INTERNATIONAL LLC,,,AE,ARE,UNITED ARAB EMIRATES
223446,MASTERCARD,DEBIT,,COMMERCIAL BANK OF KUWAIT S.A.K.,,,KW,KWT,KUWAIT
223448,MASTERCARD,CREDIT,INSTALLMENTS PREMIUM,SAUDI AWWAL BANK,,,SA,SAU,SAUDI ARABIA
223463,MASTERCARD,DEBIT,STANDARD,RIYAD BANK,,http://www.riyadbank.com,SA,SAU,SAUDI ARABIA
223516,MASTERCARD,CREDIT,B2B,HSBC BANK MIDDLE EAST,+97142241000,http://www.hsbc.ae,AE,ARE,UNITED ARAB EMIRATES
223614,MASTERCARD,DEBIT,,NATIONAL BANK OF BAHRAIN,,,BH,BHR,BAHRAIN
223696,MASTERCARD,DEBIT,PREPAID WORLD,INFINIOS FINANCIAL SERVICES B.S.C. CLOSED,,,BH,BHR,BAHRAIN
224020,MASTERCARD,DEBIT,STANDARD,ARAB NATIONAL BANK,,,SA,SAU,SAUDI ARABIA
228822,MASTERCARD,CREDIT,PLATINUM,QATAR NATIONAL BANK,+97444622724,http://www.qnb.com.qa,QA,QAT,QATAR
228888,MASTERCARD,CREDIT,PLATINUM,QATAR NATIONAL BANK,+97444622724,http://www.qnb.com.qa,QA,QAT,QATAR
230343,MASTERCARD,CREDIT,MIXED BIN,NATIONAL BANK OF RAS AL-KHAIMAH (RAKBANK),,,AE,ARE,UNITED ARAB EMIRATES
230752,MASTERCARD,DEBIT,PREPAID,FIRST ABU DHABI BANK PJSC,+971600525500,https://www.bankfab.com,AE,ARE,UNITED ARAB EMIRATES
230754,MASTERCARD,DEBIT,GOLD,ABU DHABI ISLAMIC BANK,,http://www.adib.ae,EG,EGY,EGYPT
232120,MASTERCARD,CREDIT,WORLD ELITE,RIYAD BANK,,http://www.riyadbank.com,SA,SAU,SAUDI ARABIA
232520,MASTERCARD,CREDIT,WORLD,RIYAD BANK,,http://www.riyadbank.com,SA,SAU,SAUDI ARABIA
242030,MASTERCARD,DEBIT,STANDARD,TWEEQ INTERNATIONAL COMPANY,,,SA,SAU,SAUDI ARABIA
271797,MASTERCARD,DEBIT,PREPAID,QATAR NATIONAL BANK AL-AHLI S.A.E,,,EG,EGY,EGYPT
271832,MASTERCARD,DEBIT,PREPAID,BANQUE MISR,+20223912150,http://www.banquemisr.com,EG,EGY,EGYPT
271939,MASTERCARD,DEBIT,PREPAID,BANQUE MISR,+20223912150,http://www.banquemisr.com,EG,EGY,EGYPT
300030,DINERS CLUB INTERNATIONAL,CREDIT,STANDARD,,,,JO,JOR,JORDAN
300740,DINERS CLUB INTERNATIONAL,CREDIT,STANDARD,,,,PS,PSE,"PALESTINIAN TERRITORY, OCCUPIED"
301256,DINERS CLUB INTERNATIONAL,CREDIT,STANDARD,,,,QA,QAT,QATAR
301446,DINERS CLUB INTERNATIONAL,CREDIT,STANDARD,,,,EG,EGY,EGYPT
301680,DINERS CLUB INTERNATIONAL,CREDIT,STANDARD,,,,SY,SYR,SYRIAN ARAB REPUBLIC
302923,DINERS CLUB INTERNATIONAL,CREDIT,STANDARD,,,,EG,EGY,EGYPT
319597,DINERS CLUB INTERNATIONAL,CREDIT,,,,,EG,EGY,EGYPT
321564,DINERS CLUB INTERNATIONAL,CREDIT,,,,,EG,EGY,EGYPT
340011,AMERICAN EXPRESS,CREDIT,STANDARD,,,,EG,EGY,EGYPT
340030,AMERICAN EXPRESS,CREDIT,SMALL BUSINESS,AMERICAN EXPRESS SAUDI ARABIA,,,SA,SAU,SAUDI ARABIA
340031,AMERICAN EXPRESS,CREDIT,PERSONAL,AMERICAN EXPRESS SAUDI ARABIA,,,SA,SAU,SAUDI ARABIA
341000,AMERICAN EXPRESS,CREDIT,STANDARD,,,,EG,EGY,EGYPT
341100,AMERICAN EXPRESS,CREDIT,STANDARD,,,,EG,EGY,EGYPT
341400,AMERICAN EXPRESS,CREDIT,STANDARD,,,,EG,EGY,EGYPT
342100,AMERICAN EXPRESS,CREDIT,,,,,SY,SYR,SYRIAN ARAB REPUBLIC
342429,AMERICAN EXPRESS,CREDIT,STANDARD,,,,JO,JOR,JORDAN
343435,AMERICAN EXPRESS,CREDIT,STANDARD,,,,EG,EGY,EGYPT
344046,AMERICAN EXPRESS,CREDIT,STANDARD,,,,EG,EGY,EGYPT
346531,AMERICAN EXPRESS,CREDIT,STANDARD,,,,JO,JOR,JORDAN
347695,AMERICAN EXPRESS,CREDIT,STANDARD,,,,LB,LBN,LEBANON
348200,AMERICAN EXPRESS,CREDIT,,,,,SY,SYR,SYRIAN ARAB REPUBLIC
348433,AMERICAN EXPRESS,CREDIT,STANDARD,,,,EG,EGY,EGYPT
348573,AMERICAN EXPRESS,CREDIT,STANDARD,,,,EG,EGY,EGYPT
349135,AMERICAN EXPRESS,CREDIT,,,,,EG,EGY,EGYPT
349183,AMERICAN EXPRESS,CREDIT,STANDARD,,,,IL,ISR,ISRAEL
350010,PRIVATE LABEL,CREDIT,STANDARD,,,,IL,ISR,ISRAEL
351257,PRIVATE LABEL,CREDIT,,,,,EG,EGY,EGYPT
352717,PRIVATE LABEL,DEBIT,,,,,KW,KWT,KUWAIT
356076,JCB,CREDIT,GOLD,,,,LB,LBN,LEBANON
356461,JCB,CREDIT,STANDARD,,,,AE,ARE,UNITED ARAB EMIRATES
356462,JCB,CREDIT,STANDARD,,,,AE,ARE,UNITED ARAB EMIRATES
356463,JCB,CREDIT,BUSINESS,,,,AE,ARE,UNITED ARAB EMIRATES
356464,JCB,CREDIT,STANDARD,,,,BH,BHR,BAHRAIN
356465,JCB,CREDIT,BUSINESS,,,,BH,BHR,BAHRAIN
360042,DINERS CLUB INTERNATIONAL,CREDIT,BUSINESS,DC UAE,,,AE,ARE,UNITED ARAB EMIRATES
360086,DINERS CLUB INTERNATIONAL,CREDIT,STANDARD,,,,SA,SAU,SAUDI ARABIA
360098,DINERS CLUB INTERNATIONAL,CREDIT,STANDARD,,,,EG,EGY,EGYPT
360099,DINERS CLUB INTERNATIONAL,CREDIT,,,,,EG,EGY,EGYPT
360134,DINERS CLUB INTERNATIONAL,CREDIT,STANDARD,DC BAHRAIN,,,BH,BHR,BAHRAIN
360195,DINERS CLUB INTERNATIONAL,CREDIT,PERSONAL,DC QATAR,,,QA,QAT,QATAR
360797,DINERS CLUB INTERNATIONAL,CREDIT,PERSONAL,DC QATAR,,,QA,QAT,QATAR
360798,DINERS CLUB INTERNATIONAL,CREDIT,PERSONAL,DC QATAR,,,QA,QAT,QATAR
360799,DINERS CLUB INTERNATIONAL,CREDIT,PERSONAL,DC QATAR,,,QA,QAT,QATAR
360800,DINERS CLUB INTERNATIONAL,CREDIT,,DC UAE,,,AE,ARE,UNITED ARAB EMIRATES
361218,DINERS CLUB INTERNATIONAL,CREDIT,,,,,LB,LBN,LEBANON
361271,DINERS CLUB INTERNATIONAL,CREDIT,PERSONAL,DC ISRAEL,,,IL,ISR,ISRAEL
361272,DINERS CLUB INTERNATIONAL,CREDIT,PERSONAL,DC ISRAEL,,,IL,ISR,ISRAEL
361511,DINERS CLUB INTERNATIONAL,CREDIT,,DC UAE,,,AE,ARE,UNITED ARAB EMIRATES
361558,DINERS CLUB INTERNATIONAL,CREDIT,PERSONAL,DC UAE,,,AE,ARE,UNITED ARAB EMIRATES
361760,DINERS CLUB INTERNATIONAL,CREDIT,STANDARD,,,,EG,EGY,EGYPT
361761,DINERS CLUB INTERNATIONAL,CREDIT,STANDARD,,,,EG,EGY,EGYPT
361762,DINERS CLUB INTERNATIONAL,CREDIT,PERSONAL,DC EGYPT,,,EG,EGY,EGYPT
361885,DINERS CLUB INTERNATIONAL,CREDIT,PERSONAL,DC UAE,,,AE,ARE,UNITED ARAB EMIRATES
362051,DINERS CLUB INTERNATIONAL,CREDIT,PERSONAL,DC ISRAEL,,,IL,ISR,ISRAEL
362052,DINERS CLUB INTERNATIONAL,CREDIT,PERSONAL,DC ISRAEL,,,IL,ISR,ISRAEL
362053,DINERS CLUB INTERNATIONAL,CREDIT,PERSONAL,DC ISRAEL,,,IL,ISR,ISRAEL
362066,DINERS CLUB INTERNATIONAL,CREDIT,PERSONAL,DC ISRAEL,,,IL,ISR,ISRAEL
362067,DINERS CLUB INTERNATIONAL,CREDIT,PERSONAL,DC ISRAEL,,,IL,ISR,ISRAEL
362068,DINERS CLUB INTERNATIONAL,CREDIT,PERSONAL,DC ISRAEL,,,IL,ISR,ISRAEL
362345,DINERS CLUB INTERNATIONAL,CREDIT,PERSONAL,DC KUWAIT,,,KW,KWT,KUWAIT
362352,DINERS CLUB INTERNATIONAL,CREDIT,STANDARD,DC UAE,,,AE,ARE,UNITED ARAB EMIRATES
362607,DINERS CLUB INTERNATIONAL,CREDIT,,,,,LB,LBN,LEBANON
362800,DINERS CLUB INTERNATIONAL,CREDIT,PERSONAL,DC UAE,,,AE,ARE,UNITED ARAB EMIRATES
363352,DINERS CLUB INTERNATIONAL,CREDIT,PERSONAL,DC QATAR,,,QA,QAT,QATAR
363412,DINERS CLUB INTERNATIONAL,CREDIT,BUSINESS,,,,QA,QAT,QATAR
363468,DINERS CLUB INTERNATIONAL,CREDIT,BUSINESS,,,,LB,LBN,LEBANON
363493,DINERS CLUB INTERNATIONAL,CREDIT,STANDARD,DC EGYPT,,,EG,EGY,EGYPT
363520,DINERS CLUB INTERNATIONAL,CREDIT,STANDARD,,,,QA,QAT,QATAR
363549,DINERS CLUB INTERNATIONAL,CREDIT,BUSINESS,,,,EG,EGY,EGYPT
364053,DINERS CLUB INTERNATIONAL,CREDIT,STANDARD,,,,OM,OMN,OMAN
364094,DINERS CLUB INTERNATIONAL,CREDIT,PERSONAL,DC ISRAEL,,,IL,ISR,ISRAEL
364095,DINERS CLUB INTERNATIONAL,CREDIT,PERSONAL,DC ISRAEL,,,IL,ISR,ISRAEL
364096,DINERS CLUB INTERNATIONAL,CREDIT,PERSONAL,DC ISRAEL,,,IL,ISR,ISRAEL
364097,DINERS CLUB INTERNATIONAL,CREDIT,PERSONAL,DC ISRAEL,,,IL,ISR,ISRAEL
364098,DINERS CLUB INTERNATIONAL,CREDIT,PERSONAL,DC ISRAEL,,,IL,ISR,ISRAEL
364099,DINERS CLUB INTERNATIONAL,CREDIT,PERSONAL,DC ISRAEL,,,IL,ISR,ISRAEL
364205,DINERS CLUB INTERNATIONAL,CREDIT,PERSONAL,DC KUWAIT,,,KW,KWT,KUWAIT
364206,DINERS CLUB INTERNATIONAL,CREDIT,,,,,SA,SAU,SAUDI ARABIA
364209,DINERS CLUB INTERNATIONAL,CREDIT,,,,,SA,SAU,SAUDI ARABIA
364222,DINERS CLUB INTERNATIONAL,CREDIT,PERSONAL,DC UAE,,,AE,ARE,UNITED ARAB EMIRATES
364226,DINERS CLUB INTERNATIONAL,CREDIT,COMMERCIAL,,,,SA,SAU,SAUDI ARABIA
364227,DINERS CLUB INTERNATIONAL,CREDIT,COMMERCIAL,,,,SA,SAU,SAUDI ARABIA
364228,DINERS CLUB INTERNATIONAL,CREDIT,COMMERCIAL,,,,SA,SAU,SAUDI ARABIA
364269,DINERS CLUB INTERNATIONAL,CREDIT,PERSONAL,DC ISRAEL,,,IL,ISR,ISRAEL
364286,DINERS CLUB INTERNATIONAL,CREDIT,,,,,OM,OMN,OMAN
364289,DINERS CLUB INTERNATIONAL,CREDIT,PERSONAL,DC KUWAIT,,,KW,KWT,KUWAIT
364311,DINERS CLUB INTERNATIONAL,CREDIT,PERSONAL,DC QATAR,,,QA,QAT,QATAR
364318,DINERS CLUB INTERNATIONAL,CREDIT,PERSONAL,DC KUWAIT,,,KW,KWT,KUWAIT
364334,DINERS CLUB INTERNATIONAL,CREDIT,PERSONAL,DC ISRAEL,,,IL,ISR,ISRAEL
364370,DINERS CLUB INTERNATIONAL,CREDIT,PERSONAL,DC ISRAEL,,,IL,ISR,ISRAEL
364399,DINERS CLUB INTERNATIONAL,CREDIT,STANDARD,,,,OM,OMN,OMAN
364466,DINERS CLUB INTERNATIONAL,CREDIT,,,,,KW,KWT,KUWAIT
364490,DINERS CLUB INTERNATIONAL,CREDIT,,,,,LB,LBN,LEBANON
364492,DINERS CLUB INTERNATIONAL,CREDIT,,,,,JO,JOR,JORDAN
364598,DINERS CLUB INTERNATIONAL,CREDIT,STANDARD,,,,OM,OMN,OMAN
364599,DINERS CLUB INTERNATIONAL,CREDIT,,,,,OM,OMN,OMAN
364709,DINERS CLUB INTERNATIONAL,CREDIT,,,,,OM,OMN,OMAN
364726,DINERS CLUB INTERNATIONAL,CREDIT,STANDARD,DC BAHRAIN,,,BH,BHR,BAHRAIN
364872,DINERS CLUB INTERNATIONAL,CREDIT,,,,,OM,OMN,OMAN
364873,DINERS CLUB INTERNATIONAL,CREDIT,STANDARD,,,,OM,OMN,OMAN
364874,DINERS CLUB INTERNATIONAL,CREDIT,,,,,OM,OMN,OMAN
365118,DINERS CLUB INTERNATIONAL,CREDIT,STANDARD,,,,OM,OMN,OMAN
365119,DINERS CLUB INTERNATIONAL,CREDIT,,,,,OM,OMN,OMAN
365145,DINERS CLUB INTERNATIONAL,CREDIT,PERSONAL,DC ISRAEL,,,IL,ISR,ISRAEL
365146,DINERS CLUB INTERNATIONAL,CREDIT,PERSONAL,DC ISRAEL,,,IL,ISR,ISRAEL
365159,DINERS CLUB INTERNATIONAL,CREDIT,,,,,LB,LBN,LEBANON
365165,DINERS CLUB INTERNATIONAL,CREDIT,,,,,LB,LBN,LEBANON
365185,DINERS CLUB INTERNATIONAL,CREDIT,PERSONAL,DC ISRAEL,,,IL,ISR,ISRAEL
365186,DINERS CLUB INTERNATIONAL,CREDIT,PERSONAL,DC ISRAEL,,,IL,ISR,ISRAEL
365187,DINERS CLUB INTERNATIONAL,CREDIT,PERSONAL,DC ISRAEL,,,IL,ISR,ISRAEL
365220,DINERS CLUB INTERNATIONAL,CREDIT,,,,,LB,LBN,LEBANON
365221,DINERS CLUB INTERNATIONAL,CREDIT,STANDARD,,,,LB,LBN,LEBANON
365450,DINERS CLUB INTERNATIONAL,CREDIT,STANDARD,DC UAE,,,AE,ARE,UNITED ARAB EMIRATES
365451,DINERS CLUB INTERNATIONAL,CREDIT,,,,,SA,SAU,SAUDI ARABIA
365530,DINERS CLUB INTERNATIONAL,CREDIT,STANDARD,,,,LB,LBN,LEBANON
365531,DINERS CLUB INTERNATIONAL,CREDIT,,,,,LB,LBN,LEBANON
365532,DINERS CLUB INTERNATIONAL,CREDIT,STANDARD,,,,LB,LBN,LEBANON
365533,DINERS CLUB INTERNATIONAL,CREDIT,,,,,LB,LBN,LEBANON
365536,DINERS CLUB INTERNATIONAL,CREDIT,,,,,LB,LBN,LEBANON
365537,DINERS CLUB INTERNATIONAL,CREDIT,STANDARD,,,,LB,LBN,LEBANON
365560,DINERS CLUB INTERNATIONAL,CREDIT,PERSONAL,DC ISRAEL,,,IL,ISR,ISRAEL
365561,DINERS CLUB INTERNATIONAL,CREDIT,PERSONAL,DC ISRAEL,,,IL,ISR,ISRAEL
365562,DINERS CLUB INTERNATIONAL,CREDIT,PERSONAL,DC ISRAEL,,,IL,ISR,ISRAEL
365563,DINERS CLUB INTERNATIONAL,CREDIT,PERSONAL,DC ISRAEL,,,IL,ISR,ISRAEL
365564,DINERS CLUB INTERNATIONAL,CREDIT,PERSONAL,DC ISRAEL,,,IL,ISR,ISRAEL
365567,DINERS CLUB INTERNATIONAL,CREDIT,PERSONAL,DC ISRAEL,,,IL,ISR,ISRAEL
365569,DINERS CLUB INTERNATIONAL,CREDIT,PERSONAL,DC ISRAEL,,,IL,ISR,ISRAEL
365648,DINERS CLUB INTERNATIONAL,CREDIT,,,,,LB,LBN,LEBANON
365836,DINERS CLUB INTERNATIONAL,CREDIT,STANDARD,,,,KW,KWT,KUWAIT
367283,DINERS CLUB INTERNATIONAL,CREDIT,STANDARD,,,,PS,PSE,"PALESTINIAN TERRITORY, OCCUPIED"
367328,DINERS CLUB INTERNATIONAL,CREDIT,STANDARD,,,,EG,EGY,EGYPT
369369,DINERS CLUB INTERNATIONAL,CREDIT,STANDARD,,,,KW,KWT,KUWAIT
369848,DINERS CLUB INTERNATIONAL,CREDIT,STANDARD,,,,EG,EGY,EGYPT
370278,AMERICAN EXPRESS,CREDIT,CORPORATE,AEME REVOLVE,,,BH,BHR,BAHRAIN
370298,AMERICAN EXPRESS,CREDIT,CORPORATE,AMERICAN EXPRESS SAUDI ARABIA,,,SA,SAU,SAUDI ARABIA
370946,AMERICAN EXPRESS,CREDIT,,AMERICAN EXPRESS,,https://www.americanexpress.com,IL,ISR,ISRAEL
374311,AMERICAN EXPRESS,CREDIT,CORPORATE,AMERICAN EXPRESS SAUDI ARABIA,,,SA,SAU,SAUDI ARABIA
374312,AMERICAN EXPRESS,CREDIT,CORPORATE,AMERICAN EXPRESS SAUDI ARABIA,,,SA,SAU,SAUDI ARABIA
374400,AMERICAN EXPRESS,CREDIT,PERSONAL,AEME REVOLVE,,,BH,BHR,BAHRAIN
374401,AMERICAN EXPRESS,CREDIT,PERSONAL,AEME REVOLVE,,,BH,BHR,BAHRAIN
374402,AMERICAN EXPRESS,CREDIT,PERSONAL,AEME REVOLVE,,,BH,BHR,BAHRAIN
374403,AMERICAN EXPRESS,CREDIT,PERSONAL,AEME REVOLVE,,,BH,BHR,BAHRAIN
374404,AMERICAN EXPRESS,CREDIT,PERSONAL,AEME REVOLVE,,,BH,BHR,BAHRAIN
374405,AMERICAN EXPRESS,CREDIT,PERSONAL,AEME REVOLVE,,,BH,BHR,BAHRAIN
374406,AMERICAN EXPRESS,CREDIT,PERSONAL,AEME REVOLVE,,,BH,BHR,BAHRAIN
374407,AMERICAN EXPRESS,CREDIT,PERSONAL,AEME REVOLVE,,,BH,BHR,BAHRAIN
374408,AMERICAN EXPRESS,CREDIT,PERSONAL,AEME REVOLVE,,,BH,BHR,BAHRAIN
374409,AMERICAN EXPRESS,CREDIT,PERSONAL,AEME REVOLVE,,,BH,BHR,BAHRAIN
374410,AMERICAN EXPRESS,CREDIT,PERSONAL,AEME REVOLVE,,,BH,BHR,BAHRAIN
374411,AMERICAN EXPRESS,CREDIT,SMALL BUSINESS,AEME REVOLVE,,,BH,BHR,BAHRAIN
374418,AMERICAN EXPRESS,CREDIT,CORPORATE,AEME REVOLVE,,,BH,BHR,BAHRAIN
374420,AMERICAN EXPRESS,CREDIT,PERSONAL,AEME REVOLVE,,,BH,BHR,BAHRAIN
374430,AMERICAN EXPRESS,CREDIT,PERSONAL,AEME REVOLVE,,,BH,BHR,BAHRAIN
374440,AMERICAN EXPRESS,CREDIT,PERSONAL,AEME REVOLVE,,,BH,BHR,BAHRAIN
374441,AMERICAN EXPRESS,CREDIT,PERSONAL,AEME REVOLVE,,,BH,BHR,BAHRAIN
374448,AMERICAN EXPRESS,CREDIT,PERSONAL,AEME REVOLVE,,,BH,BHR,BAHRAIN
374460,AMERICAN EXPRESS,CREDIT,PERSONAL,AEME REVOLVE,,,BH,BHR,BAHRAIN
374470,AMERICAN EXPRESS,CREDIT,PERSONAL,AEME REVOLVE,,,BH,BHR,BAHRAIN
374480,AMERICAN EXPRESS,CREDIT,PERSONAL,AEME REVOLVE,,,BH,BHR,BAHRAIN
374481,AMERICAN EXPRESS,CREDIT,PERSONAL,AEME REVOLVE,,,BH,BHR,BAHRAIN
374482,AMERICAN EXPRESS,CREDIT,PERSONAL,AEME REVOLVE,,,BH,BHR,BAHRAIN
374483,AMERICAN EXPRESS,CREDIT,PERSONAL,AEME REVOLVE,,,BH,BHR,BAHRAIN
374484,AMERICAN EXPRESS,CREDIT,PERSONAL,AEME REVOLVE,,,BH,BHR,BAHRAIN
374485,AMERICAN EXPRESS,CREDIT,PERSONAL,AEME REVOLVE,,,BH,BHR,BAHRAIN
374486,AMERICAN EXPRESS,CREDIT,PERSONAL,AEME REVOLVE,,,BH,BHR,BAHRAIN
374487,AMERICAN EXPRESS,CREDIT,PERSONAL,AEME REVOLVE,,,BH,BHR,BAHRAIN
374488,AMERICAN EXPRESS,CREDIT,PERSONAL,AEME REVOLVE,,,BH,BHR,BAHRAIN
374489,AMERICAN EXPRESS,CREDIT,PERSONAL,AEME REVOLVE,,,BH,BHR,BAHRAIN
374490,AMERICAN EXPRESS,CREDIT,CORPORATE,AEME REVOLVE,,,BH,BHR,BAHRAIN
374491,AMERICAN EXPRESS,CREDIT,CORPORATE,AEME REVOLVE,,,BH,BHR,BAHRAIN
374492,AMERICAN EXPRESS,CREDIT,CORPORATE,AEME REVOLVE,,,BH,BHR,BAHRAIN
374493,AMERICAN EXPRESS,CREDIT,CORPORATE,AEME REVOLVE,,,BH,BHR,BAHRAIN
374494,AMERICAN EXPRESS,CREDIT,CORPORATE,AEME REVOLVE,,,BH,BHR,BAHRAIN
374495,AMERICAN EXPRESS,CREDIT,CORPORATE,AEME REVOLVE,,,BH,BHR,BAHRAIN
374496,AMERICAN EXPRESS,CREDIT,CORPORATE,AEME REVOLVE,,,BH,BHR,BAHRAIN
374497,AMERICAN EXPRESS,CREDIT,CORPORATE,AEME REVOLVE,,,BH,BHR,BAHRAIN
374498,AMERICAN EXPRESS,CREDIT,CORPORATE,AEME REVOLVE,,,BH,BHR,BAHRAIN
374499,AMERICAN EXPRESS,CREDIT,CORPORATE,AEME REVOLVE,,,BH,BHR,BAHRAIN
375509,AMERICAN EXPRESS,CREDIT,,AMERICAN EXPRESS COMPANY,,http://www.americanexpress.com,IL,ISR,ISRAEL
375510,AMERICAN EXPRESS,CREDIT,PERSONAL,ISRACARD,,,IL,ISR,ISRAEL
375511,AMERICAN EXPRESS,CREDIT,PERSONAL,ISRACARD,,,IL,ISR,ISRAEL
375512,AMERICAN EXPRESS,CREDIT,PERSONAL,ISRACARD,,,IL,ISR,ISRAEL
375513,AMERICAN EXPRESS,CREDIT,PERSONAL,ISRACARD,,,IL,ISR,ISRAEL
375514,AMERICAN EXPRESS,CREDIT,PERSONAL,ISRACARD,,,IL,ISR,ISRAEL
375515,AMERICAN EXPRESS,CREDIT,PERSONAL,ISRACARD,,,IL,ISR,ISRAEL
375516,AMERICAN EXPRESS,CREDIT,PERSONAL,ISRACARD,,,IL,ISR,ISRAEL
375517,AMERICAN EXPRESS,CREDIT,PERSONAL,ISRACARD,,,IL,ISR,ISRAEL
375518,AMERICAN EXPRESS,CREDIT,PERSONAL,ISRACARD,,,IL,ISR,ISRAEL
375519,AMERICAN EXPRESS,CREDIT,PERSONAL,ISRACARD,,,IL,ISR,ISRAEL
376556,AMERICAN EXPRESS,CREDIT,,,,,SA,SAU,SAUDI ARABIA
376655,AMERICAN EXPRESS,CREDIT,PERSONAL,AMERICAN EXPRESS SAUDI ARABIA,,,SA,SAU,SAUDI ARABIA
376656,AMERICAN EXPRESS,CREDIT,CORPORATE,AMERICAN EXPRESS SAUDI ARABIA,,,SA,SAU,SAUDI ARABIA
377314,AMERICAN EXPRESS,CREDIT,CORPORATE,AMERICAN EXPRESS SAUDI ARABIA,,,SA,SAU,SAUDI ARABIA
377347,AMERICAN EXPRESS,CREDIT,CORPORATE,AMERICAN EXPRESS SAUDI ARABIA,,,SA,SAU,SAUDI ARABIA
377870,AMERICAN EXPRESS,CREDIT,PERSONAL,AEME REVOLVE,,,BH,BHR,BAHRAIN
377871,AMERICAN EXPRESS,CREDIT,PERSONAL,AEME REVOLVE,,,BH,BHR,BAHRAIN
377922,AMERICAN EXPRESS,CREDIT,SMALL BUSINESS,ISRACARD,,,IL,ISR,ISRAEL
377923,AMERICAN EXPRESS,CREDIT,SMALL BUSINESS,AEME REVOLVE,,,BH,BHR,BAHRAIN
378333,AMERICAN EXPRESS,CREDIT,PERSONAL,ISRACARD,,,IL,ISR,ISRAEL
379187,AMERICAN EXPRESS,CREDIT,PERSONAL,AEME REVOLVE,,,BH,BHR,BAHRAIN
379334,AMERICAN EXPRESS,CREDIT,CORPORATE,MERICAN EXPRESS SAUDI ARABIA,,,SA,SAU,SAUDI ARABIA
379335,AMERICAN EXPRESS,CREDIT,CORPORATE,AEME REVOLVE,,,BH,BHR,BAHRAIN
379336,AMERICAN EXPRESS,CREDIT,PERSONAL,AEME REVOLVE,,,BH,BHR,BAHRAIN
379847,AMERICAN EXPRESS,CREDIT,CORPORATE,AEME (REVOLVE),,,BH,BHR,BAHRAIN
384384,DINERS CLUB INTERNATIONAL,CREDIT,STANDARD,,,,JO,JOR,JORDAN
386136,DINERS CLUB INTERNATIONAL,CREDIT,STANDARD,,,,JO,JOR,JORDAN
386436,DINERS CLUB INTERNATIONAL,CREDIT,STANDARD,,,,EG,EGY,EGYPT
386628,DINERS CLUB INTERNATIONAL,CREDIT,STANDARD,,,,JO,JOR,JORDAN
400067,VISA,CREDIT,SIGNATURE,AL RAJHI BANKING AND INVESTMENT CORP.,4433 92 000 + 966 OR 33 334 601 +966,http://www.alrajhibank.com.sa,SA,SAU,SAUDI ARABIA
400112,VISA,CREDIT,REWARDS,MASHREQBANK,,http://www.mashreqbank.com,EG,EGY,EGYPT
400133,VISA,DEBIT,PREPAID CLASSIC,AL-JANOOB ISLAMIC BANK FOR INVESTMENT AND FINANCING,,,IQ,IRQ,IRAQ
400152,VISA,CREDIT,INFINITE,,,,JO,JOR,JORDAN
400155,VISA,CREDIT,,"COMMERCIAL BANK OF KUWAIT, S.A.K.",00971 2 6447944,http://www.cbk.com,KW,KWT,KUWAIT
400156,VISA,CREDIT,,"COMMERCIAL BANK OF KUWAIT, S.A.K.",00971 2 6447944,http://www.cbk.com,KW,KWT,KUWAIT
400159,VISA,CREDIT,CORPORATE T&E,"ISRACARD, LTD.",,,IL,ISR,ISRAEL
400208,VISA,DEBIT,ELECTRON,FIRST ABU DHABI BANK PJSC,+97317228800,https://www.bankfab.com,BH,BHR,BAHRAIN
400240,VISA,CREDIT,,,,,AE,ARE,UNITED ARAB EMIRATES
400273,VISA,DEBIT,CLASSIC,BANK OF PALESTINE PLC,+97022965010,http://www.bankofpalestine.com,PS,PSE,"PALESTINIAN TERRITORY, OCCUPIED"
400274,VISA,DEBIT,BUSINESS ENHANCED,ARAB BANK PLC,4600900,http://www.arabbank.jo,JO,JOR,JORDAN
400282,VISA,DEBIT,PREPAID CLASSIC,MYZOI FINANCIAL INCLUSION TECHNOLOGIES L.L.C.,,,AE,ARE,UNITED ARAB EMIRATES
400286,VISA,CREDIT,,,,,AE,ARE,UNITED ARAB EMIRATES
400291,VISA,CREDIT,CLASSIC,FIRST ABU DHABI BANK PJSC,+971600525500,https://www.bankfab.com,AE,ARE,UNITED ARAB EMIRATES
400393,VISA,DEBIT,CLASSIC,EGYPTIAN NATIONAL POST ORGANISATION,44 (0)207 582 5220,http://www.balancingact-africa.com,EG,EGY,EGYPT
400399,VISA,CREDIT,PLATINUM,NATIONAL COMMERCIAL BANK,96626464060,,SA,SAU,SAUDI ARABIA
400536,VISA,DEBIT,PLATINUM,EMIRATES NBD BANK (P.J.S.C.),+971800456,http://www.emiratesnbd.com,AE,ARE,UNITED ARAB EMIRATES
400576,VISA,CREDIT,CLASSIC,AL-JANOOB ISLAMIC BANK FOR INVESTMENT AND FINANCING,,,IQ,IRQ,IRAQ
400598,VISA,CREDIT,REWARDS,DUBAI ISLAMIC BANK,,http://www.alislami.ae,AE,ARE,UNITED ARAB EMIRATES
400601,VISA,DEBIT,PREPAID PLATINUM,KUWAIT FINANCE HOUSE,+9651803333,http://www.kfh.com,KW,KWT,KUWAIT
400690,VISA,CREDIT,PLATINUM,SUEZ CANAL BANK,27943433,http://www.scbank.com.eg,EG,EGY,EGYPT
400693,VISA,DEBIT,PREPAID CLASSIC,"PYYPL, LTD.",,,AE,ARE,UNITED ARAB EMIRATES
400725,VISA,DEBIT,PREPAID CLASSIC,ARAB INTERNATIONAL BANK,23918794,http://www.aib.com.eg,EG,EGY,EGYPT
400794,VISA,CREDIT,CLASSIC,INTERNATIONAL DEVELOPMENT BANK FOR INVESTMENT AND FINANCE,,,IQ,IRQ,IRAQ
400795,VISA,CREDIT,SIGNATURE BUSINESS,AL BILAD BANK,9662918884,http://www.bankalbilad.com,SA,SAU,SAUDI ARABIA
400825,VISA,CREDIT,SIGNATURE BUSINESS,THE COMMERCIAL BANK OF QATAR (Q.S.C.),,,QA,QAT,QATAR
400826,VISA,CREDIT,CORPORATE T&E,THE COMMERCIAL BANK OF QATAR (Q.S.C.),,,QA,QAT,QATAR
400861,VISA,DEBIT,CLASSIC,AL RAJHI BANKING AND INVESTMENT CORP.,4433 92 000 + 966 OR 33 334 601 +966,http://www.alrajhibank.com.sa,SA,SAU,SAUDI ARABIA
400868,VISA,CREDIT,SIGNATURE,AL-JANOOB ISLAMIC BANK FOR INVESTMENT AND FINANCING,,,IQ,IRQ,IRAQ
400949,VISA,DEBIT,REWARDS,ABU DHABI ISLAMIC BANK EGYPT,,,EG,EGY,EGYPT
400960,VISA,CREDIT,PLATINUM,INVEST BANK PLC,58 (212) 92 98 31,http://www.investbank.jo,JO,JOR,JORDAN
401047,VISA,CREDIT,PERSONAL,BANK LEUMI LE-ISRAEL BM,,,IL,ISR,ISRAEL
401048,VISA,DEBIT,PREPAID BUSINESS,BANK LEUMI LE-ISRAEL BM,,,IL,ISR,ISRAEL
401084,VISA,CREDIT,INFINITE,BYBLOS BANK SAL,,,IQ,IRQ,IRAQ
401177,VISA,DEBIT,PLATINUM,ARAB BANK PLC,+97144450000,http://www.arabbank.jo,AE,ARE,UNITED ARAB EMIRATES
401317,VISA,DEBIT,CLASSIC,AL-QURTAS ISLAMIC BANK FOR INVESTMENT AND FINANCE PRIVATE SHAREHOLDI,,,IQ,IRQ,IRAQ
401319,VISA,DEBIT,SIGNATURE,THE HOUSING BANK FOR TRADE & FINANCE,,,JO,JOR,JORDAN
401335,VISA,DEBIT,CLASSIC,BYBLOS BANK SAL,,,LB,LBN,LEBANON
401340,VISA,DEBIT,INFINITE,THE HOUSING BANK FOR TRADE & FINANCE,,,JO,JOR,JORDAN
401352,VISA,CREDIT,CORPORATE T&E,BLOM BANK S.A.L.,(961-1) 738938 - 743300 OR (961-1) 372780 - 370830 - 373102,http://www.blom.com.lb,LB,LBN,LEBANON
401359,VISA,CREDIT,SIGNATURE,BANK OF PALESTINE PLC,+97022965010,http://www.bankofpalestine.com,PS,PSE,"PALESTINIAN TERRITORY, OCCUPIED"
401560,VISA,CREDIT,PLATINUM,RIYAD BANK,,http://www.riyadbank.com,SA,SAU,SAUDI ARABIA
401575,VISA,CREDIT,PLATINUM,"NATIONAL BANK OF KUWAIT, S.A.K.",+97317583333,http://www.nbk.com,BH,BHR,BAHRAIN
401607,VISA,DEBIT,CLASSIC,MASHREQBANK,,http://www.mashreqbank.com,EG,EGY,EGYPT
401608,VISA,DEBIT,PREPAID CLASSIC,ABU DHABI ISLAMIC BANK EGYPT,,,EG,EGY,EGYPT
401631,VISA,CREDIT,SIGNATURE,EMIRATES ISLAMIC BANK P.J.S.C.,,,AE,ARE,UNITED ARAB EMIRATES
401633,VISA,DEBIT,SIGNATURE,MASRAF AL RAYAN,+97444253333,http://www.alrayan.com,QA,QAT,QATAR
401729,VISA,DEBIT,GOLD,MASHREQBANK,,http://www.mashreqbank.com,EG,EGY,EGYPT
401734,VISA,CREDIT,SIGNATURE,EMIRATES ISLAMIC BANK P.J.S.C.,,,AE,ARE,UNITED ARAB EMIRATES
401746,VISA,CREDIT,PLATINUM,EMIRATES ISLAMIC BANK P.J.S.C.,,,AE,ARE,UNITED ARAB EMIRATES
401751,VISA,DEBIT,CLASSIC,FIRST ABU DHABI BANK (PJSC),,,OM,OMN,OMAN
401758,VISA,DEBIT,PREPAID PLATINUM,BANK AL JAZIRA,(966) 2 609 8888,http://www.baj.com.sa,SA,SAU,SAUDI ARABIA
401778,VISA,DEBIT,CLASSIC,AL BILAD BANK,9662918884,http://www.bankalbilad.com,SA,SAU,SAUDI ARABIA
401792,VISA,CREDIT,INFINITE,INTERNATIONAL DEVELOPMENT BANK FOR INVESTMENT AND FINANCE,,,IQ,IRQ,IRAQ
401809,VISA,DEBIT,REWARDS,INTERNATIONAL DEVELOPMENT BANK FOR INVESTMENT AND FINANCE,,,IQ,IRQ,IRAQ
401812,VISA,CREDIT,PLATINUM,BANQUE SAUDI FRANSI,966 1 289 9999 OR 966 1 874 4000,http://www.alfransi.com.sa,SA,SAU,SAUDI ARABIA
401827,VISA,DEBIT,PREPAID,,,,AE,ARE,UNITED ARAB EMIRATES
401858,VISA,CREDIT,SIGNATURE,AL-TAIF ISLAMIC BANK FOR INVESTMENT & FINANCE,,,IQ,IRQ,IRAQ
401883,VISA,CREDIT,SIGNATURE,BANQUE SAUDI FRANSI,966 1 289 9999 OR 966 1 874 4000,http://www.alfransi.com.sa,SA,SAU,SAUDI ARABIA
401884,VISA,CREDIT,INFINITE,BANQUE SAUDI FRANSI,966 1 289 9999 OR 966 1 874 4000,http://www.alfransi.com.sa,SA,SAU,SAUDI ARABIA
401891,VISA,CREDIT,INFINITE,EMIRATES ISLAMIC BANK P.J.S.C.,,,AE,ARE,UNITED ARAB EMIRATES
401978,VISA,DEBIT,PREPAID CLASSIC,BANQUE SAUDI FRANSI,966 1 289 9999 OR 966 1 874 4000,http://www.alfransi.com.sa,SA,SAU,SAUDI ARABIA
402016,VISA,DEBIT,PREPAID,NOOR BANK PJSC,,,AE,ARE,UNITED ARAB EMIRATES
402056,VISA,DEBIT,SIGNATURE,ABU DHABI ISLAMIC BANK EGYPT,,,EG,EGY,EGYPT
402106,VISA,CREDIT,BUSINESS,SAMBA FINANCIAL GROUP,+9668001242000,http://www.samba.com,SA,SAU,SAUDI ARABIA
402112,VISA,CREDIT,BUSINESS,SAMBA FINANCIAL GROUP,+9668001242000,http://www.samba.com,SA,SAU,SAUDI ARABIA
402166,VISA,CREDIT,ULTRA HIGH NET WORTH,BURGAN BANK (S.A.K.),,,KW,KWT,KUWAIT
402168,VISA,CREDIT,BUSINESS,HALA PAYMENT COMPANY,,,SA,SAU,SAUDI ARABIA
402251,VISA,CREDIT,SIGNATURE,ABU DHABI ISLAMIC BANK,+97126100600,http://www.adib.ae,AE,ARE,UNITED ARAB EMIRATES
402270,VISA,CREDIT,PLATINUM,CREDIT CARD SERVICE COMPANY JORDAN LTD.,,,JO,JOR,JORDAN
402276,VISA,CREDIT,SIGNATURE,"DOHA BANK, LTD.",,,QA,QAT,QATAR
402385,VISA,CREDIT,CLASSIC,CREDIT AGRICOLE EGYPT S.A.E.,+20952381002,http://www.ca-egypt.com,EG,EGY,EGYPT
402386,VISA,CREDIT,GOLD,CREDIT AGRICOLE EGYPT S.A.E.,+20952381002,http://www.ca-egypt.com,EG,EGY,EGYPT
402387,VISA,CREDIT,,CREDIT AGRICOLE EGYPT S.A.E.,+20952381002,http://www.ca-egypt.com,EG,EGY,EGYPT
402435,VISA,CREDIT,,EGYPTIAN GULF BANK,+20233368359,http://www.egbbank.com.eg,EG,EGY,EGYPT
402482,VISA,DEBIT,BUSINESS,BANK AL ETIHAD,,,JO,JOR,JORDAN
402485,VISA,DEBIT,,BLOM BANK S.A.L.,(961-1) 738938 - 743300 OR (961-1) 372780 - 370830 - 373102,http://www.blom.com.lb,LB,LBN,LEBANON
402516,VISA,CREDIT,PLATINUM,CREDIT LIBANAIS S.A.L.,+9611900111,http://www.creditlibanais.com.lb,LB,LBN,LEBANON
402522,VISA,DEBIT,CLASSIC,CEMEA REGION,,,EG,EGY,EGYPT
402527,VISA,CREDIT,BUSINESS,BANK AL JAZIRA,(966) 2 609 8888,http://www.baj.com.sa,SA,SAU,SAUDI ARABIA
402532,VISA,CREDIT,PURCHASING,BANKMUSCAT (SAOG),,,OM,OMN,OMAN
402558,VISA,CREDIT,PLATINUM,HSBC BANK MIDDLE EAST,+97142241000,http://www.hsbc.ae,AE,ARE,UNITED ARAB EMIRATES
402573,VISA,CREDIT,,,,,AE,ARE,UNITED ARAB EMIRATES
402627,VISA,DEBIT,PREPAID,BATELCO FINANCIAL SERVICES (B.S.C.),,,BH,BHR,BAHRAIN
402639,VISA,DEBIT,CLASSIC,"NATIONAL BANK OF KUWAIT, S.A.K.",+97317583333,http://www.nbk.com,BH,BHR,BAHRAIN
402652,VISA,DEBIT,CLASSIC,CREDIT AGRICOLE EGYPT S.A.E.,+20952381002,http://www.ca-egypt.com,EG,EGY,EGYPT
402667,VISA,CREDIT,SIGNATURE,AL BILAD BANK,9662918884,http://www.bankalbilad.com,SA,SAU,SAUDI ARABIA
402668,VISA,DEBIT,PREPAID CLASSIC,CREDIT AGRICOLE EGYPT S.A.E.,+20952381002,http://www.ca-egypt.com,EG,EGY,EGYPT
402678,VISA,CREDIT,BUSINESS SIGNATURE,ARAB BANK PLC,+20 2 19100,http://www.arabbank.jo,EG,EGY,EGYPT
402694,VISA,CREDIT,BUSINESS,CREDIT AGRICOLE EGYPT S.A.E.,+20952381002,http://www.ca-egypt.com,EG,EGY,EGYPT
402763,VISA,DEBIT,PREPAID CLASSIC,CAPITAL BANK OF JORDAN PLC. CO.,,,JO,JOR,JORDAN
402772,VISA,DEBIT,PREPAID CLASSIC,THAWANI TECHNOLOGIES LLC,,,OM,OMN,OMAN
402781,VISA,CREDIT,SIGNATURE,INVEST BANK PLC,58 (212) 92 98 31,http://www.investbank.jo,JO,JOR,JORDAN
402782,VISA,CREDIT,REWARDS,INVEST BANK PLC,58 (212) 92 98 31,http://www.investbank.jo,JO,JOR,JORDAN
402803,VISA,DEBIT,SIGNATURE,ABU DHABI COMMERCIAL BANK - ADCB - EGYPT,,,EG,EGY,EGYPT
402804,VISA,CREDIT,BUSINESS,BANK AL JAZIRA,(966) 2 609 8888,http://www.baj.com.sa,SA,SAU,SAUDI ARABIA
402806,VISA,CREDIT,SIGNATURE,FIRST ABU DHABI BANK (PJSC),,,AE,ARE,UNITED ARAB EMIRATES
402855,VISA,CREDIT,ULTRA HIGH NET WORTH,MASRAF AL RAYAN,+97444253333,http://www.alrayan.com,QA,QAT,QATAR
402872,VISA,DEBIT,BUSINESS ENHANCED,EMIRATES ISLAMIC BANK P.J.S.C.,,,AE,ARE,UNITED ARAB EMIRATES
402941,VISA,CREDIT,INFINITE,FIRST ABU DHABI BANK (PJSC),,,AE,ARE,UNITED ARAB EMIRATES
402974,VISA,DEBIT,PREPAID CLASSIC,EITC FINANCIAL SERVICES L.L.C,,,AE,ARE,UNITED ARAB EMIRATES
402978,VISA,DEBIT,PREPAID CLASSIC,BURGAN BANK (S.A.K.),,,KW,KWT,KUWAIT
403010,VISA,CREDIT,SIGNATURE,ARAB AFRICAN INTERNATIONAL BANK,+20224886679,http://www.aaib.com,EG,EGY,EGYPT
403011,VISA,CREDIT,INFINITE,AHLI BANK Q.S.C.,(974) 4232222,http://www.ahlibank.com.qa,QA,QAT,QATAR
403024,VISA,DEBIT,CLASSIC,AL RAJHI BANKING AND INVESTMENT CORP.,4433 92 000 + 966 OR 33 334 601 +966,http://www.alrajhibank.com.sa,SA,SAU,SAUDI ARABIA
403086,VISA,CREDIT,BUSINESS,ABU DHABI COMMERCIAL BANK,+97126962222,http://www.adcb.com,AE,ARE,UNITED ARAB EMIRATES
403143,VISA,DEBIT,GOLD,KURDISTAN INTERNATIONAL ISLAMIC BANK FOR INVESTMENT AND DEVELOPMENT,,,IQ,IRQ,IRAQ
403185,VISA,CREDIT,GOLD,BANK OF ALEXANDRIA,1 9 0 3 3 OR (02) 3938623 - 3913822 - 3916796,http://www.alexbank.com,EG,EGY,EGYPT
403207,VISA,DEBIT,PREPAID PLATINUM,BATELCO FINANCIAL SERVICES (B.S.C.),,,BH,BHR,BAHRAIN
403208,VISA,DEBIT,PREPAID CLASSIC,AL-SAQI COMPANY FOR ELECTRONIC PAYMENT SERVICES LTD.,,,IQ,IRQ,IRAQ
403244,VISA,CREDIT,CORPORATE T&E,ARAB INTERNATIONAL BANK,23918794,http://www.aib.com.eg,EG,EGY,EGYPT
403253,VISA,CREDIT,GOLD,,,,QA,QAT,QATAR
403258,VISA,CREDIT,BUSINESS,BYBLOS BANK SAL,,,LB,LBN,LEBANON
403272,VISA,DEBIT,PREPAID CLASSIC,TRANS IRAQ BANK COMPANY FOR INVESTMENT (PRIVATE SHAREHOLDING COMPANY,,,IQ,IRQ,IRAQ
403273,VISA,CREDIT,PLATINUM,INVEST BANK PLC,58 (212) 92 98 31,http://www.investbank.jo,JO,JOR,JORDAN
403337,VISA,CREDIT,INFINITE,EMIRATES NBD BANK (P.J.S.C.),+971800456,http://www.emiratesnbd.com,AE,ARE,UNITED ARAB EMIRATES
403343,VISA,CREDIT,SIGNATURE,EMIRATES NBD BANK (P.J.S.C.),+971800456,http://www.emiratesnbd.com,AE,ARE,UNITED ARAB EMIRATES
403344,VISA,CREDIT,SIGNATURE,EMIRATES NBD BANK (P.J.S.C.),+971800456,http://www.emiratesnbd.com,AE,ARE,UNITED ARAB EMIRATES
403349,VISA,DEBIT,ELECTRON,STANDARD CHARTERED BANK,+971600522288,https://www.sc.com,AE,ARE,UNITED ARAB EMIRATES
403381,VISA,CREDIT,INFINITE,EMIRATES NBD BANK (P.J.S.C.),+971800456,http://www.emiratesnbd.com,AE,ARE,UNITED ARAB EMIRATES
403397,VISA,DEBIT,PLATINUM,STANDARD CHARTERED BANK,+971600522288,https://www.sc.com,AE,ARE,UNITED ARAB EMIRATES
403410,VISA,DEBIT,PLATINUM,MASHREQBANK,+97143632250,http://www.mashreqbank.com,AE,ARE,UNITED ARAB EMIRATES
403431,VISA,CREDIT,BUSINESS ENHANCED,ABU DHABI ISLAMIC BANK EGYPT,,,EG,EGY,EGYPT
403432,VISA,CREDIT,PLATINUM,EMIRATES NBD BANK (P.J.S.C.),+971800456,http://www.emiratesnbd.com,AE,ARE,UNITED ARAB EMIRATES
403477,VISA,DEBIT,PREPAID PLATINUM,CREDIMAX B.S.C. (CLOSED),,,BH,BHR,BAHRAIN
403498,VISA,DEBIT,CLASSIC,BANK AUDI S.A.E.,+20235343300,http://www.banqueaudi.com,EG,EGY,EGYPT
403527,VISA,CREDIT,PLATINUM,BYBLOS BANK SAL,,,LB,LBN,LEBANON
403528,VISA,DEBIT,CLASSIC,"HABIB BANK, LTD.",,http://www.habibbankltd.com,AE,ARE,UNITED ARAB EMIRATES
403555,VISA,CREDIT,SIGNATURE,THE HOUSING BANK FOR TRADE & FINANCE,,,PS,PSE,"PALESTINIAN TERRITORY, OCCUPIED"
403556,VISA,DEBIT,CLASSIC,NETWORK INTERNATIONAL LLC,,,AE,ARE,UNITED ARAB EMIRATES
403563,VISA,DEBIT,BUSINESS,BANK AUDI SAL,,,LB,LBN,LEBANON
403583,VISA,DEBIT,CLASSIC,BURGAN BANK (S.A.K.),,,KW,KWT,KUWAIT
403584,VISA,CREDIT,PLATINUM,INVEST BANK PLC,58 (212) 92 98 31,http://www.investbank.jo,JO,JOR,JORDAN
403622,VISA,DEBIT,SIGNATURE,ALAHLI BANK OF KUWAIT (K.S.C.),+96524341788,http://www.eahli.com,KW,KWT,KUWAIT
403641,VISA,DEBIT,CLASSIC,"ICICI BANK, LTD.",,http://www.icicibank.com,BH,BHR,BAHRAIN
403721,VISA,CREDIT,BUSINESS SIGNATURE,ARAB BANK PLC,4600900,http://www.arabbank.jo,JO,JOR,JORDAN
403756,VISA,CREDIT,ULTRA HIGH NET WORTH,"DOHA BANK, LTD.",,,QA,QAT,QATAR
403765,VISA,CREDIT,BUSINESS ENHANCED,SAMBA FINANCIAL GROUP,+9668001242000,http://www.samba.com,SA,SAU,SAUDI ARABIA
403773,VISA,DEBIT,PREPAID CLASSIC,BANK NXT,,,EG,EGY,EGYPT
403803,VISA,DEBIT,CLASSIC,HSBC BANK OMAN (S.A.O.G),,,OM,OMN,OMAN
403862,VISA,DEBIT,CLASSIC,AMWAL FOR ELECTRONIC BANKING SERVICES CO.,,,IQ,IRQ,IRAQ
403872,VISA,DEBIT,PREPAID CLASSIC,AL BILAD BANK,9662918884,http://www.bankalbilad.com,SA,SAU,SAUDI ARABIA
403917,VISA,DEBIT,PLATINUM,COMMERCIAL INTERNATIONAL BANK,+20227383011,http://www.cibeg.com,EG,EGY,EGYPT
403991,VISA,CREDIT,PLATINUM,AL BILAD BANK,9662918884,http://www.bankalbilad.com,SA,SAU,SAUDI ARABIA
403996,VISA,CREDIT,SIGNATURE,AL BILAD BANK,9662918884,http://www.bankalbilad.com,SA,SAU,SAUDI ARABIA
404003,VISA,DEBIT,PREPAID,CITIBANK,+97143114000,https://www.citi.com.cn,AE,ARE,UNITED ARAB EMIRATES
404029,VISA,DEBIT,SIGNATURE,BANK DHOFAR (S.A.O.G.),+96824791111 / +96824790466,http://www.bankdhofar.com,OM,OMN,OMAN
404036,VISA,DEBIT,PREPAID,NOOR BANK PJSC,,,AE,ARE,UNITED ARAB EMIRATES
404105,VISA,CREDIT,PLATINUM,IRAQ NOOR ISLAMIC BANK FOR INVESTMENT AND FINANCE,,,IQ,IRQ,IRAQ
404116,VISA,DEBIT,PREPAID PURCHASING,ALINMA BANK,,,SA,SAU,SAUDI ARABIA
404238,VISA,CREDIT,CLASSIC,SUEZ CANAL BANK,27943433,http://www.scbank.com.eg,EG,EGY,EGYPT
404239,VISA,CREDIT,GOLD,SUEZ CANAL BANK,27943433,http://www.scbank.com.eg,EG,EGY,EGYPT
404274,VISA,DEBIT,PLATINUM,CREDIT AGRICOLE EGYPT S.A.E.,+20952381002,http://www.ca-egypt.com,EG,EGY,EGYPT
404275,VISA,CREDIT,BUSINESS ENHANCED,ABU DHABI COMMERCIAL BANK - ADCB - EGYPT,,,EG,EGY,EGYPT
404278,VISA,CREDIT,SIGNATURE BUSINESS,BANQUE SAUDI FRANSI,966 1 289 9999 OR 966 1 874 4000,http://www.alfransi.com.sa,SA,SAU,SAUDI ARABIA
404354,VISA,CREDIT,CLASSIC,BBAC S.A.L,+9614727747,http://www.bbacbank.com,LB,LBN,LEBANON
404355,VISA,CREDIT,CLASSIC,BBAC S.A.L,+9614727747,http://www.bbacbank.com,LB,LBN,LEBANON
404357,VISA,CREDIT,CLASSIC,BBAC S.A.L,+9614727747,http://www.bbacbank.com,LB,LBN,LEBANON
404359,VISA,DEBIT,,CREDIT LIBANAIS S.A.L.,+9611900111,http://www.creditlibanais.com.lb,LB,LBN,LEBANON
404545,VISA,DEBIT,SIGNATURE,CEDRUS BANK SAL,,,LB,LBN,LEBANON
404584,VISA,CREDIT,PURCHASING,SAMBA FINANCIAL GROUP,+9668001242000,http://www.samba.com,SA,SAU,SAUDI ARABIA
404605,VISA,CREDIT,GOLD,FRANSABANK S.A.L.,+9611340180,http://www.fransabank.com,LB,LBN,LEBANON
404674,VISA,DEBIT,PREPAID ELECTRON,FIRST ABU DHABI BANK PJSC,+971600525500,https://www.bankfab.com,AE,ARE,UNITED ARAB EMIRATES
404743,VISA,CREDIT,,BANKMUSCAT LTD. (S.A.O.G.),,,OM,OMN,OMAN
404747,VISA,DEBIT,BUSINESS,AHLI BANK (S.A.O.G),,,OM,OMN,OMAN
404847,VISA,CREDIT,CLASSIC,CREDIT LIBANAIS S.A.L.,+9611900111,http://www.creditlibanais.com.lb,LB,LBN,LEBANON
404850,VISA,DEBIT,GOLD,BANQUE MISR,+20223912150,http://www.banquemisr.com,EG,EGY,EGYPT
404861,VISA,CREDIT,BUSINESS ENHANCED,BANQUE SAUDI FRANSI,966 1 289 9999 OR 966 1 874 4000,http://www.alfransi.com.sa,SA,SAU,SAUDI ARABIA
404880,VISA,DEBIT,PLATINUM,ARAB BANK PLC,4600900,http://www.arabbank.jo,JO,JOR,JORDAN
404896,VISA,DEBIT,PREPAID CLASSIC,BANQUE MISR,+20223912150,http://www.banquemisr.com,EG,EGY,EGYPT
404919,VISA,DEBIT,PREPAID CLASSIC,BOUBYAN BANK K.S.C.,,,KW,KWT,KUWAIT
404949,VISA,CREDIT,,ARAB NATIONAL BANK,,,SA,SAU,SAUDI ARABIA
404950,VISA,CREDIT,PLATINUM,BANK AUDI SAL,,,LB,LBN,LEBANON
404975,VISA,DEBIT,PREPAID PURCHASING,KUWAIT INTERNATIONAL BANK,+9651866866,http://www.kib.com.kw,KW,KWT,KUWAIT
404994,VISA,DEBIT,CLASSIC,BANQUE MISR,+20223912150,http://www.banquemisr.com,EG,EGY,EGYPT
405011,VISA,DEBIT,CLASSIC,ARAB ISLAMIC BANK,,,PS,PSE,"PALESTINIAN TERRITORY, OCCUPIED"
405042,VISA,DEBIT,CLASSIC,"HABIB BANK, LTD.",,http://www.habibbankltd.com,AE,ARE,UNITED ARAB EMIRATES
405048,VISA,DEBIT,PLATINUM,"HABIB BANK, LTD.",,http://www.habibbankltd.com,AE,ARE,UNITED ARAB EMIRATES
405057,VISA,CREDIT,INFINITE,BANQUE SAUDI FRANSI,966 1 289 9999 OR 966 1 874 4000,http://www.alfransi.com.sa,SA,SAU,SAUDI ARABIA
405069,VISA,DEBIT,GOLD,"HABIB BANK, LTD.",,http://www.habibbankltd.com,AE,ARE,UNITED ARAB EMIRATES
405107,VISA,CREDIT,CLASSIC,,,,EG,EGY,EGYPT
405108,VISA,CREDIT,CLASSIC,INTL HDQTRS-CENTER OWNED,,,EG,EGY,EGYPT
405145,VISA,CREDIT,ULTRA HIGH NET WORTH,ARAB NATIONAL BANK,,,SA,SAU,SAUDI ARABIA
405146,VISA,DEBIT,ULTRA HIGH NET WORTH,INTL HDQTRS-CENTER OWNED,,,SA,SAU,SAUDI ARABIA
405253,VISA,DEBIT,PREPAID CLASSIC,DUBAI ISLAMIC BANK,,http://www.alislami.ae,AE,ARE,UNITED ARAB EMIRATES
405281,VISA,DEBIT,ELECTRON,EMIRATES NBD,+971800456,http://www.emiratesnbd.com,AE,ARE,UNITED ARAB EMIRATES
405285,VISA,CREDIT,ULTRA HIGH NET WORTH,ALAHLI BANK OF KUWAIT (K.S.C.),+96524341788,http://www.eahli.com,KW,KWT,KUWAIT
405355,VISA,DEBIT,PREPAID CLASSIC,AREEBA SAL,,,LB,LBN,LEBANON
405360,VISA,CREDIT,PLATINUM,GULF COMMERCIAL BANK,,,IQ,IRQ,IRAQ
405427,VISA,DEBIT,CLASSIC,CAPITAL BANK OF JORDAN PLC. CO.,,,JO,JOR,JORDAN
405433,VISA,DEBIT,PREPAID PLATINUM,AL RAJHI BANKING AND INVESTMENT CORP.,4433 92 000 + 966 OR 33 334 601 +966,http://www.alrajhibank.com.sa,SA,SAU,SAUDI ARABIA
405439,VISA,DEBIT,SIGNATURE BUSINESS,BANK AL ETIHAD,,,JO,JOR,JORDAN
405454,VISA,DEBIT,CLASSIC,AL RAJHI BANKING AND INVESTMENT CORP.,4433 92 000 + 966 OR 33 334 601 +966,http://www.alrajhibank.com.sa,SA,SAU,SAUDI ARABIA
405487,VISA,CREDIT,PLATINUM,MASRAF AL RAYAN,+97444253333,http://www.alrayan.com,QA,QAT,QATAR
405494,VISA,CREDIT,SIGNATURE,ABU DHABI ISLAMIC BANK EGYPT,,,EG,EGY,EGYPT
405528,VISA,CREDIT,,CAPITAL BANK OF JORDAN PLC. CO.,,,JO,JOR,JORDAN
405543,VISA,CREDIT,PLATINUM,NATIONAL BANK OF FUJAIRAH,,,AE,ARE,UNITED ARAB EMIRATES
405559,VISA,DEBIT,GOLD,ATTIJARIWAFA BANK EGYPT S.A.E,,,EG,EGY,EGYPT
405680,VISA,DEBIT,GOLD,BYBLOS BANK SAL,,,IQ,IRQ,IRAQ
405706,VISA,DEBIT,CLASSIC,STANDARD CHARTERED BANK,+96824773535,https://www.sc.com,OM,OMN,OMAN
405749,VISA,DEBIT,CLASSIC,STANDARD CHARTERED BANK,+97317531532,https://www.sc.com,BH,BHR,BAHRAIN
405750,VISA,DEBIT,CLASSIC,STANDARD CHARTERED BANK,+97444248601,https://www.sc.com,QA,QAT,QATAR
405765,VISA,CREDIT,CLASSIC,CSCBANK S.A.L.,+9611871245,http://www.ccm.com.lb,LB,LBN,LEBANON
405807,VISA,DEBIT,PLATINUM,BANK OF PALESTINE PLC,+97022965010,http://www.bankofpalestine.com,PS,PSE,"PALESTINIAN TERRITORY, OCCUPIED"
405843,VISA,DEBIT,PREPAID,"NATIONAL BANK OF KUWAIT, S.A.K.",+96522422011,http://www.nbk.com,KW,KWT,KUWAIT
405853,VISA,DEBIT,PREPAID CLASSIC,"NATIONAL BANK OF KUWAIT, S.A.K.",+96522422011,http://www.nbk.com,KW,KWT,KUWAIT
405866,VISA,CREDIT,,FAISAL ISLAMIC BANK OF EGYPT,267-580-0230,http://www.faisalbank.com.eg,EG,EGY,EGYPT
405871,VISA,DEBIT,PREPAID CLASSIC,"NATIONAL BANK OF KUWAIT, S.A.K.",+96522422011,http://www.nbk.com,KW,KWT,KUWAIT
405872,VISA,DEBIT,ELECTRON,EMIRATES NBD,+971800456,http://www.emiratesnbd.com,AE,ARE,UNITED ARAB EMIRATES
405873,VISA,CREDIT,BUSINESS ENHANCED,"NATIONAL BANK OF KUWAIT, S.A.K.",+96522422011,http://www.nbk.com,KW,KWT,KUWAIT
405888,VISA,CREDIT,PLATINUM,QATAR NATIONAL BANK (Q.P.S.C.),,,QA,QAT,QATAR
405913,VISA,CREDIT,BUSINESS ENHANCED,NAYIFAT FINANCE COMPANY,,,SA,SAU,SAUDI ARABIA
405921,VISA,CREDIT,CLASSIC,BYBLOS BANK SAL,,,IQ,IRQ,IRAQ
405986,VISA,DEBIT,CLASSIC,BANK OF PALESTINE PLC,+97022965010,http://www.bankofpalestine.com,PS,PSE,"PALESTINIAN TERRITORY, OCCUPIED"
406103,VISA,CREDIT,SIGNATURE,PALESTINE INVESTMENT BANK,,,PS,PSE,"PALESTINIAN TERRITORY, OCCUPIED"
406129,VISA,CREDIT,INFINITE,CREDIMAX B.S.C. (CLOSED),,,BH,BHR,BAHRAIN
406136,VISA,DEBIT,SIGNATURE,THE SAUDI INVESTMENT BANK,,,SA,SAU,SAUDI ARABIA
406139,VISA,CREDIT,SIGNATURE,CREDIMAX B.S.C. (CLOSED),,,BH,BHR,BAHRAIN
406327,VISA,DEBIT,PREPAID,NOOR BANK PJSC,,,AE,ARE,UNITED ARAB EMIRATES
406329,VISA,DEBIT,PREPAID PLATINUM,NOOR BANK PJSC,,,AE,ARE,UNITED ARAB EMIRATES
406423,VISA,DEBIT,PROPRIETARY ATM,BANK LEUMI LE-ISRAEL BM,,,IL,ISR,ISRAEL
406430,VISA,CREDIT,,GULF BANK K.S.C.,1.800.223.2060,http://www.gulfbank.com,KW,KWT,KUWAIT
406455,VISA,DEBIT,ELECTRON,EMIRATES NBD,+971800456,http://www.emiratesnbd.com,AE,ARE,UNITED ARAB EMIRATES
406464,VISA,DEBIT,INFINITE,KUWAIT INTERNATIONAL BANK,+9651866866,http://www.kib.com.kw,KW,KWT,KUWAIT
406471,VISA,DEBIT,PREPAID PURCHASING,RIYAD BANK,,http://www.riyadbank.com,SA,SAU,SAUDI ARABIA
406485,VISA,DEBIT,PREPAID SELECT,ARAB NATIONAL BANK,,,SA,SAU,SAUDI ARABIA
406487,VISA,DEBIT,PREPAID CLASSIC,BANK AL JAZIRA,(966) 2 609 8888,http://www.baj.com.sa,SA,SAU,SAUDI ARABIA
406497,VISA,CREDIT,SIGNATURE,JORDAN INVESTMENT AND FINANCE BANK,+96265665145,http://www.jifbank.com,JO,JOR,JORDAN
406647,VISA,CREDIT,SIGNATURE,JORDAN INVESTMENT AND FINANCE BANK,+96265665145,http://www.jifbank.com,JO,JOR,JORDAN
406697,VISA,CREDIT,PLATINUM,QATAR NATIONAL BANK (Q.P.S.C.),,,QA,QAT,QATAR
406698,VISA,CREDIT,PLATINUM,QATAR NATIONAL BANK (Q.P.S.C.),,,QA,QAT,QATAR
406712,VISA,CREDIT,PLATINUM,QATAR NATIONAL BANK (Q.P.S.C.),,,QA,QAT,QATAR
406737,VISA,CREDIT,PLATINUM,QATAR NATIONAL BANK (Q.P.S.C.),,,QA,QAT,QATAR
406748,VISA,CREDIT,INFINITE,QATAR NATIONAL BANK (Q.P.S.C.),,,QA,QAT,QATAR
406766,VISA,CREDIT,INFINITE,THE HOUSING BANK FOR TRADE & FINANCE,,,JO,JOR,JORDAN
406785,VISA,CREDIT,REWARDS,ABU DHABI ISLAMIC BANK,+97126100600,http://www.adib.ae,AE,ARE,UNITED ARAB EMIRATES
406786,VISA,CREDIT,REWARDS,ABU DHABI ISLAMIC BANK,+97126100600,http://www.adib.ae,AE,ARE,UNITED ARAB EMIRATES
406787,VISA,CREDIT,PLATINUM,ABU DHABI ISLAMIC BANK,+97126100600,http://www.adib.ae,AE,ARE,UNITED ARAB EMIRATES
406804,VISA,DEBIT,CLASSIC,WARKA BANK FOR INVESTMENT AND FINANCE,961 1 972 093,http://www.warka-bank.com,IQ,IRQ,IRAQ
406828,VISA,CREDIT,GOLD,WARKA BANK FOR INVESTMENT AND FINANCE,961 1 972 093,http://www.warka-bank.com,IQ,IRQ,IRAQ
406891,VISA,CREDIT,PLATINUM,QATAR NATIONAL BANK (Q.P.S.C.),,,QA,QAT,QATAR
406899,VISA,DEBIT,CLASSIC,AM BANK S.A.L.,,,LB,LBN,LEBANON
406956,VISA,CREDIT,PLATINUM,BANKMUSCAT (SAOG),,,OM,OMN,OMAN
406966,VISA,DEBIT,PREPAID CLASSIC,AL RAJHI BANKING AND INVESTMENT CORP.,+96524954333,http://www.alrajhibank.com.sa,KW,KWT,KUWAIT
406969,VISA,DEBIT,PREPAID ELECTRON,BLOM BANK S.A.L.,(961-1) 738938 - 743300 OR (961-1) 372780 - 370830 - 373102,http://www.blom.com.lb,LB,LBN,LEBANON
406978,VISA,DEBIT,PREPAID CORPORATE T&E,INTL HDQTRS-CENTER OWNED,,,OM,OMN,OMAN
406979,VISA,CREDIT,CLASSIC,INTL HDQTRS-CENTER OWNED,,,OM,OMN,OMAN
406985,VISA,CREDIT,,,,,AE,ARE,UNITED ARAB EMIRATES
406996,VISA,DEBIT,PLATINUM,EMIRATES NBD BANK (P.J.S.C.),,http://www.emiratesnbd.com,SA,SAU,SAUDI ARABIA
407031,VISA,CREDIT,SIGNATURE,CREDIMAX B.S.C. (CLOSED),,,BH,BHR,BAHRAIN
407075,VISA,CREDIT,INFINITE,HSBC BANK MIDDLE EAST,+97142241000,http://www.hsbc.ae,AE,ARE,UNITED ARAB EMIRATES
407095,VISA,CREDIT,SIGNATURE,HSBC BANK MIDDLE EAST,+97142241000,http://www.hsbc.ae,AE,ARE,UNITED ARAB EMIRATES
407197,VISA,DEBIT,PREPAID CORPORATE T&E,ALINMA BANK,,,SA,SAU,SAUDI ARABIA
407226,VISA,CREDIT,PURCHASING,AL RAJHI BANKING AND INVESTMENT CORP.,4433 92 000 + 966 OR 33 334 601 +966,http://www.alrajhibank.com.sa,SA,SAU,SAUDI ARABIA
407247,VISA,DEBIT,PREPAID CLASSIC,BANQUE MISR,+20223912150,http://www.banquemisr.com,EG,EGY,EGYPT
407256,VISA,DEBIT,CLASSIC,BANQUE MISR,+20223912150,http://www.banquemisr.com,EG,EGY,EGYPT
407281,VISA,DEBIT,CORPORATE T&E,AL RAJHI BANKING AND INVESTMENT CORP.,4433 92 000 + 966 OR 33 334 601 +966,http://www.alrajhibank.com.sa,SA,SAU,SAUDI ARABIA
407288,VISA,DEBIT,CLASSIC,,,,QA,QAT,QATAR
407295,VISA,CREDIT,PLATINUM,GIB-SA,,,SA,SAU,SAUDI ARABIA
407392,VISA,DEBIT,BUSINESS,BANQUE SAUDI FRANSI,966 1 289 9999 OR 966 1 874 4000,http://www.alfransi.com.sa,SA,SAU,SAUDI ARABIA
407395,VISA,DEBIT,PREPAID CLASSIC,ALINMA BANK,,,SA,SAU,SAUDI ARABIA
407415,VISA,CREDIT,BUSINESS ENHANCED,BANQUE SAUDI FRANSI,966 1 289 9999 OR 966 1 874 4000,http://www.alfransi.com.sa,SA,SAU,SAUDI ARABIA
407416,VISA,CREDIT,SIGNATURE BUSINESS,FIRST ABU DHABI BANK (PJSC),,,AE,ARE,UNITED ARAB EMIRATES
407417,VISA,CREDIT,PLATINUM,BURGAN BANK (S.A.K.),,,KW,KWT,KUWAIT
407448,VISA,CREDIT,SIGNATURE BUSINESS,BANK AUDI SAL,,,LB,LBN,LEBANON
407470,VISA,CREDIT,CORPORATE T&E,BAHRAIN ISLAMIC BANK BSC,,,BH,BHR,BAHRAIN
407486,VISA,DEBIT,PREPAID CLASSIC,S.T.B. UNION LTD.,,,IL,ISR,ISRAEL
407507,VISA,CREDIT,INFINITE,FIRST ABU DHABI BANK (PJSC),,,AE,ARE,UNITED ARAB EMIRATES
407516,VISA,CREDIT,INFINITE,BANK LEUMI LE-ISRAEL BM,,,IL,ISR,ISRAEL
407517,VISA,CREDIT,BUSINESS,"MAX IT FINANCE, LTD.",,,IL,ISR,ISRAEL
407520,VISA,DEBIT,PLATINUM,GIB-SA,,,SA,SAU,SAUDI ARABIA
407545,VISA,DEBIT,PREPAID CLASSIC,BANKMUSCAT (SAOG),,,OM,OMN,OMAN
407598,VISA,CREDIT,BUSINESS,ABU DHABI ISLAMIC BANK,+97126100600,http://www.adib.ae,AE,ARE,UNITED ARAB EMIRATES
407620,VISA,CREDIT,BUSINESS,AL RAJHI BANKING AND INVESTMENT CORP.,4433 92 000 + 966 OR 33 334 601 +966,http://www.alrajhibank.com.sa,SA,SAU,SAUDI ARABIA
407654,VISA,CREDIT,BUSINESS ENHANCED,AL RAJHI BANKING AND INVESTMENT CORP.,4433 92 000 + 966 OR 33 334 601 +966,http://www.alrajhibank.com.sa,SA,SAU,SAUDI ARABIA
407670,VISA,CREDIT,INFINITE,STANDARD CHARTERED BANK,+96265607201,https://www.sc.com,JO,JOR,JORDAN
407710,VISA,CREDIT,CLASSIC,BAHRAIN ISLAMIC BANK B.S.C,,,BH,BHR,BAHRAIN
407775,VISA,DEBIT,PREPAID,BAHRAIN ISLAMIC BANK BSC,,,BH,BHR,BAHRAIN
407804,VISA,DEBIT,BUSINESS,STANDARD CHARTERED BANK,+971600522288,https://www.sc.com,AE,ARE,UNITED ARAB EMIRATES
407805,VISA,DEBIT,BUSINESS,STANDARD CHARTERED BANK,+971600522288,https://www.sc.com,AE,ARE,UNITED ARAB EMIRATES
407985,VISA,CREDIT,BUSINESS SIGNATURE,FRANSABANK S.A.L.,+9611340180,http://www.fransabank.com,LB,LBN,LEBANON
407989,VISA,DEBIT,PREPAID CLASSIC,AL BILAD BANK,9662918884,http://www.bankalbilad.com,SA,SAU,SAUDI ARABIA
408166,VISA,CREDIT,BUSINESS ENHANCED,BLOM BANK EGYPT,33039825- 33029951,http://www.blombankegypt.com,EG,EGY,EGYPT
408223,VISA,CREDIT,PLATINUM,CAPITAL BANK OF JORDAN PLC. CO.,,,JO,JOR,JORDAN
408238,VISA,DEBIT,BUSINESS ENHANCED,COMMERCIAL INTERNATIONAL BANK,+20227383011,http://www.cibeg.com,EG,EGY,EGYPT
408365,VISA,CREDIT,CLASSIC,BMI BANK B.S.C.,,,BH,BHR,BAHRAIN
408366,VISA,CREDIT,PLATINUM,BMI BANK B.S.C.,,,BH,BHR,BAHRAIN
408389,VISA,CREDIT,,COMMERCIAL BANK OF QATAR (Q.S.C.),+97444490000,http://www.cbq.com.qa,QA,QAT,QATAR
408458,VISA,CREDIT,INFINITE,BANQUE LIBANO-FRANCAISE SAL,,,LB,LBN,LEBANON
408520,VISA,DEBIT,BUSINESS,HABIB BANK AG ZURICH,+97180000006,http://www.bankalhabib.com,AE,ARE,UNITED ARAB EMIRATES
408565,VISA,DEBIT,PLATINUM,MASHREQBANK,+97143632250,http://www.mashreqbank.com,AE,ARE,UNITED ARAB EMIRATES
408597,VISA,CREDIT,PLATINUM,DUKHAN BANK,,,QA,QAT,QATAR
408630,VISA,CREDIT,,"COMMERCIAL BANK OF DUBAI, LTD.",,,AE,ARE,UNITED ARAB EMIRATES
408859,VISA,CREDIT,BUSINESS ENHANCED,HALA PAYMENT COMPANY,,,SA,SAU,SAUDI ARABIA
408965,VISA,CREDIT,GOLD,MASHREQBANK,,http://www.mashreqbank.com,EG,EGY,EGYPT
409000,VISA,DEBIT,CLASSIC,BANK OF ALEXANDRIA,1 9 0 3 3 OR (02) 3938623 - 3913822 - 3916796,http://www.alexbank.com,EG,EGY,EGYPT
409008,VISA,DEBIT,CLASSIC,EGYPTIAN NATIONAL POST ORGANISATION,44 (0)207 582 5220,http://www.balancingact-africa.com,EG,EGY,EGYPT
409054,VISA,DEBIT,CLASSIC,KUWAIT INTERNATIONAL BANK,+9651866866,http://www.kib.com.kw,KW,KWT,KUWAIT
409055,VISA,CREDIT,,KUWAIT REAL ESTATE BANK,,,KW,KWT,KUWAIT
409080,VISA,DEBIT,SIGNATURE,ARAB AFRICAN INTERNATIONAL BANK,+20224886679,http://www.aaib.com,EG,EGY,EGYPT
409090,VISA,CREDIT,CLASSIC,BANK OF ALEXANDRIA,1 9 0 3 3 OR (02) 3938623 - 3913822 - 3916796,http://www.alexbank.com,EG,EGY,EGYPT
409091,VISA,DEBIT,PREPAID CLASSIC,BANK NXT,,,EG,EGY,EGYPT
409092,VISA,DEBIT,CLASSIC,MASHREQBANK,,http://www.mashreqbank.com,EG,EGY,EGYPT
409093,VISA,DEBIT,PREPAID CLASSIC,BANQUE MISR,+20223912150,http://www.banquemisr.com,EG,EGY,EGYPT
409094,VISA,CREDIT,BUSINESS ENHANCED,BANQUE MISR,+20223912150,http://www.banquemisr.com,EG,EGY,EGYPT
409190,VISA,CREDIT,BUSINESS ENHANCED,BOUBYAN BANK K.S.C.,,,KW,KWT,KUWAIT
409201,VISA,DEBIT,PLATINUM,AL RAJHI BANKING AND INVESTMENT CORP.,4433 92 000 + 966 OR 33 334 601 +966,http://www.alrajhibank.com.sa,SA,SAU,SAUDI ARABIA
409204,VISA,CREDIT,CLASSIC,GULF COMMERCIAL BANK,,,IQ,IRQ,IRAQ
409218,VISA,DEBIT,CLASSIC,AL-JANOOB ISLAMIC BANK FOR INVESTMENT AND FINANCING,,,IQ,IRQ,IRAQ
409240,VISA,DEBIT,CLASSIC,KURDISTAN INTERNATIONAL ISLAMIC BANK FOR INVESTMENT AND DEVELOPMENT,,,IQ,IRQ,IRAQ
409246,VISA,CREDIT,ULTRA HIGH NET WORTH,AL RAJHI BANKING AND INVESTMENT CORP.,4433 92 000 + 966 OR 33 334 601 +966,http://www.alrajhibank.com.sa,SA,SAU,SAUDI ARABIA
409252,VISA,CREDIT,INFINITE,AMWAL FOR ELECTRONIC BANKING SERVICES CO.,,,IQ,IRQ,IRAQ
409307,VISA,CREDIT,PLATINUM,ABU DHABI COMMERCIAL BANK,+97126962222,http://www.adcb.com,AE,ARE,UNITED ARAB EMIRATES
409319,VISA,CREDIT,PLATINUM,ABU DHABI COMMERCIAL BANK,+97126962222,http://www.adcb.com,AE,ARE,UNITED ARAB EMIRATES
409381,VISA,DEBIT,PLATINUM,STANDARD CHARTERED BANK,+971600522288,https://www.sc.com,AE,ARE,UNITED ARAB EMIRATES
409399,VISA,CREDIT,SIGNATURE,THE HOUSING BANK FOR TRADE & FINANCE,,,JO,JOR,JORDAN
409567,VISA,DEBIT,BUSINESS ENHANCED,"NATIONAL BANK OF KUWAIT, S.A.K.",+96522422011,http://www.nbk.com,KW,KWT,KUWAIT
409608,VISA,CREDIT,PLATINUM,ARAB JORDAN INVESTMENT BANK,,,JO,JOR,JORDAN
409684,VISA,CREDIT,CLASSIC,NATIONAL BANK OF FUJAIRAH,,,AE,ARE,UNITED ARAB EMIRATES
409685,VISA,CREDIT,PLATINUM,NATIONAL BANK OF FUJAIRAH,,,AE,ARE,UNITED ARAB EMIRATES
409688,VISA,CREDIT,BUSINESS,NATIONAL BANK OF FUJAIRAH,,,AE,ARE,UNITED ARAB EMIRATES
409709,VISA,CREDIT,CLASSIC,AREEBA SAL,,,LB,LBN,LEBANON
409735,VISA,CREDIT,SIGNATURE,GLOBAL DIGITAL FINANCIAL SOLUTIONS CO.,,,SA,SAU,SAUDI ARABIA
409737,VISA,CREDIT,PLATINUM,CREDIT LIBANAIS S.A.L.,+9611900111,http://www.creditlibanais.com.lb,LB,LBN,LEBANON
409738,VISA,DEBIT,ELECTRON,CREDIT LIBANAIS S.A.L.,+9611900111,http://www.creditlibanais.com.lb,LB,LBN,LEBANON
409770,VISA,CREDIT,CORPORATE T&E,FIRST ABU DHABI BANK (PJSC),,,AE,ARE,UNITED ARAB EMIRATES
409772,VISA,DEBIT,PREPAID CORPORATE T&E,THE SAUDI INVESTMENT BANK,,,SA,SAU,SAUDI ARABIA
409786,VISA,CREDIT,PLATINUM,"BANK OF BEIRUT, SAL",,,LB,LBN,LEBANON
409787,VISA,CREDIT,INFINITE,BANK OF BEIRUT SAL,,,LB,LBN,LEBANON
409789,VISA,DEBIT,ELECTRON,EGYPTIAN NATIONAL POST ORGANISATION,44 (0)207 582 5220,http://www.balancingact-africa.com,EG,EGY,EGYPT
409791,VISA,CREDIT,CLASSIC,"BANK OF BEIRUT, SAL",,,LB,LBN,LEBANON
409793,VISA,CREDIT,PLATINUM,BANK OF BEIRUT SAL,,,LB,LBN,LEBANON
409854,VISA,CREDIT,PLATINUM,BANQUE LIBANO-FRANCAISE SAL,,,LB,LBN,LEBANON
409887,VISA,DEBIT,BUSINESS ENHANCED,WIO BANK PJSC,,,AE,ARE,UNITED ARAB EMIRATES
409903,VISA,CREDIT,INFINITE,HSBC BANK - EGYPT SAE,+20235359100,http://www.hsbc.com.eg,EG,EGY,EGYPT
410036,VISA,CREDIT,REWARDS,FIRST ABU DHABI BANK (PJSC),,,AE,ARE,UNITED ARAB EMIRATES
410037,VISA,CREDIT,REWARDS,FIRST ABU DHABI BANK (PJSC),,,AE,ARE,UNITED ARAB EMIRATES
410101,VISA,DEBIT,GOLD,ATTIJARIWAFA BANK EGYPT S.A.E,,,EG,EGY,EGYPT
410110,VISA,CREDIT,CLASSIC,ATTIJARIWAFA BANK EGYPT S.A.E,,,EG,EGY,EGYPT
410111,VISA,CREDIT,GOLD,ATTIJARIWAFA BANK EGYPT S.A.E,,,EG,EGY,EGYPT
410112,VISA,CREDIT,BUSINESS,ATTIJARIWAFA BANK EGYPT S.A.E,,,EG,EGY,EGYPT
410124,VISA,CREDIT,ULTRA HIGH NET WORTH,"NATIONAL BANK OF KUWAIT, S.A.K.",+96522422011,http://www.nbk.com,KW,KWT,KUWAIT
410155,VISA,CREDIT,PLATINUM,DUBAI ISLAMIC BANK,,http://www.alislami.ae,AE,ARE,UNITED ARAB EMIRATES
410156,VISA,CREDIT,PLATINUM,DUBAI ISLAMIC BANK,,http://www.alislami.ae,AE,ARE,UNITED ARAB EMIRATES
410157,VISA,CREDIT,,ABU DHABI ISLAMIC BANK,+97126100600,http://www.adib.ae,AE,ARE,UNITED ARAB EMIRATES
410162,VISA,DEBIT,PREPAID PLATINUM,FIRST ABU DHABI BANK (PJSC),,,AE,ARE,UNITED ARAB EMIRATES
410173,VISA,CREDIT,PLATINUM,FRANSABANK S.A.L.,+9611340180,http://www.fransabank.com,LB,LBN,LEBANON
410188,VISA,DEBIT,PREPAID CLASSIC,AREEBA IRAQ FOR INFORMATION TECHNOLOGIES LLC,,,IQ,IRQ,IRAQ
410189,VISA,DEBIT,PREPAID PLATINUM,AREEBA IRAQ FOR INFORMATION TECHNOLOGIES LLC,,,IQ,IRQ,IRAQ
410190,VISA,DEBIT,PLATINUM,ATTIJARIWAFA BANK EGYPT S.A.E,,,EG,EGY,EGYPT
410191,VISA,DEBIT,CLASSIC,MASHREQBANK,,http://www.mashreqbank.com,EG,EGY,EGYPT
410214,VISA,CREDIT,BUSINESS,ASEEL FINANCE JSC,,,AE,ARE,UNITED ARAB EMIRATES
410248,VISA,CREDIT,CLASSIC,AL RAJHI BANKING AND INVESTMENT CORP.,4433 92 000 + 966 OR 33 334 601 +966,http://www.alrajhibank.com.sa,SA,SAU,SAUDI ARABIA
410249,VISA,DEBIT,PREPAID BUSINESS,AL RAJHI BANKING AND INVESTMENT CORP.,4433 92 000 + 966 OR 33 334 601 +966,http://www.alrajhibank.com.sa,SA,SAU,SAUDI ARABIA
410251,VISA,CREDIT,PLATINUM,AM BANK S.A.L.,,,LB,LBN,LEBANON
410327,VISA,CREDIT,CLASSIC,ABU DHABI COMMERCIAL BANK - ADCB - EGYPT,,,EG,EGY,EGYPT
410328,VISA,CREDIT,GOLD,ABU DHABI COMMERCIAL BANK - ADCB - EGYPT,,,EG,EGY,EGYPT
410339,VISA,CREDIT,PLATINUM,JORDAN AHLI BANK,+96265007777,http://www.ahli.com,JO,JOR,JORDAN
410356,VISA,CREDIT,CLASSIC,SOHAR INTERNATIONAL BANK (S.A.O.G),,,OM,OMN,OMAN
410357,VISA,CREDIT,GOLD,SOHAR INTERNATIONAL BANK (S.A.O.G),,,OM,OMN,OMAN
410358,VISA,CREDIT,PLATINUM,SOHAR INTERNATIONAL BANK (S.A.O.G),,,OM,OMN,OMAN
410359,VISA,CREDIT,CLASSIC,SOHAR INTERNATIONAL BANK (S.A.O.G),,,OM,OMN,OMAN
410360,VISA,DEBIT,ELECTRON,SOHAR INTERNATIONAL BANK (S.A.O.G),,,OM,OMN,OMAN
410467,VISA,CREDIT,UHNW,BLOM BANK S.A.L.,(961-1) 738938 - 743300 OR (961-1) 372780 - 370830 - 373102,http://www.blom.com.lb,LB,LBN,LEBANON
410469,VISA,DEBIT,PLATINUM,SOHAR INTERNATIONAL BANK (S.A.O.G),,,OM,OMN,OMAN
410494,VISA,CREDIT,SIGNATURE,AHLI BANK (S.A.O.G),,,OM,OMN,OMAN
410495,VISA,DEBIT,BUSINESS,EMIRATES NBD BANK (P.J.S.C.),+971800456,http://www.emiratesnbd.com,AE,ARE,UNITED ARAB EMIRATES
410521,VISA,CREDIT,CLASSIC,DUBAI ISLAMIC BANK,,http://www.alislami.ae,AE,ARE,UNITED ARAB EMIRATES
410536,VISA,DEBIT,PLATINUM,ARAB BANKING CORPORATION - EGYPT,,http://www.arabbanking.com,EG,EGY,EGYPT
410537,VISA,CREDIT,CLASSIC,,,,BH,BHR,BAHRAIN
410538,VISA,CREDIT,GOLD,AL SALAM BANK,,,BH,BHR,BAHRAIN
410560,VISA,DEBIT,PREPAID CLASSIC,BANQUE MISR,+20223912150,http://www.banquemisr.com,EG,EGY,EGYPT
410573,VISA,CREDIT,BUSINESS,AL AHLY BANK OF KUWAIT / EGYPT,,,EG,EGY,EGYPT
410574,VISA,CREDIT,CLASSIC,"PIRAEUS BANK EGYPT, S.A.E.",(02) 576-4644,,EG,EGY,EGYPT
410575,VISA,CREDIT,SIGNATURE,JORDAN ISLAMIC BANK,,,JO,JOR,JORDAN
410591,VISA,DEBIT,,,,,EG,EGY,EGYPT
410592,VISA,DEBIT,CLASSIC,"PIRAEUS BANK EGYPT, S.A.E.",(02) 576-4644,,EG,EGY,EGYPT
410606,VISA,CREDIT,CLASSIC,KUWAIT FINANCE HOUSE,+9651803333,http://www.kfh.com,KW,KWT,KUWAIT
410621,VISA,DEBIT,BUSINESS ENHANCED,AL RAJHI BANKING AND INVESTMENT CORP.,4433 92 000 + 966 OR 33 334 601 +966,http://www.alrajhibank.com.sa,SA,SAU,SAUDI ARABIA
410648,VISA,DEBIT,PREPAID,INVEST BANK PLC,58 (212) 92 98 31,http://www.investbank.jo,JO,JOR,JORDAN
410680,VISA,CREDIT,CLASSIC,QATAR INTERNATIONAL ISLAMIC BANK,,http://www.qiib.com.qa,QA,QAT,QATAR
410681,VISA,CREDIT,GOLD,QATAR INTERNATIONAL ISLAMIC BANK,,http://www.qiib.com.qa,QA,QAT,QATAR
410682,VISA,CREDIT,PLATINUM,EMIRATES NBD BANK (P.J.S.C.),,http://www.emiratesnbd.com,SA,SAU,SAUDI ARABIA
410683,VISA,CREDIT,PLATINUM,EMIRATES NBD BANK (P.J.S.C.),,http://www.emiratesnbd.com,SA,SAU,SAUDI ARABIA
410684,VISA,CREDIT,PLATINUM,EMIRATES NBD BANK (P.J.S.C.),,http://www.emiratesnbd.com,SA,SAU,SAUDI ARABIA
410685,VISA,DEBIT,CLASSIC,EMIRATES NBD BANK (P.J.S.C.),,http://www.emiratesnbd.com,SA,SAU,SAUDI ARABIA
410724,VISA,CREDIT,GOLD,BANQUE MISR,+20223912150,http://www.banquemisr.com,EG,EGY,EGYPT
410735,VISA,CREDIT,,QATAR INTERNATIONAL ISLAMIC BANK,,http://www.qiib.com.qa,QA,QAT,QATAR
410736,VISA,DEBIT,PREPAID CLASSIC,BANKMED SAL,,,LB,LBN,LEBANON
410737,VISA,DEBIT,PREPAID CLASSIC,BANKMED SAL,,,LB,LBN,LEBANON
410769,VISA,CREDIT,INFINITE,BANK AUDI SAL,,,LB,LBN,LEBANON
410786,VISA,DEBIT,CLASSIC,ARAB JORDAN INVESTMENT BANK,,,JO,JOR,JORDAN
410790,VISA,DEBIT,PREPAID CLASSIC,BANKMED SAL,,,LB,LBN,LEBANON
410805,VISA,CREDIT,INFINITE,QATAR ISLAMIC BANK (S.A.Q.),+97444385555,,QA,QAT,QATAR
410834,VISA,DEBIT,PREPAID CORPORATE T&E,SAUDI AWWAL BANK,,,SA,SAU,SAUDI ARABIA
410851,VISA,CREDIT,SIGNATURE,DAR ES SALAAM INVESTMENT BANK,+96417196488,http://www.desiraq.com,IQ,IRQ,IRAQ
410861,VISA,DEBIT,PLATINUM,INTERNATIONAL DEVELOPMENT BANK FOR INVESTMENT AND FINANCE,,,IQ,IRQ,IRAQ
410890,VISA,DEBIT,PREPAID CLASSIC,INTERNATIONAL DEVELOPMENT BANK FOR INVESTMENT AND FINANCE,,,IQ,IRQ,IRAQ
410896,VISA,DEBIT,CLASSIC,BANK AL ETIHAD,,,JO,JOR,JORDAN
410899,VISA,DEBIT,REWARDS,QATAR ISLAMIC BANK (S.A.Q.),+97444385555,,QA,QAT,QATAR
410915,VISA,DEBIT,PREPAID,CREDIT CARD SERVICE COMPANY JORDAN LTD.,,,JO,JOR,JORDAN
411040,VISA,CREDIT,CLASSIC,CSCBANK SAL,,,LB,LBN,LEBANON
411092,VISA,CREDIT,REWARDS,BANK AL JAZIRA,(966) 2 609 8888,http://www.baj.com.sa,SA,SAU,SAUDI ARABIA
411166,VISA,CREDIT,PLATINUM,ALAWWAL BANK,,,SA,SAU,SAUDI ARABIA
411167,VISA,CREDIT,PLATINUM,ALAWWAL BANK,,,SA,SAU,SAUDI ARABIA
411429,VISA,DEBIT,BUSINESS ENHANCED,CAPITAL BANK OF JORDAN PLC. CO.,,,JO,JOR,JORDAN
411557,VISA,DEBIT,PLATINUM,MASHREQ BANK,+97143632250,http://www.mashreqbank.com,AE,ARE,UNITED ARAB EMIRATES
411627,VISA,CREDIT,BUSINESS SIGNATURE,AHLI BANK Q.S.C.,(974) 4232222,http://www.ahlibank.com.qa,QA,QAT,QATAR
411642,VISA,CREDIT,CLASSIC,BANK AUDI S.A.L. - AUDI SARADAR GROUP,,,JO,JOR,JORDAN
411643,VISA,CREDIT,GOLD,BANK AUDI S.A.L. - AUDI SARADAR GROUP,,,JO,JOR,JORDAN
411644,VISA,CREDIT,PLATINUM,BANK AUDI S.A.L. - AUDI SARADAR GROUP,,,JO,JOR,JORDAN
411645,VISA,DEBIT,CLASSIC,CAPITAL BANK OF JORDAN PLC. CO.,,,JO,JOR,JORDAN
411651,VISA,CREDIT,CLASSIC,BANK DHOFAR (S.A.O.G.),+96824791111 / +96824790466,http://www.bankdhofar.com,OM,OMN,OMAN
411654,VISA,CREDIT,,BLOM BANK S.A.L.,(961-1) 738938 - 743300 OR (961-1) 372780 - 370830 - 373102,http://www.blom.com.lb,LB,LBN,LEBANON
411657,VISA,CREDIT,SIGNATURE,QATAR NATIONAL BANK (Q.P.S.C.),,,QA,QAT,QATAR
411688,VISA,CREDIT,,"OMAN ARAB BANK, SAOC",,,OM,OMN,OMAN
411730,VISA,CREDIT,,WARKA BANK FOR INVESTMENT AND FINANCE,961 1 972 093,http://www.warka-bank.com,IQ,IRQ,IRAQ
411732,VISA,CREDIT,,WARKA BANK FOR INVESTMENT AND FINANCE,961 1 972 093,http://www.warka-bank.com,IQ,IRQ,IRAQ
411738,VISA,CREDIT,,WARKA BANK FOR INVESTMENT AND FINANCE,961 1 972 093,http://www.warka-bank.com,IQ,IRQ,IRAQ
411739,VISA,DEBIT,PREPAID CLASSIC,NATIONAL BANK OF EGYPT,,http://www.nbe.com.eg,EG,EGY,EGYPT
411891,VISA,CREDIT,,,,,AE,ARE,UNITED ARAB EMIRATES
411922,VISA,DEBIT,PLATINUM,BYBLOS BANK SAL,,,IQ,IRQ,IRAQ
411939,VISA,CREDIT,PLATINUM,HSBC BANK MIDDLE EAST,+97142241000,http://www.hsbc.ae,AE,ARE,UNITED ARAB EMIRATES
411981,VISA,DEBIT,CLASSIC,QATAR INTERNATIONAL ISLAMIC BANK,,http://www.qiib.com.qa,QA,QAT,QATAR
411993,VISA,CREDIT,,BANK DHOFAR (S.A.O.G.),+96824791111 / +96824790466,http://www.bankdhofar.com,OM,OMN,OMAN
412113,VISA,CREDIT,PLATINUM,THE SAUDI NATIONAL BANK,,,SA,SAU,SAUDI ARABIA
412143,VISA,DEBIT,PREPAID CLASSIC,QATAR NATIONAL BANK S.A.E,,,EG,EGY,EGYPT
412380,VISA,DEBIT,TRAVEL MONEY,INTL HDQTRS-CENTER OWNED,,,IL,ISR,ISRAEL
412465,VISA,CREDIT,,AHLI BANK LTD. (S.A.O.G.),,,OM,OMN,OMAN
412478,VISA,CREDIT,PLATINUM,NATIONAL BANK OF BAHRAIN B. S. C.,,,BH,BHR,BAHRAIN
412518,VISA,CREDIT,PLATINUM,ALAWWAL BANK,,,SA,SAU,SAUDI ARABIA
412551,VISA,CREDIT,CORPORATE T&E,"ISRACARD, LTD.",,,IL,ISR,ISRAEL
412565,VISA,DEBIT,CLASSIC,ALINMA BANK,,,SA,SAU,SAUDI ARABIA
412585,VISA,DEBIT,PLATINUM,STANDARD CHARTERED BANK,+97444248601,https://www.sc.com,QA,QAT,QATAR
412587,VISA,DEBIT,CLASSIC,STANDARD CHARTERED BANK,+97317531532,https://www.sc.com,BH,BHR,BAHRAIN
412588,VISA,CREDIT,PLATINUM,BANK AUDI S.A.L. - AUDI SARADAR GROUP,,,LB,LBN,LEBANON
412620,VISA,DEBIT,BUSINESS ENHANCED,COMMERCIAL BANK OF DUBAI(PSC),,,AE,ARE,UNITED ARAB EMIRATES
412621,VISA,CREDIT,REWARDS,EMIRATES NBD BANK (P.J.S.C.),,http://www.emiratesnbd.com,AE,ARE,UNITED ARAB EMIRATES
412733,VISA,DEBIT,BUSINESS ENHANCED,COMMERCIAL BANK OF DUBAI(PSC),,,AE,ARE,UNITED ARAB EMIRATES
412734,VISA,DEBIT,GOLD,IRAQ NOOR ISLAMIC BANK FOR INVESTMENT AND FINANCE,,,IQ,IRQ,IRAQ
412735,VISA,CREDIT,GOLD,LLOYDS BANK PLC,+97143422000,http://www.lloydsbankinggroup.com,AE,ARE,UNITED ARAB EMIRATES
412761,VISA,CREDIT,SIGNATURE,DUBAI ISLAMIC BANK,,http://www.alislami.ae,AE,ARE,UNITED ARAB EMIRATES
412767,VISA,DEBIT,GOLD,CREDIT LIBANAIS S.A.L.,+9611900111,http://www.creditlibanais.com.lb,LB,LBN,LEBANON
412771,VISA,CREDIT,GOLD,BYBLOS BANK,,,LB,LBN,LEBANON
412772,VISA,CREDIT,REWARDS,BYBLOS BANK SAL,,,LB,LBN,LEBANON
412784,VISA,CREDIT,CLASSIC,NATIONAL BANK OF EGYPT,,http://www.nbe.com.eg,EG,EGY,EGYPT
412785,VISA,CREDIT,GOLD,NATIONAL BANK OF EGYPT,,http://www.nbe.com.eg,EG,EGY,EGYPT
412932,VISA,CREDIT,PLATINUM,MASHREQBANK,,http://www.mashreqbank.com,EG,EGY,EGYPT
412940,VISA,CREDIT,PLATINUM,BANK AL ETIHAD,,,JO,JOR,JORDAN
413011,VISA,DEBIT,CLASSIC,JORDAN ISLAMIC BANK,,,JO,JOR,JORDAN
413018,VISA,DEBIT,,COMMERCIAL INTERNATIONAL BANK,+20227383011,http://www.cibeg.com,EG,EGY,EGYPT
413030,VISA,CREDIT,BUSINESS ENHANCED,BANK NXT,,,EG,EGY,EGYPT
413033,VISA,CREDIT,SIGNATURE BUSINESS,KUWAIT INTERNATIONAL BANK,+9651866866,http://www.kib.com.kw,KW,KWT,KUWAIT
413049,VISA,CREDIT,CLASSIC,COMMERCIAL INTERNATIONAL BANK,+20227383011,http://www.cibeg.com,EG,EGY,EGYPT
413050,VISA,CREDIT,PLATINUM,BLOM BANK S.A.L.,(961-1) 738938 - 743300 OR (961-1) 372780 - 370830 - 373102,http://www.blom.com.lb,LB,LBN,LEBANON
413088,VISA,CREDIT,GOLD,COMMERCIAL INTERNATIONAL BANK,+20227383011,http://www.cibeg.com,EG,EGY,EGYPT
413094,VISA,CREDIT,CLASSIC,COMMERCIAL INTERNATIONAL BANK,+20227383011,http://www.cibeg.com,EG,EGY,EGYPT
413095,VISA,DEBIT,GOLD,COMMERCIAL INTERNATIONAL BANK,+20227383011,http://www.cibeg.com,EG,EGY,EGYPT
413096,VISA,CREDIT,SIGNATURE,CREDIT AGRICOLE EGYPT S.A.E.,+20952381002,http://www.ca-egypt.com,EG,EGY,EGYPT
413155,VISA,CREDIT,INFINITE,ABU DHABI COMMERCIAL BANK,+97126962222,http://www.adcb.com,AE,ARE,UNITED ARAB EMIRATES
413273,VISA,CREDIT,INFINITE,HABIB BANK AG ZURICH,+97180000006,http://www.bankalhabib.com,AE,ARE,UNITED ARAB EMIRATES
413292,VISA,CREDIT,SIGNATURE,BANKMUSCAT (SAOG),,,OM,OMN,OMAN
413293,VISA,DEBIT,CLASSIC,SOHAR INTERNATIONAL BANK (S.A.O.G),,,OM,OMN,OMAN
413298,VISA,DEBIT,SIGNATURE,BANK DHOFAR (S.A.O.G.),+96824791111 / +96824790466,http://www.bankdhofar.com,OM,OMN,OMAN
413299,VISA,CREDIT,PLATINUM,EMIRATES ISLAMIC BANK P.J.S.C.,,,AE,ARE,UNITED ARAB EMIRATES
413353,VISA,CREDIT,GOLD,,,,LB,LBN,LEBANON
413540,VISA,DEBIT,PREPAID CLASSIC,IRAQ NOOR ISLAMIC BANK FOR INVESTMENT AND FINANCE,,,IQ,IRQ,IRAQ
413554,VISA,DEBIT,PREPAID PLATINUM,FIRST ABU DHABI BANK (PJSC),,,AE,ARE,UNITED ARAB EMIRATES
413685,VISA,CREDIT,UHNW,BOUBYAN BANK,,,KW,KWT,KUWAIT
413742,VISA,CREDIT,CLASSIC,BAHRAIN ISLAMIC BANK B.S.C,,,BH,BHR,BAHRAIN
413743,VISA,CREDIT,REWARDS,BAHRAIN ISLAMIC BANK BSC,,,BH,BHR,BAHRAIN
413744,VISA,CREDIT,PLATINUM,BAHRAIN ISLAMIC BANK B.S.C,,,BH,BHR,BAHRAIN
413745,VISA,DEBIT,CLASSIC,BAHRAIN ISLAMIC BANK BSC,,,BH,BHR,BAHRAIN
413823,VISA,CREDIT,PLATINUM,STANDARD CHARTERED BANK,+96265607201,https://www.sc.com,JO,JOR,JORDAN
413839,VISA,CREDIT,CLASSIC,EMIRATES ISLAMIC BANK P.J.S.C.,,,AE,ARE,UNITED ARAB EMIRATES
413840,VISA,CREDIT,SIGNATURE,EMIRATES ISLAMIC BANK P.J.S.C.,,,AE,ARE,UNITED ARAB EMIRATES
413841,VISA,CREDIT,PLATINUM,EMIRATES ISLAMIC BANK P.J.S.C.,,,AE,ARE,UNITED ARAB EMIRATES
413842,VISA,DEBIT,ELECTRON,EMIRATES NBD,+971800456,http://www.emiratesnbd.com,AE,ARE,UNITED ARAB EMIRATES
413861,VISA,CREDIT,PLATINUM,STANDARD CHARTERED BANK,+97317531532,https://www.sc.com,BH,BHR,BAHRAIN
414026,VISA,CREDIT,SIGNATURE,GIB-SA,,,SA,SAU,SAUDI ARABIA
414057,VISA,CREDIT,REWARDS,BANK AUDI SAL,,,LB,LBN,LEBANON
414079,VISA,DEBIT,PREPAID CLASSIC,QATAR NATIONAL BANK S.A.E,,,EG,EGY,EGYPT
414082,VISA,CREDIT,PLATINUM,QATAR ISLAMIC BANK (S.A.Q.),+97444385555,,QA,QAT,QATAR
414090,VISA,CREDIT,GOLD,BANK AL JAZIRA,(966) 2 609 8888,http://www.baj.com.sa,SA,SAU,SAUDI ARABIA
414383,VISA,CREDIT,PLATINUM,ARAB JORDAN INVESTMENT BANK,,,JO,JOR,JORDAN
414393,VISA,DEBIT,CLASSIC,QATAR ISLAMIC BANK (S.A.Q.),+97444385555,,QA,QAT,QATAR
414444,VISA,CREDIT,SIGNATURE,NATIONAL BANK OF BAHRAIN B. S. C.,,,BH,BHR,BAHRAIN
414478,VISA,CREDIT,CLASSIC,SAUDI BRITISH BANK,,http://www.sabb.com,SA,SAU,SAUDI ARABIA
414479,VISA,CREDIT,,HSBC BANK - EGYPT SAE,+20235359100,http://www.hsbc.com.eg,EG,EGY,EGYPT
414566,VISA,CREDIT,SIGNATURE,BLOM BANK S.A.L.,(961-1) 738938 - 743300 OR (961-1) 372780 - 370830 - 373102,http://www.blom.com.lb,LB,LBN,LEBANON
414617,VISA,DEBIT,GOLD,FRANSABANK S.A.L.,+9611340180,http://www.fransabank.com,LB,LBN,LEBANON
414619,VISA,CREDIT,INFINITE,AHLI UNITED BANK B.S.C.,+97317710559,http://www.ahliunited.com,BH,BHR,BAHRAIN
414627,VISA,CREDIT,PLATINUM,AL RAJHI BANKING AND INVESTMENT CORP.,4433 92 000 + 966 OR 33 334 601 +966,http://www.alrajhibank.com.sa,SA,SAU,SAUDI ARABIA
414662,VISA,DEBIT,PLATINUM,MASHREQBANK,+97143632250,http://www.mashreqbank.com,AE,ARE,UNITED ARAB EMIRATES
414672,VISA,CREDIT,CLASSIC,SOCIETE GENERALE DE BANQUE AU LIBAN S.A.L (SGBL),1274477777,http://www.sgbl.com.lb,LB,LBN,LEBANON
414673,VISA,CREDIT,GOLD,SOCIETE GENERALE DE BANQUE AU LIBAN S.A.L (SGBL),1274477777,http://www.sgbl.com.lb,LB,LBN,LEBANON
414674,VISA,DEBIT,ELECTRON,SOCIETE GENERALE DE BANQUE AU LIBAN S.A.L (SGBL),1274477777,http://www.sgbl.com.lb,LB,LBN,LEBANON
414687,VISA,CREDIT,CLASSIC,STANDARD CHARTERED BANK,+96265607201,https://www.sc.com,JO,JOR,JORDAN
414689,VISA,CREDIT,GOLD,STANDARD CHARTERED BANK,+96265607201,https://www.sc.com,JO,JOR,JORDAN
414692,VISA,DEBIT,PREPAID CLASSIC,CREDIT CARD SERVICE COMPANY JORDAN LTD.,,,JO,JOR,JORDAN
414694,VISA,DEBIT,GOLD,CREDIT LIBANAIS S.A.L.,+9611900111,http://www.creditlibanais.com.lb,LB,LBN,LEBANON
414695,VISA,DEBIT,ELECTRON,CREDIT LIBANAIS S.A.L.,+9611900111,http://www.creditlibanais.com.lb,LB,LBN,LEBANON
414758,VISA,CREDIT,PLATINUM,NETWORK INTERNATIONAL LLC,,,AE,ARE,UNITED ARAB EMIRATES
414769,VISA,DEBIT,CLASSIC,NATIONAL BANK OF IRAQ,,,IQ,IRQ,IRAQ
414822,VISA,DEBIT,PREPAID,ABU DHABI ISLAMIC BANK,+97126100600,http://www.adib.ae,AE,ARE,UNITED ARAB EMIRATES
414841,VISA,CREDIT,ULTRA HIGH NET WORTH,BANK AL JAZIRA,(966) 2 609 8888,http://www.baj.com.sa,SA,SAU,SAUDI ARABIA
414940,VISA,CREDIT,BUSINESS ENHANCED,ARAB BANKING CORPORATION - EGYPT,,http://www.arabbanking.com,EG,EGY,EGYPT
414958,VISA,DEBIT,PREPAID CLASSIC,ARAB BANK PLC,+97144450000,http://www.arabbank.jo,AE,ARE,UNITED ARAB EMIRATES
414965,VISA,CREDIT,PLATINUM,FIRST ABU DHABI BANK (PJSC),,,AE,ARE,UNITED ARAB EMIRATES
414966,VISA,DEBIT,PREPAID,FIRST ABU DHABI BANK PJSC,+971600525500,https://www.bankfab.com,AE,ARE,UNITED ARAB EMIRATES
415008,VISA,DEBIT,PREPAID,ATTIJARIWAFA BANK EGYPT S.A.E.,,,EG,EGY,EGYPT
415047,VISA,DEBIT,PREPAID CORPORATE T&E,SAUDI AWWAL BANK,,,SA,SAU,SAUDI ARABIA
415050,VISA,CREDIT,CLASSIC,NATIONAL BANK OF OMAN LTD. (S.A.O.G.),,,AE,ARE,UNITED ARAB EMIRATES
415051,VISA,CREDIT,GOLD,NATIONAL BANK OF OMAN LTD. (S.A.O.G.),,,AE,ARE,UNITED ARAB EMIRATES
415052,VISA,CREDIT,SIGNATURE,BANQUE MISR,+20223912150,http://www.banquemisr.com,EG,EGY,EGYPT
415078,VISA,CREDIT,CLASSIC,AHLI UNITED BANK B.S.C.,+97317710559,http://www.ahliunited.com,BH,BHR,BAHRAIN
415079,VISA,CREDIT,GOLD,AHLI UNITED BANK B.S.C.,+97317710559,http://www.ahliunited.com,BH,BHR,BAHRAIN
415161,VISA,DEBIT,PREPAID CORPORATE T&E,MASRAF AL RAYAN,+97444253333,http://www.alrayan.com,QA,QAT,QATAR
415163,VISA,CREDIT,PLATINUM,MASRAF AL RAYAN,+97444253333,http://www.alrayan.com,QA,QAT,QATAR
415164,VISA,CREDIT,INFINITE,MASRAF AL RAYAN,+97444253333,http://www.alrayan.com,QA,QAT,QATAR
415165,VISA,DEBIT,PREPAID CLASSIC,QATAR ISLAMIC BANK (S.A.Q.),+97444385555,,QA,QAT,QATAR
415166,VISA,DEBIT,PREPAID PLATINUM,THE COMMERCIAL BANK OF QATAR (Q.S.C.),,,QA,QAT,QATAR
415180,VISA,DEBIT,PLATINUM,MASRAF AL RAYAN,+97444253333,http://www.alrayan.com,QA,QAT,QATAR
415190,VISA,DEBIT,PREPAID CLASSIC,NATIONAL BANK OF IRAQ,,,IQ,IRQ,IRAQ
415246,VISA,CREDIT,PLATINUM,TRADE BANK OF IRAQ,+96415433561,http://www.tbiraq.com,IQ,IRQ,IRAQ
415254,VISA,DEBIT,CLASSIC,BURGAN BANK (S.A.K.),,,KW,KWT,KUWAIT
415270,VISA,CREDIT,CLASSIC,FIRST ABU DHABI BANK (PJSC),,,AE,ARE,UNITED ARAB EMIRATES
415271,VISA,CREDIT,INFINITE,FIRST ABU DHABI BANK PJSC,+971600525500,https://www.bankfab.com,AE,ARE,UNITED ARAB EMIRATES
415286,VISA,CREDIT,PLATINUM,BAHRAIN ISLAMIC BANK BSC,,,BH,BHR,BAHRAIN
415302,VISA,CREDIT,SIGNATURE,EMIRATES LEBANON BANK SAL,,,LB,LBN,LEBANON
415303,VISA,CREDIT,SIGNATURE,EMIRATES LEBANON BANK SAL,,,LB,LBN,LEBANON
415321,VISA,CREDIT,GOLD,AHLI UNITED BANK - EGYPT,+20225801200,http://www.ahliunited.com,EG,EGY,EGYPT
415326,VISA,CREDIT,GOLD,ARAB AFRICAN INTERNATIONAL BANK,+20224886679,http://www.aaib.com,EG,EGY,EGYPT
415349,VISA,CREDIT,,CREDIT LIBANAIS S.A.L.,+9611900111,http://www.creditlibanais.com.lb,LB,LBN,LEBANON
415416,VISA,DEBIT,PLATINUM,BANQUE MISR,+97126273000,http://www.banquemisr.com,AE,ARE,UNITED ARAB EMIRATES
415435,VISA,CREDIT,BUSINESS ENHANCED,THE HOUSING BANK FOR TRADE & FINANCE,,,JO,JOR,JORDAN
415437,VISA,DEBIT,PREPAID PLATINUM,CREDIT CARD SERVICE COMPANY JORDAN LTD.,,,JO,JOR,JORDAN
415439,VISA,DEBIT,PLATINUM,MASHREQBANK,,http://www.mashreqbank.com,EG,EGY,EGYPT
415453,VISA,DEBIT,SIGNATURE,COMMERCIAL INTERNATIONAL BANK,+20227383011,http://www.cibeg.com,EG,EGY,EGYPT
415456,VISA,DEBIT,PREPAID CLASSIC,QATAR ISLAMIC BANK (S.A.Q.),+97444385555,,QA,QAT,QATAR
415464,VISA,DEBIT,CLASSIC,KHALEEJI BANK B.S.C,,,BH,BHR,BAHRAIN
415483,VISA,CREDIT,CORPORATE T&E,NYMCARD PAYMENT SERVICES L.L.C.,,,AE,ARE,UNITED ARAB EMIRATES
415516,VISA,DEBIT,CLASSIC,CEMEA REGION,,,AE,ARE,UNITED ARAB EMIRATES
415537,VISA,DEBIT,PREPAID PLATINUM,AL-SALAM BANK - BAHRAIN B.S.C.,,,BH,BHR,BAHRAIN
415559,VISA,DEBIT,PREPAID PLATINUM,,,,BH,BHR,BAHRAIN
415566,VISA,DEBIT,PREPAID PLATINUM,,,,BH,BHR,BAHRAIN
415573,VISA,CREDIT,PLATINUM,"THE UNITED BANK, S.A.E.",,,EG,EGY,EGYPT
415656,VISA,CREDIT,SIGNATURE,BAHRAIN ISLAMIC BANK BSC,,,BH,BHR,BAHRAIN
415684,VISA,DEBIT,CLASSIC,ARAB BANKING CORPORATION - EGYPT,,http://www.arabbanking.com,EG,EGY,EGYPT
415830,VISA,CREDIT,PLATINUM,ATTIJARIWAFA BANK EGYPT S.A.E,,,EG,EGY,EGYPT
415899,VISA,CREDIT,,"NATIONAL BANK OF KUWAIT, S.A.K.",+96522422011,http://www.nbk.com,KW,KWT,KUWAIT
415950,VISA,CREDIT,PLATINUM,THE SAUDI INVESTMENT BANK,,,SA,SAU,SAUDI ARABIA
416020,VISA,DEBIT,PREPAID ELECTRON,CSCBANK S.A.L.,+9611871245,http://www.ccm.com.lb,LB,LBN,LEBANON
416041,VISA,DEBIT,PREPAID PLATINUM,RIYAD BANK,,http://www.riyadbank.com,SA,SAU,SAUDI ARABIA
416042,VISA,CREDIT,SIGNATURE,RIYAD BANK,,http://www.riyadbank.com,SA,SAU,SAUDI ARABIA
416065,VISA,CREDIT,CLASSIC,STANDARD CHARTERED BANK,+97317531532,https://www.sc.com,BH,BHR,BAHRAIN
416066,VISA,CREDIT,GOLD,STANDARD CHARTERED BANK,+97317531532,https://www.sc.com,BH,BHR,BAHRAIN
416274,VISA,DEBIT,,,,,EG,EGY,EGYPT
416370,VISA,DEBIT,PREPAID CLASSIC,SOHAR INTERNATIONAL BANK (S.A.O.G),,,OM,OMN,OMAN
416634,VISA,CREDIT,CLASSIC,AL RAJHI BANKING AND INVESTMENT CORP.,4433 92 000 + 966 OR 33 334 601 +966,http://www.alrajhibank.com.sa,SA,SAU,SAUDI ARABIA
416638,VISA,CREDIT,PLATINUM,MASRAF AL RAYAN,+97444253333,http://www.alrayan.com,QA,QAT,QATAR
416639,VISA,DEBIT,CLASSIC,MASRAF AL RAYAN,+97444253333,http://www.alrayan.com,QA,QAT,QATAR
416640,VISA,CREDIT,,,,,QA,QAT,QATAR
416692,VISA,DEBIT,REWARDS,INTL HDQTRS-CENTER OWNED,,,BH,BHR,BAHRAIN
416693,VISA,CREDIT,CLASSIC,INTL HDQTRS-CENTER OWNED,,,BH,BHR,BAHRAIN
416734,VISA,CREDIT,,,,,SA,SAU,SAUDI ARABIA
416759,VISA,CREDIT,,BANK AUDI S.A.L. - AUDI SARADAR GROUP,,,JO,JOR,JORDAN
416813,VISA,DEBIT,ELECTRON,BMI BANK B.S.C.,,,BH,BHR,BAHRAIN
416835,VISA,CREDIT,CLASSIC,KUWAIT FINANCE HOUSE,+9651803333,http://www.kfh.com,KW,KWT,KUWAIT
416901,VISA,DEBIT,CLASSIC,BANK OF BEIRUT SAL,,,LB,LBN,LEBANON
416953,VISA,DEBIT,ELECTRON,BANK OF JORDAN,+96265696277,http://www.bankofjordan.com,PS,PSE,"PALESTINIAN TERRITORY, OCCUPIED"
416954,VISA,DEBIT,PREPAID CLASSIC,EMIRATES NBD BANK (P.J.S.C.),+971800456,http://www.emiratesnbd.com,AE,ARE,UNITED ARAB EMIRATES
416964,VISA,CREDIT,PLATINUM,MASHREQBANK,,http://www.mashreqbank.com,EG,EGY,EGYPT
416966,VISA,DEBIT,PLATINUM,THE COMMERCIAL BANK OF QATAR (Q.S.C.),,,QA,QAT,QATAR
416976,VISA,DEBIT,REWARDS,BANK OF BEIRUT SAL,,,LB,LBN,LEBANON
417020,VISA,DEBIT,CLASSIC,IRAQ NOOR ISLAMIC BANK FOR INVESTMENT AND FINANCE,,,IQ,IRQ,IRAQ
417065,VISA,CREDIT,CLASSIC,THE HOUSING BANK FOR TRADE & FINANCE,,,JO,JOR,JORDAN
417067,VISA,CREDIT,INFINITE,HOUSING BANK FOR TRADE AND FINANCE,(962-6) 5678121 - 5691675,http://www.hbtf.com,JO,JOR,JORDAN
417075,VISA,CREDIT,CLASSIC,CREDIMAX B.S.C.,,,BH,BHR,BAHRAIN
417077,VISA,CREDIT,,SOCIETE GENERALE DE BANQUE AU LIBAN S.A.L (SGBL),1274477777,http://www.sgbl.com.lb,LB,LBN,LEBANON
417078,VISA,DEBIT,ELECTRON,BNP PARIBAS INTERCONTINENTALE,961216140,http://www.bnpparibas.com,LB,LBN,LEBANON
417081,VISA,CREDIT,,ARAB BANK PLC,+961 (7) 751070-2,http://www.arabbank.jo,LB,LBN,LEBANON
417082,VISA,DEBIT,ELECTRON,CREDIT LIBANAIS S.A.L.,+9611900111,http://www.creditlibanais.com.lb,LB,LBN,LEBANON
417125,VISA,DEBIT,REWARDS,"JANATA BANK, LTD.",,,AE,ARE,UNITED ARAB EMIRATES
417210,VISA,DEBIT,ELECTRON,STANDARD CHARTERED BANK,+971600522288,https://www.sc.com,AE,ARE,UNITED ARAB EMIRATES
417215,VISA,CREDIT,CLASSIC,ARAB FINANCIAL SERVICES COMPANY,,,BH,BHR,BAHRAIN
417216,VISA,CREDIT,GOLD,ARAB FINANCIAL SERVICES COMPANY,,,BH,BHR,BAHRAIN
417245,VISA,CREDIT,CLASSIC,"OMAN ARAB BANK, SAOC",,,OM,OMN,OMAN
417246,VISA,CREDIT,INFINITE,MASRAF AL RAYAN,+97444253333,http://www.alrayan.com,QA,QAT,QATAR
417255,VISA,CREDIT,BUSINESS SIGNATURE,CREDIT LIBANAIS S.A.L.,+9611900111,http://www.creditlibanais.com.lb,LB,LBN,LEBANON
417278,VISA,DEBIT,PREPAID ELECTRON,STANDARD CHARTERED BANK,+971600522288,https://www.sc.com,AE,ARE,UNITED ARAB EMIRATES
417285,VISA,CREDIT,CLASSIC,MASHREQBANK,+97444083111,http://www.mashreqbank.com,QA,QAT,QATAR
417286,VISA,CREDIT,PLATINUM,MASHREQBANK,+97444083111,http://www.mashreqbank.com,QA,QAT,QATAR
417319,VISA,DEBIT,ELECTRON,COMMERCIAL BANK OF SYRIA,,http://www.bankaudisyria.com,SY,SYR,SYRIAN ARAB REPUBLIC
417321,VISA,CREDIT,CLASSIC,AL RAJHI BANKING AND INVESTMENT CORP.,4433 92 000 + 966 OR 33 334 601 +966,http://www.alrajhibank.com.sa,SA,SAU,SAUDI ARABIA
417323,VISA,CREDIT,PLATINUM,AL RAJHI BANKING AND INVESTMENT CORP.,4433 92 000 + 966 OR 33 334 601 +966,http://www.alrajhibank.com.sa,SA,SAU,SAUDI ARABIA
417326,VISA,CREDIT,CLASSIC,FIRST ABU DHABI BANK (PJSC),,,EG,EGY,EGYPT
417327,VISA,CREDIT,GOLD,FIRST ABU DHABI BANK (PJSC),,,EG,EGY,EGYPT
417328,VISA,CREDIT,PLATINUM,FIRST ABU DHABI BANK (PJSC),,,EG,EGY,EGYPT
417329,VISA,DEBIT,PLATINUM,FIRST ABU DHABI BANK (PJSC),,,EG,EGY,EGYPT
417330,VISA,DEBIT,INFINITE,BANK OF ALEXANDRIA,1 9 0 3 3 OR (02) 3938623 - 3913822 - 3916796,http://www.alexbank.com,EG,EGY,EGYPT
417340,VISA,CREDIT,SIGNATURE,EMIRATES NBD BANK (P.J.S.C.),+971800456,http://www.emiratesnbd.com,AE,ARE,UNITED ARAB EMIRATES
417344,VISA,CREDIT,,BANK AUDI S.A.L. - AUDI SARADAR GROUP,,,LB,LBN,LEBANON
417346,VISA,CREDIT,REWARDS,BARRAQ FINANCE COMPANY,,,SA,SAU,SAUDI ARABIA
417347,VISA,CREDIT,PLATINUM,BARRAQ FINANCE COMPANY,,,SA,SAU,SAUDI ARABIA
417350,VISA,CREDIT,GOLD,BANKMED SAL,,,LB,LBN,LEBANON
417391,VISA,DEBIT,CLASSIC,QATAR INTERNATIONAL ISLAMIC BANK,,http://www.qiib.com.qa,QA,QAT,QATAR
417439,VISA,CREDIT,CORPORATE T&E,BANK OF ALEXANDRIA,1 9 0 3 3 OR (02) 3938623 - 3913822 - 3916796,http://www.alexbank.com,EG,EGY,EGYPT
417447,VISA,DEBIT,PREPAID CLASSIC,EGYPTIAN NATIONAL POST ORGANISATION,44 (0)207 582 5220,http://www.balancingact-africa.com,EG,EGY,EGYPT
417448,VISA,DEBIT,CLASSIC,MASHREQBANK,,http://www.mashreqbank.com,EG,EGY,EGYPT
417469,VISA,DEBIT,ELECTRON,ARAB BANK PLC,4600900,http://www.arabbank.jo,JO,JOR,JORDAN
417471,VISA,DEBIT,PREPAID CLASSIC,ARAB BANK PLC,+20 2 19100,http://www.arabbank.jo,EG,EGY,EGYPT
417485,VISA,CREDIT,,COMMERCIAL BANK OF QATAR LTD. (Q.S.C.),,,QA,QAT,QATAR
417486,VISA,CREDIT,PLATINUM,CREDIT LIBANAIS S.A.L.,+9611900111,http://www.creditlibanais.com.lb,LB,LBN,LEBANON
417487,VISA,CREDIT,CLASSIC,NATIONAL COMMERCIAL BANK,96626464060,,SA,SAU,SAUDI ARABIA
417490,VISA,CREDIT,PLATINUM,NATIONAL COMMERCIAL BANK,96626464060,,SA,SAU,SAUDI ARABIA
417579,VISA,DEBIT,SIGNATURE BUSINESS,FIRST IRAQI ISLAMIC BANK FOR INVESTMENT AND FINANCE,,,IQ,IRQ,IRAQ
417610,VISA,CREDIT,GOLD,BANKMUSCAT (SAOG),,,OM,OMN,OMAN
417611,VISA,CREDIT,PLATINUM,STANDARD CHARTERED BANK,+96824773535,https://www.sc.com,OM,OMN,OMAN
417612,VISA,CREDIT,GOLD,STANDARD CHARTERED BANK,+96824773535,https://www.sc.com,OM,OMN,OMAN
417622,VISA,CREDIT,PLATINUM,MASHREQBANK,+97143632250,http://www.mashreqbank.com,AE,ARE,UNITED ARAB EMIRATES
417633,VISA,DEBIT,ELECTRON,AL BILAD BANK,9662918884,http://www.bankalbilad.com,SA,SAU,SAUDI ARABIA
417652,VISA,CREDIT,CLASSIC,FIRST ABU DHABI BANK (PJSC),,,OM,OMN,OMAN
417653,VISA,CREDIT,GOLD,FIRST ABU DHABI BANK (PJSC),,,OM,OMN,OMAN
417672,VISA,CREDIT,,,,,OM,OMN,OMAN
417714,VISA,DEBIT,PREPAID CLASSIC,ABU DHABI COMMERCIAL BANK,+97126962222,http://www.adcb.com,AE,ARE,UNITED ARAB EMIRATES
417734,VISA,CREDIT,CLASSIC,CREDIT LIBANAIS S.A.L.,+9611900111,http://www.creditlibanais.com.lb,LB,LBN,LEBANON
417735,VISA,CREDIT,GOLD,CREDIT LIBANAIS S.A.L.,+9611900111,http://www.creditlibanais.com.lb,LB,LBN,LEBANON
417763,VISA,DEBIT,REWARDS,IRAQI ISLAMIC BANK FOR INVESTMENT AND DEVELOPMENT,,,IQ,IRQ,IRAQ
417765,VISA,DEBIT,CLASSIC,TRADE BANK OF IRAQ,+96415433561,http://www.tbiraq.com,IQ,IRQ,IRAQ
417768,VISA,CREDIT,,"NATIONAL BANK OF KUWAIT, S.A.K.",+96522422011,http://www.nbk.com,KW,KWT,KUWAIT
417773,VISA,DEBIT,PREPAID PLATINUM,BOUBYAN BANK K.S.C.,,,KW,KWT,KUWAIT
417854,VISA,DEBIT,BUSINESS,DUBAI ISLAMIC BANK,,http://www.alislami.ae,AE,ARE,UNITED ARAB EMIRATES
417892,VISA,DEBIT,PLATINUM,EMIRATES NBD BANK (P.J.S.C.),,http://www.emiratesnbd.com,BH,BHR,BAHRAIN
417893,VISA,DEBIT,PLATINUM,EMIRATES NBD BANK (P.J.S.C.),,http://www.emiratesnbd.com,QA,QAT,QATAR
417894,VISA,DEBIT,PLATINUM,"UNITED BANK, LTD.",,http://www.ubl.com.pk,AE,ARE,UNITED ARAB EMIRATES
417973,VISA,CREDIT,CLASSIC,BANQUE MISR,+97126273000,http://www.banquemisr.com,AE,ARE,UNITED ARAB EMIRATES
417974,VISA,CREDIT,GOLD,BANQUE MISR,+97126273000,http://www.banquemisr.com,AE,ARE,UNITED ARAB EMIRATES
417996,VISA,CREDIT,SIGNATURE,INVEST BANK PLC,58 (212) 92 98 31,http://www.investbank.jo,JO,JOR,JORDAN
417997,VISA,CREDIT,PLATINUM,NAJM BANK,,,AE,ARE,UNITED ARAB EMIRATES
418056,VISA,DEBIT,CLASSIC,BANK OF BAHRAIN & KUWAIT B.S.C.,,,KW,KWT,KUWAIT
418244,VISA,DEBIT,SIGNATURE,INTERNATIONAL SMART CARD COMPANY,,,IQ,IRQ,IRAQ
418346,VISA,CREDIT,PLATINUM,AL RAJHI BANKING AND INVESTMENT CORP.,4433 92 000 + 966 OR 33 334 601 +966,http://www.alrajhibank.com.sa,SA,SAU,SAUDI ARABIA
418347,VISA,CREDIT,PLATINUM,AL RAJHI BANKING AND INVESTMENT CORP.,4433 92 000 + 966 OR 33 334 601 +966,http://www.alrajhibank.com.sa,SA,SAU,SAUDI ARABIA
418348,VISA,CREDIT,PLATINUM,HSBC BANK MIDDLE EAST,+97142241000,http://www.hsbc.ae,AE,ARE,UNITED ARAB EMIRATES
418349,VISA,CREDIT,PLATINUM,HSBC BANK MIDDLE EAST,+974 4441 6663 A851+A851,http://www.hsbc.ae,QA,QAT,QATAR
418356,VISA,CREDIT,PURCHASING,MASHREQBANK,+97143632250,http://www.mashreqbank.com,AE,ARE,UNITED ARAB EMIRATES
418634,VISA,CREDIT,INFINITE,BANK AL ETIHAD,,,JO,JOR,JORDAN
418638,VISA,CREDIT,INFINITE,BANK AL ETIHAD,,,JO,JOR,JORDAN
418644,VISA,CREDIT,INFINITE,BANK AL ETIHAD,,,JO,JOR,JORDAN
418728,VISA,CREDIT,BUSINESS,ARAB FINANCIAL SERVICES COMPANY,,,BH,BHR,BAHRAIN
418740,VISA,CREDIT,CLASSIC,BEMO SAUDI FRANSA BANK SARL,,,SY,SYR,SYRIAN ARAB REPUBLIC
418741,VISA,CREDIT,GOLD,BEMO SAUDI FRANSA BANK SARL,,,SY,SYR,SYRIAN ARAB REPUBLIC
418750,VISA,CREDIT,BUSINESS,STANDARD CHARTERED BANK,+971600522288,https://www.sc.com,AE,ARE,UNITED ARAB EMIRATES
418763,VISA,CREDIT,PLATINUM,"NATIONAL BANK OF KUWAIT, S.A.K.",(+) 966 2 653-8600,http://www.nbk.com,SA,SAU,SAUDI ARABIA
418764,VISA,CREDIT,SIGNATURE BUSINESS,BARRAQ FINANCE COMPANY,,,SA,SAU,SAUDI ARABIA
418766,VISA,CREDIT,PLATINUM,"NATIONAL BANK OF KUWAIT, S.A.K.",+97317583333,http://www.nbk.com,BH,BHR,BAHRAIN
418767,VISA,DEBIT,CLASSIC,"NATIONAL BANK OF KUWAIT, S.A.K.",+97142929222,http://www.nbk.com,AE,ARE,UNITED ARAB EMIRATES
418768,VISA,CREDIT,PLATINUM,"NATIONAL BANK OF KUWAIT, S.A.K.",+97142929222,http://www.nbk.com,AE,ARE,UNITED ARAB EMIRATES
418804,VISA,CREDIT,,BANQUE LIBANO-FRANCAISE S.A.L.,1272,http://www.eblf.com,LB,LBN,LEBANON
418822,VISA,CREDIT,CLASSIC,BANKMED SAL,,,LB,LBN,LEBANON
418825,VISA,CREDIT,SIGNATURE,BANKMED SAL,,,LB,LBN,LEBANON
418828,VISA,DEBIT,PREPAID PLATINUM,BANKMED S.A.L.,+9611708090,http://www.bankmed.com.lb,LB,LBN,LEBANON
418829,VISA,DEBIT,PREPAID CLASSIC,QATAR NATIONAL BANK S.A.E,,,EG,EGY,EGYPT
418833,VISA,DEBIT,GOLD,ARAB AFRICAN INTERNATIONAL BANK,+20224886679,http://www.aaib.com,EG,EGY,EGYPT
418854,VISA,CREDIT,CLASSIC,ALLIED BANK S.A.L.,,http://www.alliedbank.com.lb,LB,LBN,LEBANON
418855,VISA,DEBIT,ELECTRON,ALLIED BANK S.A.L.,,http://www.alliedbank.com.lb,LB,LBN,LEBANON
418856,VISA,CREDIT,PLATINUM,BANKMED SAL,,,LB,LBN,LEBANON
418886,VISA,DEBIT,ELECTRON,EMIRATES NBD,+971800456,http://www.emiratesnbd.com,AE,ARE,UNITED ARAB EMIRATES
418887,VISA,CREDIT,PLATINUM,EMIRATES NBD BANK (P.J.S.C.),+971800456,http://www.emiratesnbd.com,AE,ARE,UNITED ARAB EMIRATES
418889,VISA,CREDIT,PLATINUM,EMIRATES NBD BANK (P.J.S.C.),+971800456,http://www.emiratesnbd.com,AE,ARE,UNITED ARAB EMIRATES
418899,VISA,DEBIT,CLASSIC,CREDIT LIBANAIS S.A.L.,+9611900111,http://www.creditlibanais.com.lb,LB,LBN,LEBANON
418964,VISA,CREDIT,CLASSIC,EMIRATES ISLAMIC BANK P.J.S.C.,,,AE,ARE,UNITED ARAB EMIRATES
418965,VISA,CREDIT,PLATINUM,EMIRATES ISLAMIC BANK P.J.S.C.,,,AE,ARE,UNITED ARAB EMIRATES
418966,VISA,CREDIT,PLATINUM,EMIRATES ISLAMIC BANK P.J.S.C.,,,AE,ARE,UNITED ARAB EMIRATES
418967,VISA,CREDIT,SIGNATURE,EMIRATES ISLAMIC BANK P.J.S.C.,,,AE,ARE,UNITED ARAB EMIRATES
418968,VISA,CREDIT,SIGNATURE,EMIRATES ISLAMIC BANK P.J.S.C.,,,AE,ARE,UNITED ARAB EMIRATES
418969,VISA,CREDIT,CLASSIC,NATIONAL BANK FOR DEVELOPMENT S.A.E.,,http://www.nbdegypt.com,EG,EGY,EGYPT
418970,VISA,CREDIT,BUSINESS ENHANCED,ARAB AFRICAN INTERNATIONAL BANK,+20224886679,http://www.aaib.com,EG,EGY,EGYPT
418971,VISA,DEBIT,ELECTRON,NATIONAL BANK FOR DEVELOPMENT S.A.E.,,http://www.nbdegypt.com,EG,EGY,EGYPT
418972,VISA,DEBIT,,NATIONAL BANK FOR DEVELOPMENT S.A.E.,,http://www.nbdegypt.com,EG,EGY,EGYPT
418988,VISA,CREDIT,CLASSIC,BANQUE MISR,+20223912150,http://www.banquemisr.com,EG,EGY,EGYPT
419088,VISA,DEBIT,CLASSIC,STANDARD CHARTERED BANK,(704) 888-5984,https://www.sc.com,JO,JOR,JORDAN
419170,VISA,CREDIT,CLASSIC,CREDIT LIBANAIS S.A.L.,00961-1-900 111,http://www.creditlibanais.com.lb,BH,BHR,BAHRAIN
419171,VISA,CREDIT,GOLD,CREDIT LIBANAIS S.A.L.,00961-1-900 111,http://www.creditlibanais.com.lb,BH,BHR,BAHRAIN
419233,VISA,CREDIT,CLASSIC,AL HILAL BANK P.J.S.C.,+97124994460,http://www.alhilalonline.ae,AE,ARE,UNITED ARAB EMIRATES
419234,VISA,CREDIT,GOLD,AL HILAL BANK P.J.S.C.,+97124994460,http://www.alhilalonline.ae,AE,ARE,UNITED ARAB EMIRATES
419236,VISA,DEBIT,CLASSIC,AL HILAL BANK P.J.S.C.,+97124994460,http://www.alhilalonline.ae,AE,ARE,UNITED ARAB EMIRATES
419241,VISA,CREDIT,CLASSIC,AHLI BANK (S.A.O.G),,,OM,OMN,OMAN
419242,VISA,CREDIT,GOLD,AHLI BANK (S.A.O.G),,,OM,OMN,OMAN
419243,VISA,CREDIT,PLATINUM,AHLI BANK (S.A.O.G),,,OM,OMN,OMAN
419244,VISA,DEBIT,CLASSIC,AHLI BANK (S.A.O.G),,,OM,OMN,OMAN
419249,VISA,CREDIT,CLASSIC,"DOHA BANK, LTD.",,,KW,KWT,KUWAIT
419250,VISA,CREDIT,GOLD,DOHA BANK Q.S.C.,44456000,http://www.dohabank.com.qa,KW,KWT,KUWAIT
419251,VISA,CREDIT,PLATINUM,"DOHA BANK, LTD.",,,KW,KWT,KUWAIT
419252,VISA,DEBIT,CLASSIC,"DOHA BANK, LTD.",,,KW,KWT,KUWAIT
419265,VISA,CREDIT,CLASSIC,"MAX IT FINANCE, LTD.",,,IL,ISR,ISRAEL
419266,VISA,CREDIT,GOLD,"MAX IT FINANCE, LTD.",,,IL,ISR,ISRAEL
419267,VISA,CREDIT,BUSINESS,"MAX IT FINANCE, LTD.",,,IL,ISR,ISRAEL
419268,VISA,CREDIT,PLATINUM,"MAX IT FINANCE, LTD.",,,IL,ISR,ISRAEL
419284,VISA,CREDIT,,BANQUE MISR,+97126273000,http://www.banquemisr.com,AE,ARE,UNITED ARAB EMIRATES
419285,VISA,CREDIT,REWARDS,BANK NXT,,,EG,EGY,EGYPT
419286,VISA,DEBIT,CLASSIC,MASHREQBANK,,http://www.mashreqbank.com,EG,EGY,EGYPT
419287,VISA,DEBIT,GOLD,MASHREQBANK,,http://www.mashreqbank.com,EG,EGY,EGYPT
419288,VISA,DEBIT,,MASHREQBANK,,http://www.mashreqbank.com,EG,EGY,EGYPT
419291,VISA,DEBIT,CLASSIC,AHLI BANK (S.A.O.G),,,OM,OMN,OMAN
419461,VISA,CREDIT,CLASSIC,AL RAJHI BANKING AND INVESTMENT CORP.,4433 92 000 + 966 OR 33 334 601 +966,http://www.alrajhibank.com.sa,SA,SAU,SAUDI ARABIA
419516,VISA,DEBIT,GOLD,BYBLOS BANK SAL,,,LB,LBN,LEBANON
419517,VISA,DEBIT,PLATINUM,BYBLOS BANK SAL,,,LB,LBN,LEBANON
419518,VISA,DEBIT,CLASSIC,BYBLOS BANK SAL,,,LB,LBN,LEBANON
419557,VISA,DEBIT,CLASSIC,AL-QABEDH ISLAMIC BANK FOR FINANCE & INVESTMENT,,,IQ,IRQ,IRAQ
419586,VISA,CREDIT,CLASSIC,INTERNATIONAL BANK OF QATAR QSC,+97444478000,http://www.ibq.com.qa,QA,QAT,QATAR
419587,VISA,CREDIT,,INTERNATIONAL BANK OF QATAR QSC,+97444478000,http://www.ibq.com.qa,QA,QAT,QATAR
419593,VISA,DEBIT,PLATINUM,GIB-SA,,,SA,SAU,SAUDI ARABIA
419595,VISA,CREDIT,PLATINUM,AHLI BANK (S.A.O.G),,,OM,OMN,OMAN
419596,VISA,CREDIT,SIGNATURE,AHLI BANK (S.A.O.G),,,OM,OMN,OMAN
419647,VISA,DEBIT,CLASSIC,HSBC BANK MIDDLE EAST,+97142241000,http://www.hsbc.ae,AE,ARE,UNITED ARAB EMIRATES
419648,VISA,DEBIT,PLATINUM,HSBC BANK MIDDLE EAST,+97142241000,http://www.hsbc.ae,AE,ARE,UNITED ARAB EMIRATES
419649,VISA,DEBIT,PLATINUM,HSBC BANK MIDDLE EAST,+97142241000,http://www.hsbc.ae,AE,ARE,UNITED ARAB EMIRATES
419754,VISA,DEBIT,GOLD,AHLI UNITED BANK - EGYPT,+20225801200,http://www.ahliunited.com,EG,EGY,EGYPT
419755,VISA,DEBIT,,AHLI UNITED BANK - EGYPT,+20225801200,http://www.ahliunited.com,EG,EGY,EGYPT
419763,VISA,DEBIT,PREPAID CLASSIC,EGYPTIAN NATIONAL POST ORGANISATION,44 (0)207 582 5220,http://www.balancingact-africa.com,EG,EGY,EGYPT
419767,VISA,DEBIT,PREPAID CLASSIC,UAE EXCHANGE CENTRE LLC,+97142617575,http://www.uaeexchange.com,AE,ARE,UNITED ARAB EMIRATES
419797,VISA,DEBIT,INFINITE,MASHREQBANK,+97143632250,http://www.mashreqbank.com,AE,ARE,UNITED ARAB EMIRATES
419864,VISA,CREDIT,PLATINUM,MASHREQBANK,+97143632250,http://www.mashreqbank.com,AE,ARE,UNITED ARAB EMIRATES
419865,VISA,CREDIT,PLATINUM,MASHREQBANK,+97143632250,http://www.mashreqbank.com,AE,ARE,UNITED ARAB EMIRATES
419867,VISA,CREDIT,PLATINUM,MASHREQBANK,+97143632250,http://www.mashreqbank.com,AE,ARE,UNITED ARAB EMIRATES
419868,VISA,CREDIT,SIGNATURE,MASHREQBANK,+97143632250,http://www.mashreqbank.com,AE,ARE,UNITED ARAB EMIRATES
419869,VISA,CREDIT,INFINITE,MASHREQBANK,+97143632250,http://www.mashreqbank.com,AE,ARE,UNITED ARAB EMIRATES
419951,VISA,DEBIT,PREPAID CLASSIC,MIDBANK S.A.E,,,EG,EGY,EGYPT
419991,VISA,CREDIT,CLASSIC,NATIONAL COMMERCIAL BANK,96626464060,,SA,SAU,SAUDI ARABIA
420132,VISA,DEBIT,PREPAID CLASSIC,STC BANK,,,SA,SAU,SAUDI ARABIA
420177,VISA,CREDIT,SIGNATURE,ARAB NATIONAL BANK,,,SA,SAU,SAUDI ARABIA
420179,VISA,CREDIT,PLATINUM,AL SALAM BANK,,,BH,BHR,BAHRAIN
420186,VISA,CREDIT,SIGNATURE BUSINESS,EMIRATES NBD BANK (P.J.S.C.),+971800456,http://www.emiratesnbd.com,AE,ARE,UNITED ARAB EMIRATES
420209,VISA,DEBIT,PREPAID,EMIRATES NBD BANK (P.J.S.C.),+971800456,http://www.emiratesnbd.com,AE,ARE,UNITED ARAB EMIRATES
420230,VISA,DEBIT,PREPAID PRIVATE LABEL STANDARD,COMMERCIAL BANK OF DUBAI,+97126268400,http://www.cbd.ae,AE,ARE,UNITED ARAB EMIRATES
420283,VISA,CREDIT,PLATINUM,BANK AUDI SAL,,,LB,LBN,LEBANON
420336,VISA,DEBIT,PLATINUM,CAPITAL BANK OF JORDAN PLC. CO.,,,JO,JOR,JORDAN
420372,VISA,CREDIT,CLASSIC,BARWA BANK,+97444088888,http://www.barwa.com.qa,QA,QAT,QATAR
420373,VISA,CREDIT,GOLD,DUKHAN BANK,,,QA,QAT,QATAR
420374,VISA,CREDIT,PLATINUM,DUKHAN BANK,,,QA,QAT,QATAR
420375,VISA,DEBIT,PLATINUM,DUKHAN BANK,,,QA,QAT,QATAR
420444,VISA,DEBIT,GOLD,CREDIT AGRICOLE EGYPT S.A.E.,+20952381002,http://www.ca-egypt.com,EG,EGY,EGYPT
420460,VISA,CREDIT,PLATINUM,BANKMUSCAT (SAOG),,,OM,OMN,OMAN
420583,VISA,CREDIT,PLATINUM,ABU DHABI COMMERCIAL BANK,+97126962222,http://www.adcb.com,AE,ARE,UNITED ARAB EMIRATES
420585,VISA,DEBIT,CLASSIC,BANQUE MISR,+20223912150,http://www.banquemisr.com,EG,EGY,EGYPT
420598,VISA,DEBIT,PLATINUM,BANQUE MISR,+20223912150,http://www.banquemisr.com,EG,EGY,EGYPT
420647,VISA,CREDIT,INFINITE,FIRST IRAQI ISLAMIC BANK FOR INVESTMENT AND FINANCE,,,IQ,IRQ,IRAQ
420729,VISA,CREDIT,,ARAB BANKING CORPORATION (JORDAN),,http://www.arabbanking.com,JO,JOR,JORDAN
420793,VISA,DEBIT,PLATINUM,NATIONAL BANK OF IRAQ,,,IQ,IRQ,IRAQ
421044,VISA,CREDIT,INFINITE,BYBLOS BANK SAL,,,LB,LBN,LEBANON
421051,VISA,CREDIT,,BANK AL JAZIRA,(966) 2 609 8888,http://www.baj.com.sa,SA,SAU,SAUDI ARABIA
421107,VISA,CREDIT,,KUWAIT FINANCE HOUSE,+9651803333,http://www.kfh.com,KW,KWT,KUWAIT
421119,VISA,CREDIT,,FRANSABANK S.A.L.,+9611340180,http://www.fransabank.com,LB,LBN,LEBANON
421141,VISA,DEBIT,INFINITE,BANQUE SAUDI FRANSI,966 1 289 9999 OR 966 1 874 4000,http://www.alfransi.com.sa,SA,SAU,SAUDI ARABIA
421172,VISA,CREDIT,CLASSIC,FIRST ABU DHABI BANK (PJSC),,,AE,ARE,UNITED ARAB EMIRATES
421173,VISA,CREDIT,GOLD,FIRST ABU DHABI BANK (PJSC),,,AE,ARE,UNITED ARAB EMIRATES
421192,VISA,CREDIT,BUSINESS,QATAR NATIONAL BANK S.A.E,,,EG,EGY,EGYPT
421308,VISA,DEBIT,CLASSIC,TRANS IRAQ BANK COMPANY FOR INVESTMENT (PRIVATE SHAREHOLDING COMPANY,,,IQ,IRQ,IRAQ
421360,VISA,DEBIT,CLASSIC,NATIONAL BANK OF OMAN LIMITED (S.A.O.G.),,,OM,OMN,OMAN
421396,VISA,CREDIT,ULTRA HIGH NET WORTH,EMIRATES NBD BANK (P.J.S.C.),+971800456,http://www.emiratesnbd.com,AE,ARE,UNITED ARAB EMIRATES
421428,VISA,DEBIT,CLASSIC,"CITIBANK, NATIONAL ASSOCIATION",,,AE,ARE,UNITED ARAB EMIRATES
421429,VISA,DEBIT,GOLD,"CITIBANK, NATIONAL ASSOCIATION",,,AE,ARE,UNITED ARAB EMIRATES
421478,VISA,DEBIT,PLATINUM,NATIONAL BANK OF OMAN LIMITED (S.A.O.G.),,,OM,OMN,OMAN
421489,VISA,DEBIT,GOLD,FIRST ABU DHABI BANK PJSC,+971600525500,https://www.bankfab.com,AE,ARE,UNITED ARAB EMIRATES
421536,VISA,DEBIT,CLASSIC,MASHREQ BANK,+97143632250,http://www.mashreqbank.com,AE,ARE,UNITED ARAB EMIRATES
421537,VISA,DEBIT,CLASSIC,MASHREQBANK,+97444083111,http://www.mashreqbank.com,QA,QAT,QATAR
421540,VISA,CREDIT,SIGNATURE,BANK AL ATIHAD,,,JO,JOR,JORDAN
421557,VISA,CREDIT,PLATINUM,,,,AE,ARE,UNITED ARAB EMIRATES
421594,VISA,DEBIT,PREPAID,MADFOOATCOM FOR EPAYMENTS,,,JO,JOR,JORDAN
421602,VISA,DEBIT,INFINITE,QATAR INTERNATIONAL ISLAMIC BANK,,http://www.qiib.com.qa,QA,QAT,QATAR
421605,VISA,DEBIT,PURCHASING,QATAR NATIONAL BANK S.A.E,,,EG,EGY,EGYPT
421612,VISA,DEBIT,CLASSIC,CITIBANK,+97317582484,https://www.citi.com.cn,BH,BHR,BAHRAIN
421613,VISA,DEBIT,GOLD,CITIBANK,+97317582484,https://www.citi.com.cn,BH,BHR,BAHRAIN
421635,VISA,DEBIT,CLASSIC,"ICICI BANK, LTD.",+97380004877,http://www.icicibank.com,BH,BHR,BAHRAIN
421887,VISA,CREDIT,CLASSIC,JORDAN KUWAIT BANK,,http://www.jordan-kuwait-bank.com,JO,JOR,JORDAN
421888,VISA,DEBIT,PREPAID CLASSIC,CAPITAL BANK OF JORDAN PLC. CO.,,,JO,JOR,JORDAN
421889,VISA,DEBIT,SIGNATURE,CAPITAL BANK OF JORDAN PLC. CO.,,,JO,JOR,JORDAN
421890,VISA,DEBIT,GOLD,JORDAN KUWAIT BANK,,http://www.jordan-kuwait-bank.com,JO,JOR,JORDAN
421908,VISA,DEBIT,GOLD,MASHREQBANK,+97143632250,http://www.mashreqbank.com,AE,ARE,UNITED ARAB EMIRATES
421910,VISA,CREDIT,CORPORATE T&E,"ISRACARD, LTD.",,,IL,ISR,ISRAEL
421911,VISA,CREDIT,CLASSIC,"ISRACARD, LTD.",,,IL,ISR,ISRAEL
421912,VISA,DEBIT,PREPAID,BANK LEUMI LE-ISRAEL BM,,,IL,ISR,ISRAEL
421913,VISA,CREDIT,PLATINUM,BANK LEUMI LE-ISRAEL B.M.,+97239544555,http://english.leumi.co.il,IL,ISR,ISRAEL
421914,VISA,DEBIT,CLASSIC,"ISRACARD, LTD.",,,IL,ISR,ISRAEL
421915,VISA,CREDIT,PLATINUM,"MAX IT FINANCE, LTD.",,,IL,ISR,ISRAEL
421929,VISA,CREDIT,PLATINUM,CREDIT AGRICOLE EGYPT S.A.E.,+20952381002,http://www.ca-egypt.com,EG,EGY,EGYPT
421970,VISA,CREDIT,SIGNATURE,BANK AUDI SAL,,,LB,LBN,LEBANON
422032,VISA,CREDIT,CLASSIC,NETWORK INTERNATIONAL LLC,,,AE,ARE,UNITED ARAB EMIRATES
422033,VISA,CREDIT,CLASSIC,NETWORK INTERNATIONAL LLC,,,AE,ARE,UNITED ARAB EMIRATES
422034,VISA,CREDIT,GOLD,NETWORK INTERNATIONAL LLC,,,AE,ARE,UNITED ARAB EMIRATES
422035,VISA,CREDIT,GOLD,NETWORK INTERNATIONAL LLC,,,AE,ARE,UNITED ARAB EMIRATES
422056,VISA,CREDIT,PLATINUM,GULF BANK K.S.C.,1.800.223.2060,http://www.gulfbank.com,KW,KWT,KUWAIT
422113,VISA,DEBIT,PREPAID PLATINUM,BOUBYAN BANK K.S.C.,,,KW,KWT,KUWAIT
422114,VISA,CREDIT,PLATINUM,BOUBYAN BANK K.S.C.,,,KW,KWT,KUWAIT
422121,VISA,DEBIT,CLASSIC,CREDIT LIBANAIS,,,BH,BHR,BAHRAIN
422147,VISA,CREDIT,CLASSIC,JORDAN AHLI BANK,+96265007777,http://www.ahli.com,JO,JOR,JORDAN
422154,VISA,CREDIT,GOLD,JORDAN AHLI BANK,+96265007777,http://www.ahli.com,JO,JOR,JORDAN
422222,VISA,DEBIT,CLASSIC,VISION BANK,,https://www.visionbank.bank,SA,SAU,SAUDI ARABIA
422245,VISA,DEBIT,PREPAID,"AL-TABADUL FOR ELECTRONIC PAYMENT AND FINANCIAL TECHNOLOGIES CO., LTD.",,,IQ,IRQ,IRAQ
422284,VISA,CREDIT,GOLD,CAPITAL BANK OF JORDAN PLC. CO.,,,JO,JOR,JORDAN
422289,VISA,CREDIT,ULTRA HIGH NET WORTH,CAPITAL BANK OF JORDAN PLC. CO.,,,JO,JOR,JORDAN
422322,VISA,DEBIT,GOLD,BANQUE MISR,+20223912150,http://www.banquemisr.com,EG,EGY,EGYPT
422330,VISA,DEBIT,PLATINUM,BANQUE MISR,+20223912150,http://www.banquemisr.com,EG,EGY,EGYPT
422333,VISA,CREDIT,INFINITE,,,,LB,LBN,LEBANON
422348,VISA,DEBIT,PREPAID,BANQUE MISR,+20223912150,http://www.banquemisr.com,EG,EGY,EGYPT
422358,VISA,CREDIT,GOLD,,,,OM,OMN,OMAN
422431,VISA,CREDIT,SIGNATURE,BURGAN BANK (S.A.K.),,,KW,KWT,KUWAIT
422507,VISA,DEBIT,PREPAID CLASSIC,ARAB BANK PLC,+20 2 19100,http://www.arabbank.jo,EG,EGY,EGYPT
422537,VISA,CREDIT,INFINITE,BANKMUSCAT (SAOG),,,OM,OMN,OMAN
422596,VISA,CREDIT,BUSINESS,FIRST ABU DHABI BANK (PJSC),,,AE,ARE,UNITED ARAB EMIRATES
422598,VISA,CREDIT,PLATINUM,MASHREQBANK,+97444083111,http://www.mashreqbank.com,QA,QAT,QATAR
422610,VISA,DEBIT,CLASSIC,OMAN ARAB BANK SAO,(800) 860-9227,,OM,OMN,OMAN
422622,VISA,CREDIT,SIGNATURE,KUWAIT INTERNATIONAL BANK,+9651866866,http://www.kib.com.kw,KW,KWT,KUWAIT
422640,VISA,CREDIT,BUSINESS,ABU DHABI ISLAMIC BANK,+97126100600,http://www.adib.ae,AE,ARE,UNITED ARAB EMIRATES
422681,VISA,DEBIT,BUSINESS,ALIZZ ISLAMIC BANK (S.A.O.C),,,OM,OMN,OMAN
422689,VISA,CREDIT,INFINITE,AL RAJHI BANKING AND INVESTMENT CORP.,4433 92 000 + 966 OR 33 334 601 +966,http://www.alrajhibank.com.sa,SA,SAU,SAUDI ARABIA
422704,VISA,CREDIT,PLATINUM,NATIONAL BANK OF OMAN LIMITED (S.A.O.G.),,,OM,OMN,OMAN
422742,VISA,DEBIT,PREPAID CLASSIC,QATAR ISLAMIC BANK (S.A.Q.),+97444385555,,QA,QAT,QATAR
422777,VISA,CREDIT,SIGNATURE,NATIONAL BANK OF EGYPT,,http://www.nbe.com.eg,EG,EGY,EGYPT
422791,VISA,DEBIT,PREPAID,CITICORP,,http://www.latam.citibank.com,SA,SAU,SAUDI ARABIA
422801,VISA,CREDIT,PLATINUM,CEMEA REGION,,,AE,ARE,UNITED ARAB EMIRATES
422817,VISA,DEBIT,PLATINUM,SAUDI AWWAL BANK,,,SA,SAU,SAUDI ARABIA
422818,VISA,DEBIT,REWARDS,SAUDI AWWAL BANK,,,SA,SAU,SAUDI ARABIA
422819,VISA,DEBIT,REWARDS,SAUDI AWWAL BANK,,,SA,SAU,SAUDI ARABIA
422820,VISA,DEBIT,PLATINUM,BANKMUSCAT (SAOG),,,OM,OMN,OMAN
422821,VISA,DEBIT,CLASSIC,BANKMUSCAT (SAOG),,,OM,OMN,OMAN
422822,VISA,DEBIT,CLASSIC,BANKMUSCAT (SAOG),,,OM,OMN,OMAN
422823,VISA,DEBIT,CLASSIC,BANKMUSCAT (SAOG),,,OM,OMN,OMAN
422862,VISA,CREDIT,CLASSIC,ARAB NATIONAL BANK,,,SA,SAU,SAUDI ARABIA
422875,VISA,DEBIT,CLASSIC,BANQUE NATIONALE DE PARIS INTERCONTINENTALE,,,LB,LBN,LEBANON
422876,VISA,DEBIT,GOLD,BANQUE NATIONALE DE PARIS INTERCONTINENTALE,,,LB,LBN,LEBANON
422880,VISA,CREDIT,CLASSIC,"THE UNITED BANK, S.A.E.",,,EG,EGY,EGYPT
422881,VISA,CREDIT,PLATINUM,"THE UNITED BANK, S.A.E.",,,EG,EGY,EGYPT
422882,VISA,CREDIT,GOLD,"THE UNITED BANK, S.A.E.",,,EG,EGY,EGYPT
422883,VISA,DEBIT,CLASSIC,ARAB AFRICAN INTERNATIONAL BANK,+20224886679,http://www.aaib.com,EG,EGY,EGYPT
422911,VISA,DEBIT,PREPAID CLASSIC,BANQUE MISR,+20223912150,http://www.banquemisr.com,EG,EGY,EGYPT
422914,VISA,CREDIT,PLATINUM,NATIONAL BANK OF OMAN LTD. (S.A.O.G.),,,OM,OMN,OMAN
422962,VISA,DEBIT,BUSINESS ENHANCED,EGYPTIAN NATIONAL POST ORGANISATION,44 (0)207 582 5220,http://www.balancingact-africa.com,EG,EGY,EGYPT
422963,VISA,DEBIT,PLATINUM,EGYPTIAN NATIONAL POST ORGANISATION,44 (0)207 582 5220,http://www.balancingact-africa.com,EG,EGY,EGYPT
422977,VISA,CREDIT,INFINITE,HSBC BANK MIDDLE EAST,+97142241000,http://www.hsbc.ae,AE,ARE,UNITED ARAB EMIRATES
422979,VISA,CREDIT,CLASSIC,EGYPTIAN GULF BANK,+20233368359,http://www.egbbank.com.eg,EG,EGY,EGYPT
423042,VISA,DEBIT,,,,,EG,EGY,EGYPT
423113,VISA,CREDIT,INFINITE,BANK AL ETIHAD,,,JO,JOR,JORDAN
423117,VISA,DEBIT,CLASSIC,DUBAI ISLAMIC BANK,,http://www.alislami.ae,AE,ARE,UNITED ARAB EMIRATES
423146,VISA,DEBIT,PREPAID,,,,IQ,IRQ,IRAQ
423147,VISA,DEBIT,PREPAID,ISHTAR GATE FOR E-PAYMENT SYSTEMS AND SERVICES (PRIVATE SHAREHOLDING,,,IQ,IRQ,IRAQ
423158,VISA,CREDIT,CLASSIC,CAIRO AMMAN BANK,+96265006000 / +96265006000,http://www.cab.jo,JO,JOR,JORDAN
423159,VISA,CREDIT,BUSINESS,BANK AL ETIHAD,,,JO,JOR,JORDAN
423189,VISA,CREDIT,PURCHASING,AHLI BANK (S.A.O.G),,,OM,OMN,OMAN
423195,VISA,CREDIT,SIGNATURE BUSINESS,AHLI BANK (S.A.O.G),,,OM,OMN,OMAN
423200,VISA,CREDIT,INFINITE,"DOHA BANK, LTD.",,,QA,QAT,QATAR
423209,VISA,CREDIT,SIGNATURE,"DOHA BANK, LTD.",,,QA,QAT,QATAR
423211,VISA,CREDIT,PLATINUM,HSBC BANK MIDDLE EAST,+97317569999,http://www.hsbc.ae,BH,BHR,BAHRAIN
423219,VISA,CREDIT,INFINITE,AL RAJHI BANKING AND INVESTMENT CORP.,4433 92 000 + 966 OR 33 334 601 +966,http://www.alrajhibank.com.sa,SA,SAU,SAUDI ARABIA
423235,VISA,DEBIT,CLASSIC,EGYPTIAN NATIONAL POST ORGANISATION,44 (0)207 582 5220,http://www.balancingact-africa.com,EG,EGY,EGYPT
423249,VISA,DEBIT,PREPAID,BANK OF ALEXANDRIA,1 9 0 3 3 OR (02) 3938623 - 3913822 - 3916796,http://www.alexbank.com,EG,EGY,EGYPT
423254,VISA,DEBIT,PREPAID CLASSIC,AL BILAD BANK,9662918884,http://www.bankalbilad.com,SA,SAU,SAUDI ARABIA
423265,VISA,CREDIT,PLATINUM,CSCBANK SAL,,,LB,LBN,LEBANON
423302,VISA,CREDIT,CLASSIC,CITIBANK,+97143114000,https://www.citi.com.cn,AE,ARE,UNITED ARAB EMIRATES
423303,VISA,CREDIT,GOLD,CITIBANK,+97143114000,https://www.citi.com.cn,AE,ARE,UNITED ARAB EMIRATES
423304,VISA,CREDIT,PLATINUM,QATAR NATIONAL BANK (Q.P.S.C.),,,QA,QAT,QATAR
423305,VISA,CREDIT,PLATINUM,QATAR NATIONAL BANK (Q.P.S.C.),,,QA,QAT,QATAR
423328,VISA,DEBIT,PREPAID,BANK DHOFAR (S.A.O.G.),+96824791111 / +96824790466,http://www.bankdhofar.com,OM,OMN,OMAN
423352,VISA,DEBIT,PLATINUM,WIO BANK PJSC,,,AE,ARE,UNITED ARAB EMIRATES
423367,VISA,CREDIT,INFINITE,"CITIBANK, NATIONAL ASSOCIATION",,,AE,ARE,UNITED ARAB EMIRATES
423498,VISA,CREDIT,B2B,INFINIOS FINANCIAL SERVICES B.S.C.(C),,,BH,BHR,BAHRAIN
423684,VISA,DEBIT,REWARDS,FRANSABANK S.A.L.,+9611340180,http://www.fransabank.com,LB,LBN,LEBANON
423805,VISA,DEBIT,PREPAID CLASSIC,BANKMED SAL,,,LB,LBN,LEBANON
423824,VISA,CREDIT,,CREDIMAX B.S.C.,,,BH,BHR,BAHRAIN
423826,VISA,DEBIT,CLASSIC,ALAHLI BANK OF KUWAIT (K.S.C.),+96524341788,http://www.eahli.com,KW,KWT,KUWAIT
423832,VISA,CREDIT,PLATINUM,BANKMED SAL,,,LB,LBN,LEBANON
423899,VISA,CREDIT,PLATINUM,BANKMED SAL,,,LB,LBN,LEBANON
423926,VISA,DEBIT,PLATINUM,MASRAF AL RAYAN,+97444253333,http://www.alrayan.com,QA,QAT,QATAR
423973,VISA,CREDIT,REWARDS,INVEST BANK PLC,58 (212) 92 98 31,http://www.investbank.jo,JO,JOR,JORDAN
424012,VISA,CREDIT,SIGNATURE,"DOHA BANK, LTD.",,,QA,QAT,QATAR
424091,VISA,CREDIT,INFINITE,"DOHA BANK, LTD.",,,QA,QAT,QATAR
424116,VISA,CREDIT,PLATINUM,INVEST BANK PLC,58 (212) 92 98 31,http://www.investbank.jo,JO,JOR,JORDAN
424131,VISA,DEBIT,GIFT,THE COMMERCIAL BANK OF SYRIA,,,SY,SYR,SYRIAN ARAB REPUBLIC
424160,VISA,CREDIT,INFINITE,FIRST ABU DHABI BANK (PJSC),,,AE,ARE,UNITED ARAB EMIRATES
424179,VISA,DEBIT,PREPAID,ARAB PAYMENT SERVICES,,,IQ,IRQ,IRAQ
424209,VISA,DEBIT,INFINITE,INVEST BANK PLC,58 (212) 92 98 31,http://www.investbank.jo,JO,JOR,JORDAN
424217,VISA,CREDIT,CLASSIC,INTL HDQTRS-CENTER OWNED,,,JO,JOR,JORDAN
424218,VISA,DEBIT,PREPAID ELECTRON,INTL HDQTRS-CENTER OWNED,,,JO,JOR,JORDAN
424260,VISA,CREDIT,REWARDS,AL BILAD BANK,9662918884,http://www.bankalbilad.com,SA,SAU,SAUDI ARABIA
424261,VISA,CREDIT,GOLD,AL BILAD BANK,9662918884,http://www.bankalbilad.com,SA,SAU,SAUDI ARABIA
424262,VISA,CREDIT,PLATINUM,AL BILAD BANK,9662918884,http://www.bankalbilad.com,SA,SAU,SAUDI ARABIA
424263,VISA,DEBIT,GOLD,BANQUE MISR,+20223912150,http://www.banquemisr.com,EG,EGY,EGYPT
424264,VISA,DEBIT,PREPAID BUSINESS,"THE UNITED BANK, S.A.E.",,,EG,EGY,EGYPT
424286,VISA,CREDIT,SIGNATURE,FIRST ABU DHABI BANK (PJSC),,,AE,ARE,UNITED ARAB EMIRATES
424287,VISA,CREDIT,REWARDS,FIRST ABU DHABI BANK (PJSC),,,AE,ARE,UNITED ARAB EMIRATES
424289,VISA,DEBIT,PREPAID CLASSIC,INTERNATIONAL SMART CARD COMPANY,,,IQ,IRQ,IRAQ
424330,VISA,CREDIT,PLATINUM,"DOHA BANK, LTD.",,,QA,QAT,QATAR
424337,VISA,CREDIT,CLASSIC,AHLI UNITED BANK,+9651802000,http://www.ahliunited.com.kw,KW,KWT,KUWAIT
424343,VISA,DEBIT,PREPAID CLASSIC,EMIRATES NBD BANK (P.J.S.C.),+971800456,http://www.emiratesnbd.com,AE,ARE,UNITED ARAB EMIRATES
424368,VISA,DEBIT,ELECTRON,JORDAN COMMERCIAL BANK,+96265203000,http://www.jcbank.com.jo,JO,JOR,JORDAN
424370,VISA,DEBIT,SIGNATURE,KURDISTAN INTERNATIONAL ISLAMIC BANK FOR INVESTMENT AND DEVELOPMENT,,,IQ,IRQ,IRAQ
424432,VISA,CREDIT,,NATIONAL BANK OF RAS AL-KHAIMAH,+97172281127,http://www.rakbank.ae,AE,ARE,UNITED ARAB EMIRATES
424434,VISA,CREDIT,CLASSIC,BANK OF JORDAN,+96265696277,http://www.bankofjordan.com,PS,PSE,"PALESTINIAN TERRITORY, OCCUPIED"
424435,VISA,CREDIT,GOLD,BANK OF JORDAN,+96265696277,http://www.bankofjordan.com,PS,PSE,"PALESTINIAN TERRITORY, OCCUPIED"
424454,VISA,DEBIT,ELECTRON,ISLAMIC INTERNATIONAL ARAB BANK PLC,+96226506999,http://www.iiabank.com.jo,JO,JOR,JORDAN
424478,VISA,CREDIT,CLASSIC,FRANSABANK S.A.L.,+9611340180,http://www.fransabank.com,LB,LBN,LEBANON
424509,VISA,DEBIT,PREPAID CLASSIC,ARAB BANKING CORPORATION (JORDAN),,http://www.arabbanking.com,JO,JOR,JORDAN
424510,VISA,CREDIT,INFINITE,JORDAN KUWAIT BANK,,http://www.jordan-kuwait-bank.com,JO,JOR,JORDAN
424534,VISA,DEBIT,CLASSIC,CREDIT LIBANAIS S.A.L.,+9611900111,http://www.creditlibanais.com.lb,LB,LBN,LEBANON
424565,VISA,DEBIT,CLASSIC,CREDIT LIBANAIS S.A.L.,+9611900111,http://www.creditlibanais.com.lb,LB,LBN,LEBANON
424626,VISA,CREDIT,,ARAB AFRICAN INTERNATIONAL BANK,+20224886679,http://www.aaib.com,EG,EGY,EGYPT
424643,VISA,CREDIT,INFINITE,ARAB BANKING CORPORATION - EGYPT,,http://www.arabbanking.com,EG,EGY,EGYPT
424852,VISA,CREDIT,,,,,AE,ARE,UNITED ARAB EMIRATES
424900,VISA,CREDIT,CLASSIC,THE COMMERCIAL BANK OF QATAR (Q.S.C.),,,QA,QAT,QATAR
424971,VISA,CREDIT,CLASSIC,HSBC BANK MIDDLE EAST,+97142241000,http://www.hsbc.ae,AE,ARE,UNITED ARAB EMIRATES
424984,VISA,CREDIT,REWARDS,DUBAI ISLAMIC BANK,,http://www.alislami.ae,AE,ARE,UNITED ARAB EMIRATES
424985,VISA,CREDIT,REWARDS,DUBAI ISLAMIC BANK,,http://www.alislami.ae,AE,ARE,UNITED ARAB EMIRATES
424986,VISA,CREDIT,REWARDS,DUBAI ISLAMIC BANK,,http://www.alislami.ae,AE,ARE,UNITED ARAB EMIRATES
425179,VISA,DEBIT,REWARDS,BLOM BANK S.A.L.,(961-1) 738938 - 743300 OR (961-1) 372780 - 370830 - 373102,http://www.blom.com.lb,LB,LBN,LEBANON
425194,VISA,DEBIT,REWARDS,FRANSABANK S.A.L.,+9611340180,http://www.fransabank.com,LB,LBN,LEBANON
425195,VISA,CREDIT,,FRANSABANK S.A.L.,+9611340180,http://www.fransabank.com,LB,LBN,LEBANON
425506,VISA,CREDIT,CLASSIC,ISLAMIC INTERNATIONAL ARAB BANK PLC,+96226506999,http://www.iiabank.com.jo,JO,JOR,JORDAN
425507,VISA,CREDIT,GOLD,ISLAMIC INTERNATIONAL ARAB BANK PLC,+96226506999,http://www.iiabank.com.jo,JO,JOR,JORDAN
425508,VISA,DEBIT,CLASSIC,IRAQI MIDDLE EAST INVESTMENT BANK,,,IQ,IRQ,IRAQ
425537,VISA,DEBIT,PREPAID PLATINUM,FIRST ABU DHABI BANK (PJSC),,,AE,ARE,UNITED ARAB EMIRATES
425568,VISA,CREDIT,CLASSIC,TRADE BANK OF IRAQ,+96415433561,http://www.tbiraq.com,IQ,IRQ,IRAQ
425569,VISA,DEBIT,CLASSIC,TRADE BANK OF IRAQ,+96415433561,http://www.tbiraq.com,IQ,IRQ,IRAQ
425681,VISA,CREDIT,,BLOM BANK S.A.L.,(961-1) 738938 - 743300 OR (961-1) 372780 - 370830 - 373102,http://www.blom.com.lb,LB,LBN,LEBANON
425687,VISA,CREDIT,PLATINUM,THE HOUSING BANK FOR TRADE & FINANCE,,,JO,JOR,JORDAN
425697,VISA,CREDIT,INFINITE,BANK AL ETIHAD,,,JO,JOR,JORDAN
425727,VISA,DEBIT,CLASSIC,"ISRACARD, LTD.",,,IL,ISR,ISRAEL
425750,VISA,DEBIT,CLASSIC,MASHREQBANK,+97143632250,http://www.mashreqbank.com,AE,ARE,UNITED ARAB EMIRATES
425851,VISA,CREDIT,INFINITE,STANDARD CHARTERED BANK OMAN,,,OM,OMN,OMAN
425859,VISA,CREDIT,INFINITE,THE NATIONAL BANK OF UMM AL-QAIWAIN PSC.,,,AE,ARE,UNITED ARAB EMIRATES
425869,VISA,CREDIT,PLATINUM,MASRAF AL RAYAN,+97444253333,http://www.alrayan.com,QA,QAT,QATAR
425871,VISA,CREDIT,PLATINUM,BANQUE SAUDI FRANSI,966 1 289 9999 OR 966 1 874 4000,http://www.alfransi.com.sa,SA,SAU,SAUDI ARABIA
425873,VISA,CREDIT,INFINITE,THE COMMERCIAL BANK OF KUWAIT S.A.K.,,,KW,KWT,KUWAIT
425875,VISA,CREDIT,INFINITE,AM BANK S.A.L.,,,LB,LBN,LEBANON
425878,VISA,CREDIT,INFINITE,"COMMERCIAL BANK OF DUBAI, LTD.",,,AE,ARE,UNITED ARAB EMIRATES
425886,VISA,CREDIT,INFINITE,DUKHAN BANK,,,QA,QAT,QATAR
425893,VISA,DEBIT,INFINITE/PLATINUM,ABU DHABI ISLAMIC BANK,+97126100600,http://www.adib.ae,AE,ARE,UNITED ARAB EMIRATES
425896,VISA,CREDIT,SIGNATURE BUSINESS,ALINMA BANK,,,SA,SAU,SAUDI ARABIA
425971,VISA,CREDIT,INFINITE,ABU DHABI ISLAMIC BANK,+97126100600,http://www.adib.ae,AE,ARE,UNITED ARAB EMIRATES
425972,VISA,CREDIT,SIGNATURE,ABU DHABI ISLAMIC BANK,+97126100600,http://www.adib.ae,AE,ARE,UNITED ARAB EMIRATES
426058,VISA,DEBIT,CLASSIC,BOUBYAN BANK K.S.C.,,,KW,KWT,KUWAIT
426060,VISA,CREDIT,,JORDAN COMMERCIAL BANK,+96265203000,http://www.jcbank.com.jo,JO,JOR,JORDAN
426083,VISA,CREDIT,SIGNATURE,"NATIONAL BANK OF KUWAIT, S.A.K.",+96522422011,http://www.nbk.com,KW,KWT,KUWAIT
426103,VISA,CREDIT,REWARDS,DUBAI ISLAMIC BANK,,http://www.alislami.ae,AE,ARE,UNITED ARAB EMIRATES
426104,VISA,CREDIT,REWARDS,DUBAI ISLAMIC BANK,,http://www.alislami.ae,AE,ARE,UNITED ARAB EMIRATES
426105,VISA,CREDIT,PLATINUM,DUBAI ISLAMIC BANK,,http://www.alislami.ae,AE,ARE,UNITED ARAB EMIRATES
426106,VISA,CREDIT,SIGNATURE,DUBAI ISLAMIC BANK,,http://www.alislami.ae,AE,ARE,UNITED ARAB EMIRATES
426107,VISA,CREDIT,INFINITE,DUBAI ISLAMIC BANK,,http://www.alislami.ae,AE,ARE,UNITED ARAB EMIRATES
426112,VISA,CREDIT,CLASSIC,BANKMUSCAT (SAOG),,,OM,OMN,OMAN
426227,VISA,CREDIT,CLASSIC,ARAB FINANCIAL SERVICES COMPANY,,,BH,BHR,BAHRAIN
426228,VISA,CREDIT,GOLD,AL-SALAM BANK - BAHRAIN B.S.C.,,,BH,BHR,BAHRAIN
426309,VISA,DEBIT,ELECTRON,FAISAL ISLAMIC BANK OF EGYPT,267-580-0230,http://www.faisalbank.com.eg,EG,EGY,EGYPT
426315,VISA,CREDIT,CLASSIC,CITIBANK,+97143114000,https://www.citi.com.cn,AE,ARE,UNITED ARAB EMIRATES
426316,VISA,CREDIT,GOLD,CITIBANK,+97143114000,https://www.citi.com.cn,AE,ARE,UNITED ARAB EMIRATES
426317,VISA,DEBIT,ELECTRON,BANQUE MISR,+20223912150,http://www.banquemisr.com,EG,EGY,EGYPT
426336,VISA,DEBIT,PLATINUM,PROVISIONAL BID - MISR DIGITAL INNOVATION,,,EG,EGY,EGYPT
426337,VISA,CREDIT,GOLD,CSCBANK S.A.L.,+9611871245,http://www.ccm.com.lb,LB,LBN,LEBANON
426355,VISA,CREDIT,PLATINUM,HSBC BANK - EGYPT SAE,+20235359100,http://www.hsbc.com.eg,EG,EGY,EGYPT
426356,VISA,CREDIT,PLATINUM,HSBC BANK - EGYPT SAE,+20235359100,http://www.hsbc.com.eg,EG,EGY,EGYPT
426362,VISA,CREDIT,ULTRA HIGH NET WORTH,AL RAJHI BANKING AND INVESTMENT CORP.,4433 92 000 + 966 OR 33 334 601 +966,http://www.alrajhibank.com.sa,SA,SAU,SAUDI ARABIA
426371,VISA,DEBIT,PLATINUM,AHLI BANK (S.A.O.G),,,OM,OMN,OMAN
426372,VISA,DEBIT,SIGNATURE,AHLI BANK (S.A.O.G),,,OM,OMN,OMAN
426394,VISA,CREDIT,,HSBC BANK MIDDLE EAST,+9611361365,http://www.hsbc.ae,LB,LBN,LEBANON
426445,VISA,CREDIT,INFINITE,NATIONAL BANK OF FUJAIRAH,,,AE,ARE,UNITED ARAB EMIRATES
426454,VISA,CREDIT,INFINITE,NATIONAL BANK OF FUJAIRAH,,,AE,ARE,UNITED ARAB EMIRATES
426471,VISA,DEBIT,GOLD,NATIONAL BANK OF EGYPT,,http://www.nbe.com.eg,EG,EGY,EGYPT
426609,VISA,CREDIT,SIGNATURE BUSINESS,EMIRATES ISLAMIC BANK P.J.S.C.,,,AE,ARE,UNITED ARAB EMIRATES
426610,VISA,CREDIT,SIGNATURE,EMIRATES ISLAMIC BANK P.J.S.C.,,,AE,ARE,UNITED ARAB EMIRATES
426611,VISA,CREDIT,PLATINUM,EMIRATES ISLAMIC BANK P.J.S.C.,,,AE,ARE,UNITED ARAB EMIRATES
426612,VISA,CREDIT,SIGNATURE,EMIRATES ISLAMIC BANK P.J.S.C.,,,AE,ARE,UNITED ARAB EMIRATES
426613,VISA,CREDIT,INFINITE,EMIRATES ISLAMIC BANK P.J.S.C.,,,AE,ARE,UNITED ARAB EMIRATES
426614,VISA,DEBIT,PREPAID PLATINUM,EMIRATES ISLAMIC BANK P.J.S.C.,,,AE,ARE,UNITED ARAB EMIRATES
426669,VISA,CREDIT,PLATINUM,BURGAN BANK (S.A.K.),,,KW,KWT,KUWAIT
426805,VISA,CREDIT,CLASSIC,BYBLOS BANK SAL,,,LB,LBN,LEBANON
426806,VISA,CREDIT,GOLD,BYBLOS BANK - SYRIA,963 11 9292 - 3348240 OR 1 OR 2 OR 3 OR 4,http://www.byblosbank.com,SY,SYR,SYRIAN ARAB REPUBLIC
426822,VISA,CREDIT,CLASSIC,QATAR INTERNATIONAL ISLAMIC BANK,,http://www.qiib.com.qa,QA,QAT,QATAR
426823,VISA,CREDIT,GOLD,QATAR INTERNATIONAL ISLAMIC BANK,,http://www.qiib.com.qa,QA,QAT,QATAR
426824,VISA,CREDIT,PLATINUM,QATAR INTERNATIONAL ISLAMIC BANK,,http://www.qiib.com.qa,QA,QAT,QATAR
426867,VISA,CREDIT,SIGNATURE,CREDIT LIBANAIS S.A.L.,+9611900111,http://www.creditlibanais.com.lb,LB,LBN,LEBANON
426868,VISA,DEBIT,CLASSIC,CREDIT LIBANAIS S.A.L.,+9611900111,http://www.creditlibanais.com.lb,LB,LBN,LEBANON
426869,VISA,CREDIT,PLATINUM,CREDIT LIBANAIS S.A.L.,+9611900111,http://www.creditlibanais.com.lb,LB,LBN,LEBANON
426870,VISA,DEBIT,CLASSIC,CREDIT LIBANAIS S.A.L.,+9611900111,http://www.creditlibanais.com.lb,LB,LBN,LEBANON
426897,VISA,CREDIT,ULTRA HIGH NET WORTH,ALINMA BANK,,,SA,SAU,SAUDI ARABIA
427106,VISA,DEBIT,BUSINESS,KUWAIT FINANCE HOUSE,+9651803333,http://www.kfh.com,KW,KWT,KUWAIT
427200,VISA,CREDIT,,COMMERCIAL BANK OF SYRIA,,http://www.bankaudisyria.com,SY,SYR,SYRIAN ARAB REPUBLIC
427222,VISA,CREDIT,SIGNATURE,SAUDI AWWAL BANK,,,SA,SAU,SAUDI ARABIA
427277,VISA,CREDIT,PLATINUM,ABU DHABI COMMERCIAL BANK,+97126962222,http://www.adcb.com,AE,ARE,UNITED ARAB EMIRATES
427290,VISA,DEBIT,PREPAID CLASSIC,INDUSTRIAL BANK,,https://www.cib.com.cn,IQ,IRQ,IRAQ
427292,VISA,DEBIT,CLASSIC,"TURKIYE IS BANKASI, A.S.",,http://www.isbank.com.tr,IQ,IRQ,IRAQ
427294,VISA,DEBIT,CLASSIC,CAPITAL BANK OF JORDAN PLC. CO.,,,JO,JOR,JORDAN
427299,VISA,DEBIT,SIGNATURE,MASHREQBANK,+97143632250,http://www.mashreqbank.com,AE,ARE,UNITED ARAB EMIRATES
427733,VISA,CREDIT,PLATINUM,ALAWWAL BANK,,,SA,SAU,SAUDI ARABIA
427739,VISA,CREDIT,PLATINUM,ALAWWAL BANK,,,SA,SAU,SAUDI ARABIA
427740,VISA,DEBIT,SIGNATURE,COMMERCIAL BANK OF DUBAI(PSC),,,AE,ARE,UNITED ARAB EMIRATES
427776,VISA,CREDIT,BUSINESS,"ISRACARD, LTD.",,,IL,ISR,ISRAEL
427820,VISA,DEBIT,ELECTRON,AGRICULTURAL BANK OF EGYPT (ABE),,,EG,EGY,EGYPT
427821,VISA,DEBIT,PREPAID ELECTRON,PRINCIPAL BANK FOR DEVELOPMENT AND AGRICULTURAL CREDIT,2027951229,http://www.pbdac.com.eg,EG,EGY,EGYPT
427822,VISA,CREDIT,,PRINCIPAL BANK FOR DEVELOPMENT AND AGRICULTURAL CREDIT,2027951229,http://www.pbdac.com.eg,EG,EGY,EGYPT
427837,VISA,CREDIT,GOLD,EMIRATES NATIONAL BANK OF DUBAI S.A.E.,,,EG,EGY,EGYPT
427838,VISA,CREDIT,GOLD,EMIRATES NATIONAL BANK OF DUBAI S.A.E.,,,EG,EGY,EGYPT
427839,VISA,CREDIT,CORPORATE T&E,EMIRATES NATIONAL BANK OF DUBAI S.A.E.,,,EG,EGY,EGYPT
427840,VISA,DEBIT,CORPORATE T&E,EMIRATES NATIONAL BANK OF DUBAI S.A.E.,,,EG,EGY,EGYPT
427842,VISA,DEBIT,,,,,EG,EGY,EGYPT
427864,VISA,CREDIT,,ARAB BANKING CORPORATION (JORDAN),,http://www.arabbanking.com,JO,JOR,JORDAN
427866,VISA,CREDIT,CLASSIC,FIRST ABU DHABI BANK PJSC,+971600525500,https://www.bankfab.com,AE,ARE,UNITED ARAB EMIRATES
427887,VISA,CREDIT,REWARDS,AM BANK S.A.L.,,,LB,LBN,LEBANON
427888,VISA,CREDIT,GOLD,AL-MAWARID BANK S.A.L.,,http://www.almawarid.com,LB,LBN,LEBANON
427899,VISA,CREDIT,SIGNATURE,CAPITAL BANK OF JORDAN PLC. CO.,,,JO,JOR,JORDAN
428065,VISA,CREDIT,CLASSIC,EMIRATES ISLAMIC BANK P.J.S.C.,,,AE,ARE,UNITED ARAB EMIRATES
428066,VISA,CREDIT,GOLD,EMIRATES ISLAMIC BANK P.J.S.C.,,,AE,ARE,UNITED ARAB EMIRATES
428068,VISA,DEBIT,CLASSIC,D360 BANK,,,SA,SAU,SAUDI ARABIA
428113,VISA,CREDIT,PLATINUM,AL-SALAM BANK - BAHRAIN B.S.C.,,,BH,BHR,BAHRAIN
428114,VISA,CREDIT,PLATINUM,ARAB FINANCIAL SERVICES COMPANY,,,BH,BHR,BAHRAIN
428115,VISA,DEBIT,ELECTRON,AL SALAM BAHRAIN BANK,,,BH,BHR,BAHRAIN
428131,VISA,DEBIT,PREPAID,"DOHA BANK, LTD.",,,QA,QAT,QATAR
428132,VISA,CREDIT,GOLD,DOHA BANK Q.S.C.,+97444456000,http://www.dohabank.com.qa,QA,QAT,QATAR
428133,VISA,CREDIT,PLATINUM,DOHA BANK Q.S.C.,+97444456000,http://www.dohabank.com.qa,QA,QAT,QATAR
428188,VISA,CREDIT,SIGNATURE,ARAB ISLAMIC BANK,,,PS,PSE,"PALESTINIAN TERRITORY, OCCUPIED"
428192,VISA,CREDIT,PLATINUM,ARAB ISLAMIC BANK,,,PS,PSE,"PALESTINIAN TERRITORY, OCCUPIED"
428226,VISA,DEBIT,CLASSIC,"UNITED BANK, LTD.",,http://www.ubl.com.pk,AE,ARE,UNITED ARAB EMIRATES
428229,VISA,CREDIT,CLASSIC,CREDIT LIBANAIS S.A.L.,+9611900111,http://www.creditlibanais.com.lb,LB,LBN,LEBANON
428230,VISA,CREDIT,REWARDS,CREDIT LIBANAIS S.A.L.,+9611900111,http://www.creditlibanais.com.lb,LB,LBN,LEBANON
428231,VISA,CREDIT,PLATINUM,CREDIT LIBANAIS S.A.L.,+9611900111,http://www.creditlibanais.com.lb,LB,LBN,LEBANON
428236,VISA,CREDIT,,"BANK AUDI SYRIA, S.A.",,,SY,SYR,SYRIAN ARAB REPUBLIC
428245,VISA,DEBIT,PREPAID CLASSIC,"DOHA BANK, LTD.",,,QA,QAT,QATAR
428246,VISA,DEBIT,CLASSIC,"DOHA BANK, LTD.",,,QA,QAT,QATAR
428257,VISA,DEBIT,CLASSIC,ALIZZ ISLAMIC BANK (S.A.O.C),,,OM,OMN,OMAN
428274,VISA,CREDIT,PLATINUM,AL RAJHI BANKING AND INVESTMENT CORP.,4433 92 000 + 966 OR 33 334 601 +966,http://www.alrajhibank.com.sa,SA,SAU,SAUDI ARABIA
428275,VISA,CREDIT,REWARDS,BANQUE SAUDI FRANSI,966 1 289 9999 OR 966 1 874 4000,http://www.alfransi.com.sa,SA,SAU,SAUDI ARABIA
428276,VISA,CREDIT,CLASSIC,STANDARD CHARTERED BANK,+971600522288,https://www.sc.com,AE,ARE,UNITED ARAB EMIRATES
428277,VISA,CREDIT,GOLD,STANDARD CHARTERED BANK,+971600522288,https://www.sc.com,AE,ARE,UNITED ARAB EMIRATES
428324,VISA,DEBIT,CLASSIC,MASHREQBANK,+97143632250,http://www.mashreqbank.com,AE,ARE,UNITED ARAB EMIRATES
428327,VISA,DEBIT,CLASSIC,HSBC BANK MIDDLE EAST,+97142241000,http://www.hsbc.ae,AE,ARE,UNITED ARAB EMIRATES
428331,VISA,DEBIT,CLASSIC,SAUDI AWWAL BANK,,,SA,SAU,SAUDI ARABIA
428334,VISA,DEBIT,PREPAID CLASSIC,AL BILAD BANK,9662918884,http://www.bankalbilad.com,SA,SAU,SAUDI ARABIA
428335,VISA,DEBIT,PREPAID PLATINUM,AL BILAD BANK,9662918884,http://www.bankalbilad.com,SA,SAU,SAUDI ARABIA
428345,VISA,DEBIT,ELECTRON,MASHREQ BANK,,http://www.mashreqbank.com,BH,BHR,BAHRAIN
428374,VISA,CREDIT,REWARDS,BANK AL JAZIRA,(966) 2 609 8888,http://www.baj.com.sa,SA,SAU,SAUDI ARABIA
428375,VISA,CREDIT,PLATINUM,BANK AL JAZIRA,(966) 2 609 8888,http://www.baj.com.sa,SA,SAU,SAUDI ARABIA
428482,VISA,DEBIT,PREPAID PLATINUM,ARAB BANK PLC,4600900,http://www.arabbank.jo,JO,JOR,JORDAN
428557,VISA,CREDIT,SIGNATURE,"NATIONAL BANK OF KUWAIT, S.A.K.",+97317583333,http://www.nbk.com,BH,BHR,BAHRAIN
428559,VISA,DEBIT,,BYBLOS BANK S.A.L.,+9611205050,http://www.byblosbank.com,LB,LBN,LEBANON
428570,VISA,CREDIT,CLASSIC,AJMAN BANK (P.J.S.C.),+97167479999,http://www.ajmanbank.ae,AE,ARE,UNITED ARAB EMIRATES
428571,VISA,CREDIT,PLATINUM,NETWORK INTERNATIONAL LLC,,,AE,ARE,UNITED ARAB EMIRATES
428572,VISA,CREDIT,PLATINUM,AJMAN BANK (P.J.S.C.),+97167479999,http://www.ajmanbank.ae,AE,ARE,UNITED ARAB EMIRATES
428573,VISA,DEBIT,ELECTRON,AJMAN BANK (P.J.S.C.),+97167479999,http://www.ajmanbank.ae,AE,ARE,UNITED ARAB EMIRATES
428628,VISA,DEBIT,PLATINUM,ALAHLI BANK OF KUWAIT (K.S.C.),+96524341788,http://www.eahli.com,KW,KWT,KUWAIT
428631,VISA,CREDIT,,"HABIB BANK, LTD.",+97165686116,http://www.habibbankltd.com,AE,ARE,UNITED ARAB EMIRATES
428648,VISA,DEBIT,PLATINUM,BANK OF SYRIA AND OVERSEAS,+963112260560,http://www.bso.com.sy,SY,SYR,SYRIAN ARAB REPUBLIC
428654,VISA,DEBIT,CLASSIC,MASHREQBANK,+96524954899,http://www.mashreqbank.com,KW,KWT,KUWAIT
428671,VISA,DEBIT,GOLD,ALINMA BANK,,,SA,SAU,SAUDI ARABIA
428672,VISA,DEBIT,BUSINESS ENHANCED,ALINMA BANK,,,SA,SAU,SAUDI ARABIA
428673,VISA,DEBIT,INFINITE,ALINMA BANK,,,SA,SAU,SAUDI ARABIA
428674,VISA,DEBIT,CLASSIC,CREDIT LIBANAIS S.A.L.,00961-1-900 111,http://www.creditlibanais.com.lb,BH,BHR,BAHRAIN
428678,VISA,CREDIT,INFINITE,ALINMA BANK,,,SA,SAU,SAUDI ARABIA
428679,VISA,CREDIT,PLATINUM,ALINMA BANK,,,SA,SAU,SAUDI ARABIA
428681,VISA,DEBIT,CLASSIC,HSBC BANK MIDDLE EAST,+974 4441 6663 A851+A851,http://www.hsbc.ae,QA,QAT,QATAR
428682,VISA,DEBIT,CLASSIC,HSBC BANK MIDDLE EAST,+974 4441 6663 A851+A851,http://www.hsbc.ae,QA,QAT,QATAR
428683,VISA,DEBIT,PLATINUM,HSBC BANK MIDDLE EAST,+974 4441 6663 A851+A851,http://www.hsbc.ae,QA,QAT,QATAR
428684,VISA,DEBIT,CORPORATE T&E,CQUR BANK LLC,,,QA,QAT,QATAR
428685,VISA,DEBIT,PLATINUM,HSBC BANK MIDDLE EAST,+974 4441 6663 A851+A851,http://www.hsbc.ae,QA,QAT,QATAR
428686,VISA,DEBIT,PLATINUM,HSBC BANK MIDDLE EAST,+974 4441 6663 A851+A851,http://www.hsbc.ae,QA,QAT,QATAR
428687,VISA,DEBIT,CLASSIC,HSBC BANK MIDDLE EAST,+97142241000,http://www.hsbc.ae,AE,ARE,UNITED ARAB EMIRATES
428688,VISA,DEBIT,PLATINUM,HSBC BANK MIDDLE EAST,+97142241000,http://www.hsbc.ae,AE,ARE,UNITED ARAB EMIRATES
428689,VISA,DEBIT,INFINITE,HSBC BANK MIDDLE EAST,+97142241000,http://www.hsbc.ae,AE,ARE,UNITED ARAB EMIRATES
428699,VISA,CREDIT,,AL HILAL BANK P.J.S.C.,+97124994460,http://www.alhilalonline.ae,AE,ARE,UNITED ARAB EMIRATES
428745,VISA,CREDIT,PLATINUM,BANK OF BEIRUT SAL,,,LB,LBN,LEBANON
428926,VISA,DEBIT,PREPAID PLATINUM,BURGAN BANK (S.A.K.),,,KW,KWT,KUWAIT
428948,VISA,CREDIT,PLATINUM,SHARJAH ISLAMIC BANK,+97165999999,http://www.sib.ae,AE,ARE,UNITED ARAB EMIRATES
428950,VISA,DEBIT,REWARDS,INVEST BANK PLC,58 (212) 92 98 31,http://www.investbank.jo,JO,JOR,JORDAN
428969,VISA,CREDIT,PLATINUM,MASHREQBANK,+97143632250,http://www.mashreqbank.com,AE,ARE,UNITED ARAB EMIRATES
428973,VISA,CREDIT,INFINITE,RIYAD BANK,,http://www.riyadbank.com,SA,SAU,SAUDI ARABIA
428981,VISA,CREDIT,SIGNATURE,EMIRATES NBD BANK (P.J.S.C.),,http://www.emiratesnbd.com,AE,ARE,UNITED ARAB EMIRATES
429004,VISA,CREDIT,INFINITE,GLOBAL DIGITAL FINANCIAL SOLUTIONS CO.,,,SA,SAU,SAUDI ARABIA
429011,VISA,CREDIT,CLASSIC,MASHREQBANK,+97143632250,http://www.mashreqbank.com,AE,ARE,UNITED ARAB EMIRATES
429018,VISA,CREDIT,SIGNATURE,GLOBAL DIGITAL FINANCIAL SOLUTIONS CO.,,,SA,SAU,SAUDI ARABIA
429073,VISA,CREDIT,PLATINUM,MASHREQBANK,+97143632250,http://www.mashreqbank.com,AE,ARE,UNITED ARAB EMIRATES
429079,VISA,DEBIT,PREPAID CLASSIC,THE NATIONAL BANK OF UMM AL-QAIWAIN PSC.,,,AE,ARE,UNITED ARAB EMIRATES
429110,VISA,CREDIT,CLASSIC,BANKMED S.A.L.,+9611708090,http://www.bankmed.com.lb,LB,LBN,LEBANON
429111,VISA,CREDIT,INFINITE,BANKMED SAL,,,LB,LBN,LEBANON
429425,VISA,CREDIT,CLASSIC,CSCBANK SAL,,,LB,LBN,LEBANON
429427,VISA,CREDIT,GOLD,CSCBANK SAL,,,LB,LBN,LEBANON
429520,VISA,CREDIT,PLATINUM,CAPITAL BANK OF JORDAN PLC. CO.,,,JO,JOR,JORDAN
429524,VISA,CREDIT,,BANKMUSCAT LTD. (S.A.O.G.),,,OM,OMN,OMAN
429559,VISA,CREDIT,CLASSIC,CREDIT LIBANAIS S.A.L.,+9611900111,http://www.creditlibanais.com.lb,LB,LBN,LEBANON
429588,VISA,DEBIT,INFINITE,MASHREQBANK,+97143632250,http://www.mashreqbank.com,AE,ARE,UNITED ARAB EMIRATES
429740,VISA,CREDIT,CLASSIC,"NATIONAL BANK OF KUWAIT - EGYPT (NBK), S.A.E.",,,EG,EGY,EGYPT
429741,VISA,CREDIT,GOLD,NATIONAL BANK OF KUWAIT - EGYPT (S.A.E.),19336,https://www.nbk.com,EG,EGY,EGYPT
429742,VISA,DEBIT,CLASSIC,NATIONAL BANK OF KUWAIT - EGYPT (S.A.E.),19336,https://www.nbk.com,EG,EGY,EGYPT
429743,VISA,CREDIT,,NATIONAL BANK OF KUWAIT - EGYPT (S.A.E.),19336,https://www.nbk.com,EG,EGY,EGYPT
429782,VISA,DEBIT,,ABU DHABI COMMERCIAL BANK,+97126962222,http://www.adcb.com,AE,ARE,UNITED ARAB EMIRATES
429786,VISA,CREDIT,PLATINUM,AHLI BANK Q.S.C.,(974) 4232222,http://www.ahlibank.com.qa,QA,QAT,QATAR
429790,VISA,DEBIT,PLATINUM,ALAHLI BANK OF KUWAIT (K.S.C.),,http://www.eahli.com,AE,ARE,UNITED ARAB EMIRATES
429791,VISA,CREDIT,INFINITE,ALAHLI BANK OF KUWAIT (K.S.C.),,http://www.eahli.com,AE,ARE,UNITED ARAB EMIRATES
429816,VISA,DEBIT,CORPORATE T&E,BLOM BANK S.A.L.,(961-1) 738938 - 743300 OR (961-1) 372780 - 370830 - 373102,http://www.blom.com.lb,LB,LBN,LEBANON
429915,VISA,DEBIT,BUSINESS ENHANCED,BANK OF ALEXANDRIA,1 9 0 3 3 OR (02) 3938623 - 3913822 - 3916796,http://www.alexbank.com,EG,EGY,EGYPT
429920,VISA,DEBIT,REWARDS,BANK AL ETIHAD,,,JO,JOR,JORDAN
429927,VISA,DEBIT,PREPAID PLATINUM,AL RAJHI BANKING AND INVESTMENT CORP.,4433 92 000 + 966 OR 33 334 601 +966,http://www.alrajhibank.com.sa,SA,SAU,SAUDI ARABIA
429928,VISA,CREDIT,GOLD,CREDIT LIBANAIS S.A.L.,+9611900111,http://www.creditlibanais.com.lb,LB,LBN,LEBANON
429929,VISA,DEBIT,CLASSIC,CREDIT LIBANAIS S.A.L.,+9611900111,http://www.creditlibanais.com.lb,LB,LBN,LEBANON
429940,VISA,CREDIT,GOLD,AUDI SARADAR PRIVATE BANK S.A.L.,+9611205400,http://www.audisaradarpb.com,LB,LBN,LEBANON
429944,VISA,CREDIT,REWARDS,BANK AL ETIHAD,,,JO,JOR,JORDAN
429945,VISA,CREDIT,REWARDS,BANK AL ETIHAD,,,JO,JOR,JORDAN
429946,VISA,CREDIT,BUSINESS ENHANCED,BANQUE DU CAIRE,+20222648410,http://www.bdc.com.eg,EG,EGY,EGYPT
429947,VISA,CREDIT,PURCHASING WITH FLEET,COMMERCIAL INTERNATIONAL BANK,+20227383011,http://www.cibeg.com,EG,EGY,EGYPT
429949,VISA,CREDIT,INFINITE,AUDI SARADAR PRIVATE BANK S.A.L.,+9611205400,http://www.audisaradarpb.com,LB,LBN,LEBANON
429950,VISA,DEBIT,CLASSIC,BANK OF SYRIA AND OVERSEAS,+963112260560,http://www.bso.com.sy,SY,SYR,SYRIAN ARAB REPUBLIC
429951,VISA,DEBIT,GOLD,BANK OF SYRIA AND OVERSEAS,+963112260560,http://www.bso.com.sy,SY,SYR,SYRIAN ARAB REPUBLIC
430105,VISA,CREDIT,,FAISAL ISLAMIC BANK OF EGYPT,267-580-0230,http://www.faisalbank.com.eg,EG,EGY,EGYPT
430145,VISA,CREDIT,,DUBAI ISLAMIC BANK,,http://www.alislami.ae,AE,ARE,UNITED ARAB EMIRATES
430153,VISA,CREDIT,INFINITE,ARAB INTERNATIONAL BANK,23918794,http://www.aib.com.eg,EG,EGY,EGYPT
430198,VISA,CREDIT,,COMMERCIAL BANK OF QATAR LTD. (Q.S.C.),,,QA,QAT,QATAR
430212,VISA,DEBIT,PREPAID,,,,EG,EGY,EGYPT
430255,VISA,DEBIT,PLATINUM,NATIONAL BANK OF FUJAIRAH,,,AE,ARE,UNITED ARAB EMIRATES
430258,VISA,CREDIT,PLATINUM,THE SAUDI NATIONAL BANK,,,SA,SAU,SAUDI ARABIA
430259,VISA,CREDIT,INFINITE,THE SAUDI NATIONAL BANK,,,SA,SAU,SAUDI ARABIA
430260,VISA,CREDIT,PLATINUM,THE SAUDI NATIONAL BANK,,,SA,SAU,SAUDI ARABIA
430262,VISA,CREDIT,PLATINUM,NATIONAL COMMERCIAL BANK,96626464060,,SA,SAU,SAUDI ARABIA
430280,VISA,CREDIT,CLASSIC,FIRST ABU DHABI BANK PJSC,971 2-611-1111,https://www.bankfab.com,KW,KWT,KUWAIT
430281,VISA,CREDIT,GOLD,FIRST ABU DHABI BANK PJSC,971 2-611-1111,https://www.bankfab.com,KW,KWT,KUWAIT
430287,VISA,DEBIT,PLATINUM,NATIONAL BANK OF FUJAIRAH,,,AE,ARE,UNITED ARAB EMIRATES
430290,VISA,DEBIT,CLASSIC,CREDIT LIBANAIS S.A.L.,,http://www.creditlibanais.com.lb,IQ,IRQ,IRAQ
430397,VISA,DEBIT,BUSINESS,HSBC BANK MIDDLE EAST,+97142241000,http://www.hsbc.ae,AE,ARE,UNITED ARAB EMIRATES
430398,VISA,DEBIT,BUSINESS,HSBC BANK MIDDLE EAST,+97142241000,http://www.hsbc.ae,AE,ARE,UNITED ARAB EMIRATES
430548,VISA,CREDIT,SIGNATURE BUSINESS,INVEST BANK PLC,58 (212) 92 98 31,http://www.investbank.jo,JO,JOR,JORDAN
430553,VISA,CREDIT,SIGNATURE BUSINESS,INVEST BANK PLC,58 (212) 92 98 31,http://www.investbank.jo,JO,JOR,JORDAN
430564,VISA,DEBIT,CLASSIC,FIRST IRAQI ISLAMIC BANK FOR INVESTMENT AND FINANCE,,,IQ,IRQ,IRAQ
430599,VISA,CREDIT,PLATINUM,HSBC BANK MIDDLE EAST,+974 4441 6663 A851+A851,http://www.hsbc.ae,QA,QAT,QATAR
430632,VISA,DEBIT,PREPAID PLATINUM,CREDIMAX B.S.C. (CLOSED),,,BH,BHR,BAHRAIN
430742,VISA,DEBIT,PREPAID PLATINUM,QATAR ISLAMIC BANK (S.A.Q.),+97444385555,,QA,QAT,QATAR
430747,VISA,DEBIT,PREPAID PLATINUM,QATAR ISLAMIC BANK (S.A.Q.),+97444385555,,QA,QAT,QATAR
430806,VISA,DEBIT,PREPAID CLASSIC,AL ARABIYA ISLAMIC BANK,,,IQ,IRQ,IRAQ
430827,VISA,DEBIT,PREPAID,INVEST BANK PLC,58 (212) 92 98 31,http://www.investbank.jo,JO,JOR,JORDAN
430951,VISA,CREDIT,PLATINUM,MASHREQBANK,+97143632250,http://www.mashreqbank.com,AE,ARE,UNITED ARAB EMIRATES
431106,VISA,DEBIT,PREPAID PLATINUM,"BURGAN BANK, S.A.K.",+9651804080,http://www.burgan.com,KW,KWT,KUWAIT
431188,VISA,DEBIT,PREPAID BUSINESS,AHLI BANK (S.A.O.G),,,OM,OMN,OMAN
431199,VISA,DEBIT,REWARDS,BOUBYAN BANK K.S.C.,,,KW,KWT,KUWAIT
431210,VISA,CREDIT,ULTRA HIGH NET WORTH,THE GULF BANK K.S.C.,,,KW,KWT,KUWAIT
431211,VISA,CREDIT,INFINITE,THE GULF BANK K.S.C.,,,KW,KWT,KUWAIT
431248,VISA,CREDIT,GOLD,FIRST ABU DHABI BANK PJSC,+971600525500,https://www.bankfab.com,AE,ARE,UNITED ARAB EMIRATES
431249,VISA,CREDIT,PLATINUM,FIRST ABU DHABI BANK PJSC,+971600525500,https://www.bankfab.com,AE,ARE,UNITED ARAB EMIRATES
431250,VISA,CREDIT,GOLD,"BANK AUDI SYRIA, S.A.",,,SY,SYR,SYRIAN ARAB REPUBLIC
431256,VISA,CREDIT,PLATINUM,QATAR NATIONAL BANK (Q.P.S.C.),,,QA,QAT,QATAR
431266,VISA,DEBIT,SIGNATURE,D360 BANK,,,SA,SAU,SAUDI ARABIA
431270,VISA,CREDIT,INFINITE,KUWAIT FINANCE HOUSE,+9651803333,http://www.kfh.com,KW,KWT,KUWAIT
431355,VISA,DEBIT,PREPAID ELECTRON,ABU DHABI COMMERCIAL BANK,+97126962222,http://www.adcb.com,AE,ARE,UNITED ARAB EMIRATES
431356,VISA,DEBIT,PREPAID CLASSIC,COMMERCIAL BANK OF DUBAI(PSC),,,AE,ARE,UNITED ARAB EMIRATES
431360,VISA,CREDIT,INFINITE,THE COMMERCIAL BANK OF QATAR (Q.S.C.),,,QA,QAT,QATAR
431361,VISA,DEBIT,CLASSIC,"NATIONAL BANK OF KUWAIT, S.A.K.",(+) 966 2 653-8600,http://www.nbk.com,SA,SAU,SAUDI ARABIA
431364,VISA,CREDIT,CLASSIC,AL-SALAM BANK - BAHRAIN B.S.C.,,,BH,BHR,BAHRAIN
431365,VISA,CREDIT,GOLD,AL-SALAM BANK - BAHRAIN B.S.C.,,,BH,BHR,BAHRAIN
431376,VISA,CREDIT,,BANK OF JORDAN,+96265696277,http://www.bankofjordan.com,PS,PSE,"PALESTINIAN TERRITORY, OCCUPIED"
431463,VISA,DEBIT,PREPAID CLASSIC,NATIONAL BANK OF FUJAIRAH,,,AE,ARE,UNITED ARAB EMIRATES
431475,VISA,DEBIT,PREPAID PLATINUM,KUWAIT INTERNATIONAL BANK,+9651866866,http://www.kib.com.kw,KW,KWT,KUWAIT
431484,VISA,DEBIT,PREPAID TRAVEL MONEY,CITICORP,,http://www.latam.citibank.com,QA,QAT,QATAR
431513,VISA,CREDIT,CLASSIC,ARAB INTERNATIONAL BANK,23918794,http://www.aib.com.eg,EG,EGY,EGYPT
431610,VISA,DEBIT,PLATINUM,MASHREQBANK,+97143632250,http://www.mashreqbank.com,AE,ARE,UNITED ARAB EMIRATES
431716,VISA,DEBIT,GOLD,AUDI SARADAR PRIVATE BANK S.A.L.,+9611205400,http://www.audisaradarpb.com,LB,LBN,LEBANON
431743,VISA,DEBIT,CLASSIC,AL ARABIYA ISLAMIC BANK,,,IQ,IRQ,IRAQ
431756,VISA,CREDIT,SIGNATURE,ARAB BANKING CORPORATION - EGYPT,,http://www.arabbanking.com,EG,EGY,EGYPT
431826,VISA,DEBIT,PLATINUM,INTERNATIONAL SMART CARD COMPANY,,,IQ,IRQ,IRAQ
431905,VISA,DEBIT,CLASSIC,"ISRACARD, LTD.",,,IL,ISR,ISRAEL
431906,VISA,CREDIT,PLATINUM,"ISRACARD, LTD.",,,IL,ISR,ISRAEL
431907,VISA,CREDIT,BUSINESS,"ISRACARD, LTD.",,,IL,ISR,ISRAEL
431927,VISA,DEBIT,CLASSIC,GULF BANK K.S.C.,1.800.223.2060,http://www.gulfbank.com,KW,KWT,KUWAIT
431991,VISA,CREDIT,PLATINUM,BLOM BANK S.A.L.,,http://www.blom.com.lb,IQ,IRQ,IRAQ
432022,VISA,DEBIT,PREPAID PLATINUM,QATAR NATIONAL BANK (Q.P.S.C.),,,QA,QAT,QATAR
432044,VISA,CREDIT,,JORDAN AHLI BANK,+96265007777,http://www.ahli.com,JO,JOR,JORDAN
432060,VISA,CREDIT,,HSBC BANK MIDDLE EAST,+97142241000,http://www.hsbc.ae,AE,ARE,UNITED ARAB EMIRATES
432061,VISA,CREDIT,,HSBC BANK MIDDLE EAST,+97317569999,http://www.hsbc.ae,BH,BHR,BAHRAIN
432062,VISA,CREDIT,,HSBC BANK MIDDLE EAST,+974 4441 6663 A851+A851,http://www.hsbc.ae,QA,QAT,QATAR
432063,VISA,CREDIT,,,,,OM,OMN,OMAN
432064,VISA,CREDIT,,,,,LB,LBN,LEBANON
432066,VISA,CREDIT,,HSBC BANK - EGYPT SAE,+20235359100,http://www.hsbc.com.eg,EG,EGY,EGYPT
432114,VISA,CREDIT,INFINITE,EMIRATES NBD BANK (P.J.S.C.),+971800456,http://www.emiratesnbd.com,AE,ARE,UNITED ARAB EMIRATES
432118,VISA,CREDIT,PLATINUM,AHLI UNITED BANK B.S.C.,+97317710559,http://www.ahliunited.com,BH,BHR,BAHRAIN
432159,VISA,CREDIT,INFINITE,AL RAJHI BANKING AND INVESTMENT CORP.,4433 92 000 + 966 OR 33 334 601 +966,http://www.alrajhibank.com.sa,SA,SAU,SAUDI ARABIA
432193,VISA,CREDIT,PLATINUM,BANQUE MISR,+97126273000,http://www.banquemisr.com,AE,ARE,UNITED ARAB EMIRATES
432227,VISA,DEBIT,CLASSIC,"UNITED BANK, LTD.",,http://www.ubl.com.pk,BH,BHR,BAHRAIN
432229,VISA,DEBIT,CLASSIC,"UNITED BANK, LTD.",,http://www.ubl.com.pk,QA,QAT,QATAR
432234,VISA,CREDIT,CLASSIC,FIRST ABU DHABI BANK PJSC,+971600525500,https://www.bankfab.com,AE,ARE,UNITED ARAB EMIRATES
432235,VISA,CREDIT,GOLD,FIRST ABU DHABI BANK PJSC,+971600525500,https://www.bankfab.com,AE,ARE,UNITED ARAB EMIRATES
432236,VISA,CREDIT,PLATINUM,FIRST ABU DHABI BANK PJSC,+971600525500,https://www.bankfab.com,AE,ARE,UNITED ARAB EMIRATES
432237,VISA,CREDIT,CORPORATE T&E,FIRST ABU DHABI BANK PJSC,+971600525500,https://www.bankfab.com,AE,ARE,UNITED ARAB EMIRATES
432238,VISA,DEBIT,PREPAID CLASSIC,FIRST ABU DHABI BANK (PJSC),,,AE,ARE,UNITED ARAB EMIRATES
432253,VISA,CREDIT,GOLD,CSCBANK S.A.L.,+9611871245,http://www.ccm.com.lb,LB,LBN,LEBANON
432256,VISA,CREDIT,INFINITE,MASHREQBANK,+97143632250,http://www.mashreqbank.com,AE,ARE,UNITED ARAB EMIRATES
432326,VISA,CREDIT,CLASSIC,ALINMA BANK,,,SA,SAU,SAUDI ARABIA
432327,VISA,CREDIT,GOLD,ALINMA BANK,,,SA,SAU,SAUDI ARABIA
432328,VISA,DEBIT,CLASSIC,ALINMA BANK,,,SA,SAU,SAUDI ARABIA
432367,VISA,DEBIT,PREPAID CLASSIC,"PYYPL, LTD.",,,AE,ARE,UNITED ARAB EMIRATES
432410,VISA,DEBIT,CLASSIC,OMAN ARAB BANK SAO,(800) 860-9227,,OM,OMN,OMAN
432415,VISA,DEBIT,PLATINUM,OMAN ARAB BANK SAO,(800) 860-9227,,OM,OMN,OMAN
432423,VISA,CREDIT,CLASSIC,"NATIONAL BANK OF KUWAIT, S.A.K.",+96522422011,http://www.nbk.com,KW,KWT,KUWAIT
432438,VISA,CREDIT,PLATINUM,THE COMMERCIAL BANK OF QATAR (Q.S.C.),,,QA,QAT,QATAR
432503,VISA,CREDIT,PLATINUM,ARAB BANK PLC,4600900,http://www.arabbank.jo,JO,JOR,JORDAN
432504,VISA,CREDIT,PLATINUM,ARAB BANK PLC,+20 2 19100,http://www.arabbank.jo,EG,EGY,EGYPT
432506,VISA,CREDIT,PLATINUM,ARAB BANK PLC,+97022953333,http://www.arabbank.jo,PS,PSE,"PALESTINIAN TERRITORY, OCCUPIED"
432507,VISA,CREDIT,CLASSIC,ARAB BANK PLC,+20 2 19100,http://www.arabbank.jo,EG,EGY,EGYPT
432508,VISA,DEBIT,PREPAID PLATINUM,KUWAIT FINANCE HOUSE,+9651803333,http://www.kfh.com,KW,KWT,KUWAIT
432509,VISA,CREDIT,CLASSIC,ARAB BANK PLC,+97022953333,http://www.arabbank.jo,PS,PSE,"PALESTINIAN TERRITORY, OCCUPIED"
432512,VISA,CREDIT,PLATINUM,THE HOUSING BANK FOR TRADE & FINANCE,,,PS,PSE,"PALESTINIAN TERRITORY, OCCUPIED"
432525,VISA,CREDIT,,JORDAN KUWAIT BANK,,http://www.jordan-kuwait-bank.com,JO,JOR,JORDAN
432556,VISA,CREDIT,CLASSIC,CREDIT LIBANAIS S.A.L.,+9611900111,http://www.creditlibanais.com.lb,LB,LBN,LEBANON
432578,VISA,DEBIT,CLASSIC,ARAB BANK PLC,4600900,http://www.arabbank.jo,JO,JOR,JORDAN
432579,VISA,DEBIT,GOLD,ARAB BANK PLC,4600900,http://www.arabbank.jo,JO,JOR,JORDAN
432580,VISA,CREDIT,PLATINUM,ARAB BANK PLC,+97144450000,http://www.arabbank.jo,AE,ARE,UNITED ARAB EMIRATES
432581,VISA,CREDIT,REWARDS,ARAB BANK PLC,+97144450000,http://www.arabbank.jo,AE,ARE,UNITED ARAB EMIRATES
432582,VISA,CREDIT,PLATINUM,ARAB BANK PLC,+97444387878,http://www.arabbank.jo,QA,QAT,QATAR
432583,VISA,CREDIT,REWARDS,ARAB BANK PLC,+97444387878,http://www.arabbank.jo,QA,QAT,QATAR
432584,VISA,CREDIT,SIGNATURE,ARAB BANK PLC,+97022953333,http://www.arabbank.jo,PS,PSE,"PALESTINIAN TERRITORY, OCCUPIED"
432585,VISA,CREDIT,PLATINUM,ARAB BANK PLC,+97317541000,http://www.arabbank.jo,BH,BHR,BAHRAIN
432586,VISA,CREDIT,GOLD,ARAB BANK PLC,+97317541000,http://www.arabbank.jo,BH,BHR,BAHRAIN
432587,VISA,CREDIT,CLASSIC,ARAB BANK PLC,+20 2 19100,http://www.arabbank.jo,EG,EGY,EGYPT
432588,VISA,CREDIT,GOLD,ARAB BANK PLC,+20 2 19100,http://www.arabbank.jo,EG,EGY,EGYPT
432589,VISA,CREDIT,,ARAB BANK PLC,4600900,http://www.arabbank.jo,JO,JOR,JORDAN
432591,VISA,CREDIT,,ARAB BANK PLC,4600900,http://www.arabbank.jo,JO,JOR,JORDAN
432592,VISA,CREDIT,CLASSIC,ARAB BANK PLC,+961 (7) 751070-2,http://www.arabbank.jo,LB,LBN,LEBANON
432593,VISA,CREDIT,REWARDS,ARAB BANK PLC,+961 (7) 751070-2,http://www.arabbank.jo,LB,LBN,LEBANON
432596,VISA,CREDIT,,ARAB BANK PLC,4600900,http://www.arabbank.jo,JO,JOR,JORDAN
432597,VISA,CREDIT,,ARAB BANK PLC,4600900,http://www.arabbank.jo,JO,JOR,JORDAN
432598,VISA,CREDIT,CLASSIC,ARAB BANK PLC,+97022953333,http://www.arabbank.jo,PS,PSE,"PALESTINIAN TERRITORY, OCCUPIED"
432599,VISA,CREDIT,GOLD,ARAB BANK PLC,+97022953333,http://www.arabbank.jo,PS,PSE,"PALESTINIAN TERRITORY, OCCUPIED"
432607,VISA,DEBIT,CLASSIC,OMAN ARAB BANK SAO,(800) 860-9227,,OM,OMN,OMAN
432720,VISA,CREDIT,CLASSIC,ARAB JORDAN INVESTMENT BANK,,,JO,JOR,JORDAN
432721,VISA,CREDIT,GOLD,ARAB JORDAN INVESTMENT BANK,,,JO,JOR,JORDAN
432820,VISA,DEBIT,SIGNATURE,KURDISTAN INTERNATIONAL ISLAMIC BANK FOR INVESTMENT AND DEVELOPMENT,,,IQ,IRQ,IRAQ
432853,VISA,DEBIT,PREPAID CLASSIC,OMAN ARAB BANK SAO,(800) 860-9227,,OM,OMN,OMAN
433007,VISA,DEBIT,CLASSIC,AREEBA SAL,,,LB,LBN,LEBANON
433008,VISA,CREDIT,GOLD,CREDIT LIBANAIS S.A.L.,+9611900111,http://www.creditlibanais.com.lb,LB,LBN,LEBANON
433025,VISA,CREDIT,CLASSIC,ABU DHABI COMMERCIAL BANK,+97126962222,http://www.adcb.com,AE,ARE,UNITED ARAB EMIRATES
433026,VISA,CREDIT,GOLD,ABU DHABI COMMERCIAL BANK,+97126962222,http://www.adcb.com,AE,ARE,UNITED ARAB EMIRATES
433033,VISA,CREDIT,SIGNATURE,THE SAUDI INVESTMENT BANK,,,SA,SAU,SAUDI ARABIA
433034,VISA,DEBIT,PLATINUM,BANQUE MISR,+20223912150,http://www.banquemisr.com,EG,EGY,EGYPT
433072,VISA,DEBIT,PREPAID CLASSIC,AL BILAD BANK,9662918884,http://www.bankalbilad.com,SA,SAU,SAUDI ARABIA
433082,VISA,DEBIT,PREPAID PLATINUM,,,,OM,OMN,OMAN
433084,VISA,DEBIT,PLATINUM,OMAN ARAB BANK SAO,(800) 860-9227,,OM,OMN,OMAN
433104,VISA,CREDIT,,QATAR ISLAMIC BANK (S.A.Q.),+97444385555,,QA,QAT,QATAR
433236,VISA,DEBIT,INFINITE,BANK DHOFAR (S.A.O.G.),+96824791111 / +96824790466,http://www.bankdhofar.com,OM,OMN,OMAN
433307,VISA,DEBIT,BUSINESS,HSBC BANK - EGYPT SAE,+20235359100,http://www.hsbc.com.eg,EG,EGY,EGYPT
433334,VISA,CREDIT,GOLD,THE NATIONAL BANK OF UMM AL-QAIWAIN PSC.,,,AE,ARE,UNITED ARAB EMIRATES
433347,VISA,CREDIT,PLATINUM,NATIONAL COMMERCIAL BANK,96626464060,,SA,SAU,SAUDI ARABIA
433362,VISA,CREDIT,CLASSIC,JORDAN ISLAMIC BANK,,,JO,JOR,JORDAN
433363,VISA,CREDIT,GOLD,JORDAN ISLAMIC BANK,,,JO,JOR,JORDAN
433364,VISA,DEBIT,CLASSIC,JORDAN ISLAMIC BANK,,,JO,JOR,JORDAN
433365,VISA,CREDIT,CORPORATE T&E,NATIONAL BANK OF FUJAIRAH,,,AE,ARE,UNITED ARAB EMIRATES
433366,VISA,CREDIT,BUSINESS,ALINMA BANK,,,SA,SAU,SAUDI ARABIA
433367,VISA,DEBIT,ELECTRON,ABU DHABI ISLAMIC BANK,+97126100600,http://www.adib.ae,AE,ARE,UNITED ARAB EMIRATES
433370,VISA,DEBIT,BUSINESS,EMIRATES NBD BANK (P.J.S.C.),,http://www.emiratesnbd.com,SA,SAU,SAUDI ARABIA
433371,VISA,CREDIT,SIGNATURE,QATAR NATIONAL BANK (Q.P.S.C.),,,QA,QAT,QATAR
433379,VISA,CREDIT,SIGNATURE,NATIONAL BANK OF OMAN LIMITED (S.A.O.G.),,,OM,OMN,OMAN
433435,VISA,CREDIT,BUSINESS,ALIZZ ISLAMIC BANK (S.A.O.C),,,OM,OMN,OMAN
433436,VISA,CREDIT,INFINITE,NATIONAL BANK OF OMAN LIMITED (S.A.O.G.),,,OM,OMN,OMAN
433456,VISA,CREDIT,CLASSIC,THE HOUSING BANK FOR TRADE & FINANCE,,,PS,PSE,"PALESTINIAN TERRITORY, OCCUPIED"
433457,VISA,CREDIT,ULTRA HIGH NET WORTH,AL BILAD BANK,9662918884,http://www.bankalbilad.com,SA,SAU,SAUDI ARABIA
433478,VISA,DEBIT,BUSINESS,NATIONAL BANK OF OMAN LIMITED (S.A.O.G.),,,OM,OMN,OMAN
433488,VISA,DEBIT,GOLD,ARAB INTERNATIONAL BANK,23918794,http://www.aib.com.eg,EG,EGY,EGYPT
433781,VISA,CREDIT,ULTRA HIGH NET WORTH,QATAR NATIONAL BANK (Q.P.S.C.),,,QA,QAT,QATAR
433783,VISA,CREDIT,SIGNATURE,BANK DHOFAR (S.A.O.G.),+96824791111 / +96824790466,http://www.bankdhofar.com,OM,OMN,OMAN
433786,VISA,CREDIT,PLATINUM,SAUDI AWWAL BANK,,,SA,SAU,SAUDI ARABIA
433803,VISA,DEBIT,PREPAID,CREDIT LIBANAIS S.A.L.,+9611900111,http://www.creditlibanais.com.lb,LB,LBN,LEBANON
433808,VISA,DEBIT,ELECTRON,BANKMED S.A.L.,+9611708090,http://www.bankmed.com.lb,LB,LBN,LEBANON
433813,VISA,DEBIT,ELECTRON,BANK OF BEIRUT SAL,,,LB,LBN,LEBANON
433825,VISA,DEBIT,CLASSIC,BANKMED SAL,,,LB,LBN,LEBANON
433829,VISA,DEBIT,PLATINUM,BANK OF BEIRUT SAL,,,OM,OMN,OMAN
433836,VISA,DEBIT,PREPAID CLASSIC,BANK OF BEIRUT SAL,,,LB,LBN,LEBANON
433862,VISA,CREDIT,,AL RAJHI BANKING AND INVESTMENT CORP.,,http://www.alrajhibank.com.sa,JO,JOR,JORDAN
433863,VISA,CREDIT,,AL RAJHI BANKING AND INVESTMENT CORP.,+96524954333,http://www.alrajhibank.com.sa,KW,KWT,KUWAIT
433910,VISA,DEBIT,PREPAID CLASSIC,ARAB AFRICAN INTERNATIONAL BANK,+20224886679,http://www.aaib.com,EG,EGY,EGYPT
433916,VISA,CREDIT,GOLD,OMAN ARAB BANK SAO,(800) 860-9227,,OM,OMN,OMAN
433917,VISA,CREDIT,CLASSIC,OMAN ARAB BANK SAO,(800) 860-9227,,OM,OMN,OMAN
433918,VISA,CREDIT,PLATINUM,OMAN ARAB BANK SAO,(800) 860-9227,,OM,OMN,OMAN
433952,VISA,DEBIT,PREPAID CLASSIC,AL BILAD BANK,9662918884,http://www.bankalbilad.com,SA,SAU,SAUDI ARABIA
433954,VISA,CREDIT,CLASSIC,FIRST ABU DHABI BANK (PJSC),,,AE,ARE,UNITED ARAB EMIRATES
433955,VISA,CREDIT,INFINITE,FIRST ABU DHABI BANK (PJSC),,,AE,ARE,UNITED ARAB EMIRATES
433956,VISA,CREDIT,SIGNATURE,QATAR NATIONAL BANK S.A.E,,,EG,EGY,EGYPT
433957,VISA,CREDIT,CLASSIC,HABIB BANK AG ZURICH,+97180000006,http://www.bankalhabib.com,AE,ARE,UNITED ARAB EMIRATES
433958,VISA,DEBIT,CLASSIC,HABIB BANK AG ZURICH,+97180000006,http://www.bankalhabib.com,AE,ARE,UNITED ARAB EMIRATES
433959,VISA,CREDIT,,HABIB BANK AG ZURICH,+97180000006,http://www.bankalhabib.com,AE,ARE,UNITED ARAB EMIRATES
433971,VISA,CREDIT,CLASSIC,CAPITAL BANK OF JORDAN PLC. CO.,,,JO,JOR,JORDAN
433972,VISA,CREDIT,GOLD,SOCIETE GENERALE DE BANQUE - JORDAN,+96265600300,http://www.sgbj.com,JO,JOR,JORDAN
433980,VISA,CREDIT,CLASSIC,CSCBANK SAL,,,LB,LBN,LEBANON
433981,VISA,CREDIT,CLASSIC,CSCBANK SAL,,,LB,LBN,LEBANON
433982,VISA,CREDIT,GOLD,CSCBANK S.A.L.,+9611871245,http://www.ccm.com.lb,LB,LBN,LEBANON
433983,VISA,CREDIT,GOLD,CSCBANK SAL,,,LB,LBN,LEBANON
433987,VISA,CREDIT,PLATINUM,SAMBA FINANCIAL GROUP,+9668001242000,http://www.samba.com,SA,SAU,SAUDI ARABIA
433988,VISA,CREDIT,INFINITE,SAMBA FINANCIAL GROUP,+9668001242000,http://www.samba.com,SA,SAU,SAUDI ARABIA
434102,VISA,CREDIT,PLATINUM,QATAR NATIONAL BANK S.A.E,,,EG,EGY,EGYPT
434107,VISA,DEBIT,PREPAID CLASSIC,ALINMA BANK,,,SA,SAU,SAUDI ARABIA
434126,VISA,CREDIT,GOLD,QATAR NATIONAL BANK S.A.E,,,EG,EGY,EGYPT
434127,VISA,CREDIT,GOLD,QATAR NATIONAL BANK S.A.E,,,EG,EGY,EGYPT
434138,VISA,CREDIT,SIGNATURE,QATAR ISLAMIC BANK (S.A.Q.),+97444385555,,QA,QAT,QATAR
434141,VISA,DEBIT,CLASSIC,"DOHA BANK, LTD.",,,QA,QAT,QATAR
434143,VISA,CREDIT,PLATINUM,FIRST ABU DHABI BANK (PJSC),,,AE,ARE,UNITED ARAB EMIRATES
434145,VISA,DEBIT,PREPAID PURCHASING,IRAQ ELECTRONIC GATE FOR FINANCIAL SERVICES CO. LTD.,,,IQ,IRQ,IRAQ
434152,VISA,DEBIT,PREPAID CLASSIC,IRAQ ELECTRONIC GATE FOR FINANCIAL SERVICES CO. LTD.,,,IQ,IRQ,IRAQ
434173,VISA,CREDIT,CLASSIC,HSBC BANK OMAN S.A.O.G,,,OM,OMN,OMAN
434175,VISA,DEBIT,PREPAID BUSINESS,MASHREQBANK,,http://www.mashreqbank.com,EG,EGY,EGYPT
434177,VISA,CREDIT,GOLD,QNB ALAHLI,,,EG,EGY,EGYPT
434204,VISA,DEBIT,CLASSIC,THE COMMERCIAL BANK OF QATAR (Q.S.C.),,,QA,QAT,QATAR
434477,VISA,DEBIT,PREPAID CLASSIC,ABU DHABI ISLAMIC BANK,+97126100600,http://www.adib.ae,AE,ARE,UNITED ARAB EMIRATES
434479,VISA,CREDIT,CLASSIC,AHLI BANK (S.A.O.G),,,OM,OMN,OMAN
434607,VISA,DEBIT,PREPAID CORPORATE T&E,FIRST ABU DHABI BANK (PJSC),,,AE,ARE,UNITED ARAB EMIRATES
434681,VISA,CREDIT,SIGNATURE,IRAQI ISLAMIC BANK FOR INVESTMENT AND DEVELOPMENT,,,IQ,IRQ,IRAQ
434694,VISA,CREDIT,,ARAB AFRICAN INTERNATIONAL BANK,+20224886679,http://www.aaib.com,EG,EGY,EGYPT
434775,VISA,DEBIT,PREPAID PLATINUM,NASS WALLET COMPANY FOR FINANCIAL AND PAYMENT SERVICES THROUGH CELLPHONES,,,IQ,IRQ,IRAQ
434941,VISA,CREDIT,CLASSIC,PROVISIONAL - FIRST ABU DHABI BANK (PJSC),,,EG,EGY,EGYPT
434942,VISA,CREDIT,GOLD,PROVISIONAL - FIRST ABU DHABI BANK (PJSC),,,EG,EGY,EGYPT
435008,VISA,DEBIT,PLATINUM,,,,IQ,IRQ,IRAQ
435208,VISA,CREDIT,REWARDS,THE HOUSING BANK FOR TRADE & FINANCE,,,JO,JOR,JORDAN
435209,VISA,CREDIT,CLASSIC,JORDAN COMMERCIAL BANK,+96265203000,http://www.jcbank.com.jo,JO,JOR,JORDAN
435220,VISA,CREDIT,CLASSIC,JORDAN COMMERCIAL BANK,+96265203000,http://www.jcbank.com.jo,JO,JOR,JORDAN
435240,VISA,CREDIT,PLATINUM,ARAB NATIONAL BANK,,,SA,SAU,SAUDI ARABIA
435292,VISA,CREDIT,,,,,IL,ISR,ISRAEL
435311,VISA,DEBIT,CLASSIC,ABU DHABI ISLAMIC BANK,,http://www.adib.ae,IQ,IRQ,IRAQ
435322,VISA,DEBIT,INFINITE,ABU DHABI ISLAMIC BANK,,http://www.adib.ae,IQ,IRQ,IRAQ
435700,VISA,DEBIT,PREPAID PLATINUM,RIYAD BANK,,http://www.riyadbank.com,SA,SAU,SAUDI ARABIA
435717,VISA,DEBIT,PLATINUM,ZAND BANK P.J.S.C.,,,AE,ARE,UNITED ARAB EMIRATES
435723,VISA,CREDIT,SIGNATURE,AHLI BANK (S.A.O.G),,,OM,OMN,OMAN
435733,VISA,DEBIT,INFINITE,D360 BANK,,,SA,SAU,SAUDI ARABIA
435949,VISA,DEBIT,CLASSIC,BANK OF BARODA,,https://www.bankofbaroda.in,OM,OMN,OMAN
436321,VISA,CREDIT,CLASSIC,AL RAJHI BANKING AND INVESTMENT CORP.,4433 92 000 + 966 OR 33 334 601 +966,http://www.alrajhibank.com.sa,SA,SAU,SAUDI ARABIA
436637,VISA,DEBIT,PREPAID CLASSIC,BANKMUSCAT (SAOG),,,OM,OMN,OMAN
436737,VISA,DEBIT,GOLD,BANQUE MISR,+20223912150,http://www.banquemisr.com,EG,EGY,EGYPT
436798,VISA,DEBIT,PREPAID CLASSIC,ARAB FINANCIAL SERVICES COMPANY,,,BH,BHR,BAHRAIN
436835,VISA,CREDIT,,,,,SA,SAU,SAUDI ARABIA
436976,VISA,CREDIT,,,,,SA,SAU,SAUDI ARABIA
437334,VISA,CREDIT,INFINITE,KHALEEJI BANK B.S.C,,,BH,BHR,BAHRAIN
437335,VISA,DEBIT,CLASSIC,AL-SALAM BANK - BAHRAIN B.S.C.,,,BH,BHR,BAHRAIN
437336,VISA,CREDIT,INFINITE,AL-SALAM BANK - BAHRAIN B.S.C.,,,BH,BHR,BAHRAIN
437367,VISA,CREDIT,INFINITE,MASHREQBANK,,http://www.mashreqbank.com,EG,EGY,EGYPT
437394,VISA,CREDIT,CLASSIC,BANK AL ATIHAD,,,JO,JOR,JORDAN
437395,VISA,CREDIT,GOLD,BANK AL ATIHAD,,,JO,JOR,JORDAN
437397,VISA,DEBIT,PREPAID PLATINUM,NATIONAL BANK OF BAHRAIN B. S. C.,,,BH,BHR,BAHRAIN
437425,VISA,DEBIT,CLASSIC,HSBC BANK OMAN (S.A.O.G),,,OM,OMN,OMAN
437426,VISA,DEBIT,PLATINUM,HSBC BANK OMAN (S.A.O.G),,,OM,OMN,OMAN
437427,VISA,DEBIT,PLATINUM,HSBC BANK OMAN (S.A.O.G),,,OM,OMN,OMAN
437464,VISA,DEBIT,PREPAID,EMIRATES NBD,+971800456,http://www.emiratesnbd.com,AE,ARE,UNITED ARAB EMIRATES
437494,VISA,CREDIT,PLATINUM,CREDIT LIBANAIS S.A.L.,+9611900111,http://www.creditlibanais.com.lb,LB,LBN,LEBANON
437495,VISA,CREDIT,INFINITE,CREDIT LIBANAIS S.A.L.,+9611900111,http://www.creditlibanais.com.lb,LB,LBN,LEBANON
437496,VISA,CREDIT,PLATINUM,INDUSTRIAL BANK,,https://www.cib.com.cn,IQ,IRQ,IRAQ
437530,VISA,DEBIT,,CREDIT LIBANAIS S.A.L.,00961-1-900 111,http://www.creditlibanais.com.lb,BH,BHR,BAHRAIN
437535,VISA,DEBIT,PREPAID CLASSIC,CREDIMAX B.S.C. (CLOSED),,,BH,BHR,BAHRAIN
437544,VISA,DEBIT,PREPAID PLATINUM,NYMCARD PAYMENT SERVICES L.L.C.,,,AE,ARE,UNITED ARAB EMIRATES
437545,VISA,DEBIT,BUSINESS,QATAR NATIONAL BANK S.A.E,,,EG,EGY,EGYPT
437548,VISA,DEBIT,PREPAID CORPORATE T&E,MAJID AL FUTTAIM FINANCE,,,AE,ARE,UNITED ARAB EMIRATES
437556,VISA,CREDIT,SIGNATURE,MIDBANK S.A.E,,,EG,EGY,EGYPT
437569,VISA,DEBIT,ELECTRON,BANKMUSCAT LTD. (S.A.O.G.),,,OM,OMN,OMAN
437974,VISA,CREDIT,PLATINUM,BANQUE SAUDI FRANSI,966 1 289 9999 OR 966 1 874 4000,http://www.alfransi.com.sa,SA,SAU,SAUDI ARABIA
437975,VISA,CREDIT,INFINITE,BANQUE SAUDI FRANSI,966 1 289 9999 OR 966 1 874 4000,http://www.alfransi.com.sa,SA,SAU,SAUDI ARABIA
437976,VISA,CREDIT,SIGNATURE,BANQUE SAUDI FRANSI,966 1 289 9999 OR 966 1 874 4000,http://www.alfransi.com.sa,SA,SAU,SAUDI ARABIA
437977,VISA,CREDIT,SIGNATURE,BANQUE SAUDI FRANSI,966 1 289 9999 OR 966 1 874 4000,http://www.alfransi.com.sa,SA,SAU,SAUDI ARABIA
437978,VISA,CREDIT,ULTRA HIGH NET WORTH,BANQUE SAUDI FRANSI,966 1 289 9999 OR 966 1 874 4000,http://www.alfransi.com.sa,SA,SAU,SAUDI ARABIA
437979,VISA,CREDIT,SIGNATURE,BANQUE SAUDI FRANSI,966 1 289 9999 OR 966 1 874 4000,http://www.alfransi.com.sa,SA,SAU,SAUDI ARABIA
437991,VISA,DEBIT,PREPAID,,,,LB,LBN,LEBANON
438083,VISA,CREDIT,GOLD,SOHAR INTERNATIONAL BANK (S.A.O.G),,,OM,OMN,OMAN
438123,VISA,CREDIT,PLATINUM,BURGAN BANK (S.A.K.),,,KW,KWT,KUWAIT
438124,VISA,CREDIT,PLATINUM,BURGAN BANK (S.A.K.),,,KW,KWT,KUWAIT
438169,VISA,CREDIT,PLATINUM,BANQUE MISR,+20223912150,http://www.banquemisr.com,EG,EGY,EGYPT
438172,VISA,CREDIT,GOLD,BANQUE MISR,+20223912150,http://www.banquemisr.com,EG,EGY,EGYPT
438227,VISA,CREDIT,SIGNATURE,DUKHAN BANK,,,QA,QAT,QATAR
438353,VISA,CREDIT,SIGNATURE,GULF COMMERCIAL BANK,,,IQ,IRQ,IRAQ
438680,VISA,DEBIT,CLASSIC,THE GROUP FOR CARD SERVICES,,,QA,QAT,QATAR
438772,VISA,CREDIT,SIGNATURE,ARAB NATIONAL BANK,,,SA,SAU,SAUDI ARABIA
438807,VISA,DEBIT,CLASSIC,BANQUE MISR,+20223912150,http://www.banquemisr.com,EG,EGY,EGYPT
438929,VISA,DEBIT,REWARDS,COMMERCIAL BANK OF DUBAI(PSC),,,AE,ARE,UNITED ARAB EMIRATES
438980,VISA,CREDIT,CLASSIC,ABU DHABI COMMERCIAL BANK,+97126962222,http://www.adcb.com,AE,ARE,UNITED ARAB EMIRATES
438981,VISA,CREDIT,GOLD,ABU DHABI COMMERCIAL BANK,+97126962222,http://www.adcb.com,AE,ARE,UNITED ARAB EMIRATES
438982,VISA,DEBIT,CLASSIC,ABU DHABI COMMERCIAL BANK,+97126962222,http://www.adcb.com,AE,ARE,UNITED ARAB EMIRATES
438990,VISA,DEBIT,SIGNATURE,BAHRAIN ISLAMIC BANK BSC,,,BH,BHR,BAHRAIN
438993,VISA,DEBIT,GOLD,EMIRATES NBD,+971800456,http://www.emiratesnbd.com,AE,ARE,UNITED ARAB EMIRATES
438996,VISA,DEBIT,GOLD,BAHRAIN ISLAMIC BANK BSC,,,BH,BHR,BAHRAIN
438997,VISA,CREDIT,ULTRA HIGH NET WORTH,KHALEEJI BANK B.S.C,,,BH,BHR,BAHRAIN
438998,VISA,DEBIT,PREPAID CLASSIC,ARAB FINANCIAL SERVICES COMPANY,,,BH,BHR,BAHRAIN
439052,VISA,DEBIT,SIGNATURE,HSBC BANK MIDDLE EAST,+97142241000,http://www.hsbc.ae,AE,ARE,UNITED ARAB EMIRATES
439073,VISA,CREDIT,,FRANSABANK S.A.L.,+9611340180,http://www.fransabank.com,LB,LBN,LEBANON
439097,VISA,CREDIT,BUSINESS SIGNATURE,NATIONAL BANK OF OMAN LIMITED (S.A.O.G.),,,OM,OMN,OMAN
439141,VISA,CREDIT,SIGNATURE,AL-SALAM BANK - BAHRAIN B.S.C.,,,BH,BHR,BAHRAIN
439277,VISA,CREDIT,INFINITE,SAUDI AWWAL BANK,,,SA,SAU,SAUDI ARABIA
439339,VISA,DEBIT,PREPAID PLATINUM,EMIRATES NBD BANK (P.J.S.C.),+971800456,http://www.emiratesnbd.com,AE,ARE,UNITED ARAB EMIRATES
439357,VISA,DEBIT,PREPAID CLASSIC,NATIONAL BANK OF OMAN LIMITED (S.A.O.G.),,,OM,OMN,OMAN
439370,VISA,DEBIT,PREPAID PLATINUM,ARAB NATIONAL BANK,,,SA,SAU,SAUDI ARABIA
439950,VISA,CREDIT,PLATINUM,FIRST ABU DHABI BANK (PJSC),,,OM,OMN,OMAN
439954,VISA,DEBIT,CLASSIC,GIB-SA,,,SA,SAU,SAUDI ARABIA
439955,VISA,CREDIT,PLATINUM,GIB-SA,,,SA,SAU,SAUDI ARABIA
439956,VISA,DEBIT,PLATINUM,GULF INTERNATIONAL BANK B.S.C.,,,BH,BHR,BAHRAIN
439962,VISA,CREDIT,INFINITE,CREDIT LIBANAIS S.A.L.,+9611900111,http://www.creditlibanais.com.lb,LB,LBN,LEBANON
440033,VISA,DEBIT,PLATINUM,BANK OF BEIRUT SAL,,,LB,LBN,LEBANON
440034,VISA,CREDIT,PLATINUM,BANK OF BEIRUT SAL,,,LB,LBN,LEBANON
440037,VISA,CREDIT,SIGNATURE BUSINESS,BANK OF BEIRUT SAL,,,LB,LBN,LEBANON
440038,VISA,DEBIT,BUSINESS,BANK OF BEIRUT SAL,,,LB,LBN,LEBANON
440207,VISA,DEBIT,CLASSIC,BANQUE MISR,,http://www.banquemisr.com,EG,EGY,EGYPT
440208,VISA,CREDIT,CLASSIC,QATAR NATIONAL BANK AL AHLI S.A.E.,,,EG,EGY,EGYPT
440250,VISA,DEBIT,PREPAID PURCHASING,ARAB FINANCIAL SERVICES COMPANY,,,BH,BHR,BAHRAIN
440300,VISA,CREDIT,BUSINESS,"ISRACARD, LTD.",,,IL,ISR,ISRAEL
440302,VISA,CREDIT,GOLD,"ISRACARD, LTD.",,,IL,ISR,ISRAEL
440303,VISA,CREDIT,,BANK LEUMI LE-ISRAEL B.M.,+97239544555,http://english.leumi.co.il,IL,ISR,ISRAEL
440304,VISA,DEBIT,PREPAID,MASHREQBANK,+97143632250,http://www.mashreqbank.com,AE,ARE,UNITED ARAB EMIRATES
440309,VISA,CREDIT,PLATINUM,CREDIMAX B.S.C. (CLOSED),,,BH,BHR,BAHRAIN
440413,VISA,CREDIT,PLATINUM,NETWORK INTERNATIONAL LLC,,,AE,ARE,UNITED ARAB EMIRATES
440420,VISA,CREDIT,BUSINESS ENHANCED,FIRST ABU DHABI BANK (PJSC),,,AE,ARE,UNITED ARAB EMIRATES
440451,VISA,CREDIT,BUSINESS,ASEEL FINANCE JSC,,,AE,ARE,UNITED ARAB EMIRATES
440478,VISA,CREDIT,BUSINESS ENHANCED,FIRST ABU DHABI BANK (PJSC),,,AE,ARE,UNITED ARAB EMIRATES
440518,VISA,DEBIT,ULTRA HIGH NET WORTH,INTL HDQTRS-CENTER OWNED,,,QA,QAT,QATAR
440532,VISA,CREDIT,PLATINUM,BANK AL JAZIRA,(966) 2 609 8888,http://www.baj.com.sa,SA,SAU,SAUDI ARABIA
440533,VISA,DEBIT,CLASSIC,BANK AL JAZIRA,(966) 2 609 8888,http://www.baj.com.sa,SA,SAU,SAUDI ARABIA
440545,VISA,CREDIT,,BLOM BANK S.A.L.,(961-1) 738938 - 743300 OR (961-1) 372780 - 370830 - 373102,http://www.blom.com.lb,LB,LBN,LEBANON
440546,VISA,CREDIT,,BANK AUDI S.A.L. - AUDI SARADAR GROUP,,,LB,LBN,LEBANON
440568,VISA,CREDIT,REWARDS,FRANSABANK S.A.L.,+9611340180,http://www.fransabank.com,LB,LBN,LEBANON
440569,VISA,CREDIT,REWARDS,FRANSABANK S.A.L.,+9611340180,http://www.fransabank.com,LB,LBN,LEBANON
440575,VISA,DEBIT,SIGNATURE,ARAB AFRICAN INTERNATIONAL BANK,+20224886679,http://www.aaib.com,EG,EGY,EGYPT
440576,VISA,DEBIT,INFINITE,ARAB AFRICAN INTERNATIONAL BANK,+20224886679,http://www.aaib.com,EG,EGY,EGYPT
440583,VISA,CREDIT,CORPORATE T&E,CQUR BANK LLC,,,QA,QAT,QATAR
440598,VISA,DEBIT,PREPAID TRAVEL MONEY,CITICORP,+97143114000,http://www.latam.citibank.com,AE,ARE,UNITED ARAB EMIRATES
440625,VISA,CREDIT,GOLD,"COMMERCIAL BANK OF KUWAIT, S.A.K.",00971 2 6447944,http://www.cbk.com,KW,KWT,KUWAIT
440629,VISA,CREDIT,CLASSIC,SAUDI INVESTMENT BANK,,,SA,SAU,SAUDI ARABIA
440630,VISA,DEBIT,ELECTRON,SAUDI INVESTMENT BANK,,,SA,SAU,SAUDI ARABIA
440631,VISA,CREDIT,GOLD,SAUDI INVESTMENT BANK,,,SA,SAU,SAUDI ARABIA
440647,VISA,DEBIT,CLASSIC,BANQUE SAUDI FRANSI,966 1 289 9999 OR 966 1 874 4000,http://www.alfransi.com.sa,SA,SAU,SAUDI ARABIA
440662,VISA,CREDIT,CLASSIC,BBAC S.A.L,+9614727747,http://www.bbacbank.com,LB,LBN,LEBANON
440663,VISA,CREDIT,GOLD,BBAC S.A.L,+9614727747,http://www.bbacbank.com,LB,LBN,LEBANON
440700,VISA,CREDIT,CLASSIC,BANQUE DU CAIRE,+20222648410,http://www.bdc.com.eg,EG,EGY,EGYPT
440701,VISA,CREDIT,GOLD,BANQUE DU CAIRE,+20222648410,http://www.bdc.com.eg,EG,EGY,EGYPT
440704,VISA,CREDIT,CORPORATE T&E,"NATIONAL BANK OF KUWAIT - EGYPT (NBK), S.A.E.",,,EG,EGY,EGYPT
440711,VISA,DEBIT,ELECTRON,BURGAN BANK (S.A.K.),,,KW,KWT,KUWAIT
440717,VISA,CREDIT,CLASSIC,BANK AUDI SAL,,,LB,LBN,LEBANON
440718,VISA,DEBIT,GOLD,BANK AUDI S.A.L. - AUDI SARADAR GROUP,,,LB,LBN,LEBANON
440786,VISA,CREDIT,REWARDS,BLOM BANK S.A.L.,(961-1) 738938 - 743300 OR (961-1) 372780 - 370830 - 373102,http://www.blom.com.lb,LB,LBN,LEBANON
440788,VISA,DEBIT,REWARDS,BLOM BANK S.A.L.,(961-1) 738938 - 743300 OR (961-1) 372780 - 370830 - 373102,http://www.blom.com.lb,LB,LBN,LEBANON
440789,VISA,CREDIT,GOLD,BANQUE AUDI S.A.L.,+9614727777,http://www.banqueaudi.com,LB,LBN,LEBANON
440795,VISA,DEBIT,BUSINESS,BANQUE SAUDI FRANSI,966 1 289 9999 OR 966 1 874 4000,http://www.alfransi.com.sa,SA,SAU,SAUDI ARABIA
440800,VISA,DEBIT,PREPAID PLATINUM,BURGAN BANK (S.A.K.),,,KW,KWT,KUWAIT
440801,VISA,DEBIT,PREPAID PLATINUM,BURGAN BANK (S.A.K.),,,KW,KWT,KUWAIT
440831,VISA,DEBIT,PREPAID PLATINUM,BURGAN BANK (S.A.K.),,,KW,KWT,KUWAIT
440874,VISA,DEBIT,ELECTRON,EMIRATES NBD,+971800456,http://www.emiratesnbd.com,AE,ARE,UNITED ARAB EMIRATES
440885,VISA,DEBIT,SIGNATURE,COMMERCIAL BANK OF DUBAI(PSC),,,AE,ARE,UNITED ARAB EMIRATES
440979,VISA,DEBIT,GOLD,BANQUE MISR,+20223912150,http://www.banquemisr.com,EG,EGY,EGYPT
440983,VISA,DEBIT,PREPAID CLASSIC,BANQUE MISR,+20223912150,http://www.banquemisr.com,EG,EGY,EGYPT
440989,VISA,CREDIT,PLATINUM,FIRST ABU DHABI BANK (PJSC),,,AE,ARE,UNITED ARAB EMIRATES
440997,VISA,DEBIT,PLATINUM,FIRST ABU DHABI BANK (PJSC),,,AE,ARE,UNITED ARAB EMIRATES
441004,VISA,DEBIT,GOLD,ARAB INTERNATIONAL BANK,23918794,http://www.aib.com.eg,EG,EGY,EGYPT
441127,VISA,DEBIT,PREPAID CORPORATE T&E,UAE EXCHANGE CENTRE LLC,+97142617575,http://www.uaeexchange.com,AE,ARE,UNITED ARAB EMIRATES
441176,VISA,CREDIT,INFINITE,BANK AL ETIHAD,,,JO,JOR,JORDAN
441180,VISA,DEBIT,INFINITE,BANK AL ETIHAD,,,JO,JOR,JORDAN
441193,VISA,CREDIT,SIGNATURE,BANK AL ETIHAD,,,JO,JOR,JORDAN
441194,VISA,DEBIT,PREPAID CLASSIC,BANQUE MISR,+20223912150,http://www.banquemisr.com,EG,EGY,EGYPT
441195,VISA,CREDIT,CLASSIC,FIRST ABU DHABI BANK PJSC,+971600525500,https://www.bankfab.com,AE,ARE,UNITED ARAB EMIRATES
441196,VISA,CREDIT,GOLD,FIRST ABU DHABI BANK PJSC,+971600525500,https://www.bankfab.com,AE,ARE,UNITED ARAB EMIRATES
441198,VISA,DEBIT,SIGNATURE,BANK AL ETIHAD,,,JO,JOR,JORDAN
441215,VISA,CREDIT,SIGNATURE,THE COMMERCIAL BANK OF KUWAIT S.A.K.,,,KW,KWT,KUWAIT
441286,VISA,CREDIT,INFINITE,THE HOUSING BANK FOR TRADE & FINANCE,,,JO,JOR,JORDAN
441330,VISA,CREDIT,,"DOHA BANK, LTD.",,,KW,KWT,KUWAIT
441350,VISA,DEBIT,PREPAID,,,,SA,SAU,SAUDI ARABIA
441374,VISA,DEBIT,PREPAID CLASSIC,AL ANSARI EXCHANGE LLC,,,AE,ARE,UNITED ARAB EMIRATES
441375,VISA,CREDIT,BUSINESS ENHANCED,AL RAJHI BANKING AND INVESTMENT CORP.,4433 92 000 + 966 OR 33 334 601 +966,http://www.alrajhibank.com.sa,SA,SAU,SAUDI ARABIA
441555,VISA,DEBIT,CLASSIC,BANK OF BAHRAIN & KUWAIT B.S.C.,,,BH,BHR,BAHRAIN
441658,VISA,DEBIT,PREPAID BUSINESS,STC BANK,,,SA,SAU,SAUDI ARABIA
441773,VISA,CREDIT,REWARDS,BYBLOS BANK,,,LB,LBN,LEBANON
442022,VISA,DEBIT,PREPAID PLATINUM,QATAR NATIONAL BANK (Q.P.S.C.),,,QA,QAT,QATAR
442104,VISA,CREDIT,PLATINUM,THE GULF BANK K.S.C.,,,KW,KWT,KUWAIT
442105,VISA,CREDIT,CLASSIC,THE GULF BANK K.S.C.,,,KW,KWT,KUWAIT
442109,VISA,CREDIT,INFINITE,EMIRATES ISLAMIC BANK P.J.S.C.,,,AE,ARE,UNITED ARAB EMIRATES
442130,VISA,CREDIT,PURCHASING,ARAB BANK PLC,+97317541000,http://www.arabbank.jo,BH,BHR,BAHRAIN
442131,VISA,CREDIT,BUSINESS ENHANCED,ARAB JORDAN INVESTMENT BANK,,,JO,JOR,JORDAN
442141,VISA,DEBIT,BUSINESS ENHANCED,CREDIT AGRICOLE EGYPT S.A.E.,+20952381002,http://www.ca-egypt.com,EG,EGY,EGYPT
442164,VISA,CREDIT,CLASSIC,FIRST ABU DHABI BANK PJSC,+971600525500,https://www.bankfab.com,AE,ARE,UNITED ARAB EMIRATES
442165,VISA,CREDIT,PLATINUM,FIRST ABU DHABI BANK PJSC,+971600525500,https://www.bankfab.com,AE,ARE,UNITED ARAB EMIRATES
442166,VISA,CREDIT,PLATINUM,FIRST ABU DHABI BANK (PJSC),,,AE,ARE,UNITED ARAB EMIRATES
442169,VISA,CREDIT,PLATINUM,ABU DHABI ISLAMIC BANK,+97126100600,http://www.adib.ae,AE,ARE,UNITED ARAB EMIRATES
442170,VISA,CREDIT,PLATINUM,ABU DHABI ISLAMIC BANK,+97126100600,http://www.adib.ae,AE,ARE,UNITED ARAB EMIRATES
442171,VISA,CREDIT,PLATINUM,ABU DHABI ISLAMIC BANK,+97126100600,http://www.adib.ae,AE,ARE,UNITED ARAB EMIRATES
442172,VISA,DEBIT,CLASSIC,BARCLAYS BANK PLC,+97143626888,http://www.barclays.co.uk,AE,ARE,UNITED ARAB EMIRATES
442178,VISA,CREDIT,PLATINUM,MASHREQBANK,+97143632250,http://www.mashreqbank.com,AE,ARE,UNITED ARAB EMIRATES
442179,VISA,CREDIT,PLATINUM,MASHREQ BANK,+97143632250,http://www.mashreqbank.com,AE,ARE,UNITED ARAB EMIRATES
442180,VISA,CREDIT,PLATINUM,MASHREQBANK,+97143632250,http://www.mashreqbank.com,AE,ARE,UNITED ARAB EMIRATES
442233,VISA,CREDIT,,,,,AE,ARE,UNITED ARAB EMIRATES
442421,VISA,CREDIT,PLATINUM,QATAR NATIONAL BANK,+97444622724,http://www.qnb.com.qa,QA,QAT,QATAR
442422,VISA,CREDIT,PLATINUM,QATAR NATIONAL BANK,+97444622724,http://www.qnb.com.qa,QA,QAT,QATAR
442429,VISA,CREDIT,ULTRA HIGH NET WORTH,QATAR NATIONAL BANK (Q.P.S.C.),,,QA,QAT,QATAR
442445,VISA,DEBIT,PREPAID CLASSIC,ABU DHABI ISLAMIC BANK,+97126100600,http://www.adib.ae,AE,ARE,UNITED ARAB EMIRATES
442446,VISA,CREDIT,SIGNATURE,THE GULF BANK K.S.C.,,,KW,KWT,KUWAIT
442463,VISA,DEBIT,CLASSIC,D360 BANK,,,SA,SAU,SAUDI ARABIA
442473,VISA,CREDIT,SIGNATURE,FIRST ABU DHABI BANK (PJSC),,,AE,ARE,UNITED ARAB EMIRATES
442822,VISA,DEBIT,PREPAID PLATINUM,FIRST ABU DHABI BANK (PJSC),,,AE,ARE,UNITED ARAB EMIRATES
443182,VISA,DEBIT,CLASSIC,CREDIT LIBANAIS S.A.L.,+9611900111,http://www.creditlibanais.com.lb,LB,LBN,LEBANON
443329,VISA,CREDIT,GOLD,FIRST ABU DHABI BANK PJSC,+20225204375,https://www.bankfab.com,EG,EGY,EGYPT
443338,VISA,CREDIT,PLATINUM,FIRST ABU DHABI BANK (PJSC),,,EG,EGY,EGYPT
443422,VISA,DEBIT,PREPAID,,,,IQ,IRQ,IRAQ
443851,VISA,DEBIT,GOLD,EMIRATES ISLAMIC BANK P.J.S.C.,,,AE,ARE,UNITED ARAB EMIRATES
443911,VISA,DEBIT,REWARDS,EMIRATES NBD BANK (P.J.S.C.),+971800456,http://www.emiratesnbd.com,AE,ARE,UNITED ARAB EMIRATES
443912,VISA,DEBIT,BUSINESS,EMIRATES NBD BANK (P.J.S.C.),+971800456,http://www.emiratesnbd.com,AE,ARE,UNITED ARAB EMIRATES
443913,VISA,DEBIT,INFINITE/SIGNATURE,EMIRATES NBD BANK (P.J.S.C.),+971800456,http://www.emiratesnbd.com,AE,ARE,UNITED ARAB EMIRATES
443925,VISA,CREDIT,ULTRA HIGH NET WORTH,SAUDI AWWAL BANK,,,SA,SAU,SAUDI ARABIA
443926,VISA,DEBIT,PREPAID PURCHASING,AL RAJHI BANKING AND INVESTMENT CORP.,4433 92 000 + 966 OR 33 334 601 +966,http://www.alrajhibank.com.sa,SA,SAU,SAUDI ARABIA
443927,VISA,DEBIT,PLATINUM,PROVISIONAL BID - COMPANY IZDIHAR FOR FINANCIAL TECHNOLOGY,,,SA,SAU,SAUDI ARABIA
443946,VISA,DEBIT,PREPAID PLATINUM,AL BILAD BANK,9662918884,http://www.bankalbilad.com,SA,SAU,SAUDI ARABIA
443959,VISA,CREDIT,PLATINUM,EMIRATES NBD BANK (P.J.S.C.),+971800456,http://www.emiratesnbd.com,AE,ARE,UNITED ARAB EMIRATES
443965,VISA,CREDIT,,QATAR INTERNATIONAL ISLAMIC BANK,,http://www.qiib.com.qa,QA,QAT,QATAR
443966,VISA,CREDIT,PLATINUM,EMIRATES ISLAMIC BANK P.J.S.C.,,,AE,ARE,UNITED ARAB EMIRATES
443967,VISA,CREDIT,GOLD,THE COMMERCIAL BANK OF KUWAIT S.A.K.,,,KW,KWT,KUWAIT
443968,VISA,CREDIT,GOLD,THE COMMERCIAL BANK OF KUWAIT S.A.K.,,,KW,KWT,KUWAIT
443992,VISA,CREDIT,SIGNATURE,AHLI BANK Q.S.C.,(974) 4232222,http://www.ahlibank.com.qa,QA,QAT,QATAR
443993,VISA,DEBIT,CLASSIC,AHLI BANK Q.S.C.,(974) 4232222,http://www.ahlibank.com.qa,QA,QAT,QATAR
443995,VISA,CREDIT,SIGNATURE,BOUBYAN BANK K.S.C.,,,KW,KWT,KUWAIT
444030,VISA,CREDIT,CLASSIC,FIRST ABU DHABI BANK PJSC,+97317228800,https://www.bankfab.com,BH,BHR,BAHRAIN
444031,VISA,CREDIT,GOLD,FIRST ABU DHABI BANK PJSC,+97317228800,https://www.bankfab.com,BH,BHR,BAHRAIN
444032,VISA,CREDIT,PLATINUM,FIRST ABU DHABI BANK PJSC,+97317228800,https://www.bankfab.com,BH,BHR,BAHRAIN
444033,VISA,CREDIT,PLATINUM,THE NATIONAL BANK OF UMM AL-QAIWAIN PSC.,,,AE,ARE,UNITED ARAB EMIRATES
444034,VISA,DEBIT,PREPAID CLASSIC,THE NATIONAL BANK OF UMM AL-QAIWAIN PSC.,,,AE,ARE,UNITED ARAB EMIRATES
444035,VISA,DEBIT,PREPAID CLASSIC,THE NATIONAL BANK OF UMM AL-QAIWAIN PSC.,,,AE,ARE,UNITED ARAB EMIRATES
444043,VISA,CREDIT,,,,,AE,ARE,UNITED ARAB EMIRATES
444049,VISA,CREDIT,,"DOHA BANK, LTD.",,,AE,ARE,UNITED ARAB EMIRATES
444311,VISA,CREDIT,CLASSIC,IRAQ ELECTRONIC GATE FOR FINANCIAL SERVICES CO. LTD.,,,IQ,IRQ,IRAQ
444312,VISA,CREDIT,INFINITE,THE SAUDI INVESTMENT BANK,,,SA,SAU,SAUDI ARABIA
444322,VISA,CREDIT,BUSINESS,"ISRAEL CREDIT CARDS, LTD.",,http://www.cal-intl.com,IL,ISR,ISRAEL
444332,VISA,DEBIT,PREPAID PLATINUM,KUWAIT FINANCE HOUSE,+9651803333,http://www.kfh.com,KW,KWT,KUWAIT
444333,VISA,CREDIT,INFINITE,QATAR NATIONAL BANK (Q.P.S.C.),,,QA,QAT,QATAR
444397,VISA,CREDIT,PURCHASING,ALINMA BANK,,,SA,SAU,SAUDI ARABIA
444411,VISA,CREDIT,ULTRA HIGH NET WORTH,VISION BANK,,https://www.visionbank.bank,SA,SAU,SAUDI ARABIA
444439,VISA,DEBIT,SIGNATURE,EMIRATES NBD BANK (P.J.S.C.),+971800456,http://www.emiratesnbd.com,AE,ARE,UNITED ARAB EMIRATES
444445,VISA,DEBIT,PREPAID PLATINUM,BANQUE SAUDI FRANSI,966 1 289 9999 OR 966 1 874 4000,http://www.alfransi.com.sa,SA,SAU,SAUDI ARABIA
444447,VISA,CREDIT,INFINITE,STANDARD CHARTERED BANK,+971600522288,https://www.sc.com,AE,ARE,UNITED ARAB EMIRATES
444460,VISA,CREDIT,CLASSIC,DOHA BANK UAE,,,AE,ARE,UNITED ARAB EMIRATES
444461,VISA,CREDIT,BUSINESS,DOHA BANK UAE,,,AE,ARE,UNITED ARAB EMIRATES
444462,VISA,CREDIT,PLATINUM,DOHA BANK Q.S.C.,+97144456000,http://www.dohabank.com.qa,AE,ARE,UNITED ARAB EMIRATES
444463,VISA,DEBIT,CLASSIC,"DOHA BANK, LTD.",,,AE,ARE,UNITED ARAB EMIRATES
444469,VISA,DEBIT,PREPAID CLASSIC,BANK OF BAGHDAD,+964662568329,http://www.bankofbaghdad.org,IQ,IRQ,IRAQ
444494,VISA,DEBIT,CLASSIC,AL RAJHI BANKING AND INVESTMENT CORP.,4433 92 000 + 966 OR 33 334 601 +966,http://www.alrajhibank.com.sa,SA,SAU,SAUDI ARABIA
444495,VISA,DEBIT,PLATINUM,BANK AL JAZIRA,(966) 2 609 8888,http://www.baj.com.sa,SA,SAU,SAUDI ARABIA
444496,VISA,DEBIT,PLATINUM,BANK AL JAZIRA,(966) 2 609 8888,http://www.baj.com.sa,SA,SAU,SAUDI ARABIA
444812,VISA,CREDIT,CLASSIC,DUBAI ISLAMIC BANK,,http://www.alislami.ae,AE,ARE,UNITED ARAB EMIRATES
444824,VISA,DEBIT,BUSINESS,COMMERCIAL INTERNATIONAL BANK,+20227383011,http://www.cibeg.com,EG,EGY,EGYPT
444825,VISA,DEBIT,PREPAID PLATINUM,NYMCARD PAYMENT SERVICES L.L.C.,,,AE,ARE,UNITED ARAB EMIRATES
445021,VISA,CREDIT,PLATINUM,DUBAI ISLAMIC BANK,,http://www.alislami.ae,AE,ARE,UNITED ARAB EMIRATES
445022,VISA,CREDIT,REWARDS,DUBAI ISLAMIC BANK,,http://www.alislami.ae,AE,ARE,UNITED ARAB EMIRATES
445133,VISA,CREDIT,PLATINUM,COMMERCIAL BANK OF DUBAI(PSC),,,AE,ARE,UNITED ARAB EMIRATES
445134,VISA,CREDIT,CLASSIC,COMMERCIAL BANK OF DUBAI(PSC),,,AE,ARE,UNITED ARAB EMIRATES
445135,VISA,CREDIT,SIGNATURE,COMMERCIAL BANK OF DUBAI(PSC),,,AE,ARE,UNITED ARAB EMIRATES
445136,VISA,CREDIT,INFINITE,COMMERCIAL BANK OF DUBAI(PSC),,,AE,ARE,UNITED ARAB EMIRATES
445137,VISA,CREDIT,PLATINUM,COMMERCIAL BANK OF DUBAI(PSC),,,AE,ARE,UNITED ARAB EMIRATES
445138,VISA,CREDIT,GOLD,COMMERCIAL BANK OF DUBAI(PSC),,,AE,ARE,UNITED ARAB EMIRATES
445149,VISA,CREDIT,CLASSIC,BYBLOS BANK SAL,,,LB,LBN,LEBANON
445150,VISA,CREDIT,BUSINESS ENHANCED,BLOM BANK S.A.L.,(961-1) 738938 - 743300 OR (961-1) 372780 - 370830 - 373102,http://www.blom.com.lb,LB,LBN,LEBANON
445303,VISA,CREDIT,SIGNATURE,THE SAUDI NATIONAL BANK,,,SA,SAU,SAUDI ARABIA
445309,VISA,CREDIT,PLATINUM,AL RAJHI BANKING AND INVESTMENT CORP.,4433 92 000 + 966 OR 33 334 601 +966,http://www.alrajhibank.com.sa,SA,SAU,SAUDI ARABIA
445315,VISA,DEBIT,INFINITE,"REVOLUT, LTD.",,,IL,ISR,ISRAEL
445327,VISA,CREDIT,INFINITE,AL-RAJHI BANKING AND INVESTMENT CORPORATION,,,SA,SAU,SAUDI ARABIA
445413,VISA,DEBIT,PREPAID CLASSIC,NASS WALLET COMPANY FOR FINANCIAL AND PAYMENT SERVICES THROUGH CELLPHONES,,,IQ,IRQ,IRAQ
445514,VISA,CREDIT,PLATINUM,COMMERCIAL INTERNATIONAL BANK,+20227383011,http://www.cibeg.com,EG,EGY,EGYPT
445520,VISA,CREDIT,SIGNATURE,AL RAJHI BANKING AND INVESTMENT CORP.,4433 92 000 + 966 OR 33 334 601 +966,http://www.alrajhibank.com.sa,SA,SAU,SAUDI ARABIA
445521,VISA,CREDIT,INFINITE,AL RAJHI BANKING AND INVESTMENT CORP.,4433 92 000 + 966 OR 33 334 601 +966,http://www.alrajhibank.com.sa,SA,SAU,SAUDI ARABIA
445522,VISA,DEBIT,PREPAID PLATINUM,AL RAJHI BANKING AND INVESTMENT CORP.,4433 92 000 + 966 OR 33 334 601 +966,http://www.alrajhibank.com.sa,SA,SAU,SAUDI ARABIA
445541,VISA,CREDIT,BUSINESS,ABU DHABI ISLAMIC BANK,+97126100600,http://www.adib.ae,AE,ARE,UNITED ARAB EMIRATES
445542,VISA,CREDIT,BUSINESS ENHANCED,ABU DHABI ISLAMIC BANK,+97126100600,http://www.adib.ae,AE,ARE,UNITED ARAB EMIRATES
445543,VISA,DEBIT,BUSINESS,ABU DHABI ISLAMIC BANK,+97126100600,http://www.adib.ae,AE,ARE,UNITED ARAB EMIRATES
445556,VISA,CREDIT,CLASSIC,BANQUE LIBANO-FRANCAISE S.A.L.,1272,http://www.eblf.com,LB,LBN,LEBANON
445557,VISA,CREDIT,GOLD,BANQUE LIBANO-FRANCAISE S.A.L.,1272,http://www.eblf.com,LB,LBN,LEBANON
445558,VISA,DEBIT,ELECTRON,BANQUE LIBANO-FRANCAISE S.A.L.,1272,http://www.eblf.com,LB,LBN,LEBANON
445559,VISA,DEBIT,,BANQUE LIBANO-FRANCAISE S.A.L.,1272,http://www.eblf.com,LB,LBN,LEBANON
445564,VISA,DEBIT,INFINITE,BANK AL JAZIRA,(966) 2 609 8888,http://www.baj.com.sa,SA,SAU,SAUDI ARABIA
445576,VISA,CREDIT,CLASSIC,ABU DHABI COMMERCIAL BANK,+97126962222,http://www.adcb.com,AE,ARE,UNITED ARAB EMIRATES
445577,VISA,CREDIT,REWARDS,ABU DHABI COMMERCIAL BANK,+97126962222,http://www.adcb.com,AE,ARE,UNITED ARAB EMIRATES
445578,VISA,CREDIT,INFINITE,ABU DHABI COMMERCIAL BANK,+97126962222,http://www.adcb.com,AE,ARE,UNITED ARAB EMIRATES
445579,VISA,CREDIT,PLATINUM,ABU DHABI COMMERCIAL BANK,+97126962222,http://www.adcb.com,AE,ARE,UNITED ARAB EMIRATES
445682,VISA,DEBIT,PREPAID PLATINUM,DUBAI ISLAMIC BANK,,http://www.alislami.ae,AE,ARE,UNITED ARAB EMIRATES
445684,VISA,DEBIT,PREPAID PLATINUM,AL ANSARI EXCHANGE LLC,,,AE,ARE,UNITED ARAB EMIRATES
445687,VISA,DEBIT,PREPAID PLATINUM,AL BILAD BANK,,http://www.bankalbilad.com,SA,SAU,SAUDI ARABIA
445692,VISA,DEBIT,PREPAID PLATINUM,FIRST ABU DHABI BANK (PJSC),,,AE,ARE,UNITED ARAB EMIRATES
445696,VISA,DEBIT,BUSINESS,EMIRATES NBD BANK (P.J.S.C.),,http://www.emiratesnbd.com,SA,SAU,SAUDI ARABIA
445813,VISA,CREDIT,PLATINUM,HSBC BANK MIDDLE EAST,+97317569999,http://www.hsbc.ae,BH,BHR,BAHRAIN
445814,VISA,CREDIT,CLASSIC,BANK AL ETIHAD,,,JO,JOR,JORDAN
445815,VISA,CREDIT,PLATINUM,HSBC BANK - EGYPT SAE,+20235359100,http://www.hsbc.com.eg,EG,EGY,EGYPT
445826,VISA,DEBIT,PREPAID CORPORATE T&E,AL-RAJHI BANKING AND INVESTMENT CORPORATION,,,SA,SAU,SAUDI ARABIA
445827,VISA,DEBIT,PREPAID PLATINUM,AL RAJHI BANKING AND INVESTMENT CORP.,4433 92 000 + 966 OR 33 334 601 +966,http://www.alrajhibank.com.sa,SA,SAU,SAUDI ARABIA
445955,VISA,DEBIT,CLASSIC,SOCIETE GENERALE DE BANQUE AU LIBAN S.A.L (SGBL),1274477777,http://www.sgbl.com.lb,LB,LBN,LEBANON
445956,VISA,DEBIT,GOLD,CSCBANK SAL,,,LB,LBN,LEBANON
445960,VISA,DEBIT,CLASSIC,LEBANON AND GULF BANK SAL,+9611965000,http://www.lgbbank.com,LB,LBN,LEBANON
445994,VISA,DEBIT,PREPAID TRAVEL MONEY,"INTERPAYMENT SERVICES, LTD.",,,KW,KWT,KUWAIT
446011,VISA,CREDIT,PLATINUM,"ISRACARD, LTD.",,,IL,ISR,ISRAEL
446079,VISA,CREDIT,,BANK AL ETIHAD,,,JO,JOR,JORDAN
446236,VISA,DEBIT,PREPAID,SHARJAH ISLAMIC BANK,+97165999999,http://www.sib.ae,AE,ARE,UNITED ARAB EMIRATES
446237,VISA,CREDIT,PLATINUM,FIRST ABU DHABI BANK (PJSC),,,AE,ARE,UNITED ARAB EMIRATES
446255,VISA,DEBIT,CLASSIC,ARAB JORDAN INVESTMENT BANK,,,JO,JOR,JORDAN
446273,VISA,DEBIT,,ARAB BANKING CORPORATION - EGYPT,,http://www.arabbanking.com,EG,EGY,EGYPT
446302,VISA,DEBIT,PREPAID PLATINUM,NATIONAL BANK OF UMM AL-QAIWAIN PSC.,+97167655225,http://www.nbq.ae,AE,ARE,UNITED ARAB EMIRATES
446392,VISA,CREDIT,SIGNATURE,AL BILAD BANK,9662918884,http://www.bankalbilad.com,SA,SAU,SAUDI ARABIA
446393,VISA,DEBIT,SIGNATURE,AL BILAD BANK,,http://www.bankalbilad.com,SA,SAU,SAUDI ARABIA
446404,VISA,DEBIT,INFINITE,BANQUE SAUDI FRANSI,966 1 289 9999 OR 966 1 874 4000,http://www.alfransi.com.sa,SA,SAU,SAUDI ARABIA
446422,VISA,CREDIT,SIGNATURE,AL BILAD BANK,9662918884,http://www.bankalbilad.com,SA,SAU,SAUDI ARABIA
446458,VISA,CREDIT,GOLD,QATAR NATIONAL BANK AL AHLI S.A.E.,,,EG,EGY,EGYPT
446459,VISA,DEBIT,PREPAID CLASSIC,ABU DHABI COMMERCIAL BANK - ADCB - EGYPT,,,EG,EGY,EGYPT
446523,VISA,DEBIT,PREPAID CLASSIC,BANQUE LIBANO-FRANCAISE SAL,,,LB,LBN,LEBANON
446608,VISA,CREDIT,SIGNATURE,AL RAJHI BANKING AND INVESTMENT CORP.,4433 92 000 + 966 OR 33 334 601 +966,http://www.alrajhibank.com.sa,SA,SAU,SAUDI ARABIA
446609,VISA,CREDIT,SIGNATURE,AL RAJHI BANKING AND INVESTMENT CORP.,4433 92 000 + 966 OR 33 334 601 +966,http://www.alrajhibank.com.sa,SA,SAU,SAUDI ARABIA
446610,VISA,CREDIT,INFINITE,INVEST BANK PLC,58 (212) 92 98 31,http://www.investbank.jo,JO,JOR,JORDAN
446611,VISA,CREDIT,SIGNATURE,INVEST BANK PLC,58 (212) 92 98 31,http://www.investbank.jo,JO,JOR,JORDAN
446612,VISA,CREDIT,SIGNATURE,INVEST BANK PLC,58 (212) 92 98 31,http://www.investbank.jo,JO,JOR,JORDAN
446672,VISA,DEBIT,SIGNATURE,ALINMA BANK,,,SA,SAU,SAUDI ARABIA
446673,VISA,CREDIT,SIGNATURE,ALINMA BANK,,,SA,SAU,SAUDI ARABIA
446914,VISA,CREDIT,PLATINUM,BANK AL JAZIRA,,http://www.baj.com.sa,SA,SAU,SAUDI ARABIA
446926,VISA,CREDIT,,"DOHA BANK, LTD.",,,QA,QAT,QATAR
446977,VISA,DEBIT,CLASSIC,CREDIT BANK OF IRAQ,,,IQ,IRQ,IRAQ
446998,VISA,CREDIT,,MASHREQBANK,+97143632250,http://www.mashreqbank.com,AE,ARE,UNITED ARAB EMIRATES
447168,VISA,DEBIT,CLASSIC,BANKMUSCAT (SAOG),,,OM,OMN,OMAN
447180,VISA,CREDIT,INFINITE,CREDIT LIBANAIS S.A.L.,,http://www.creditlibanais.com.lb,LB,LBN,LEBANON
447262,VISA,CREDIT,PLATINUM,"ISRACARD, LTD.",,,IL,ISR,ISRAEL
447316,VISA,DEBIT,CLASSIC,BANK OF BEIRUT S.A.L.,961 1 972972 983999,http://www.bankofbeirut.com,LB,LBN,LEBANON
447317,VISA,DEBIT,GOLD,BANK OF BEIRUT S.A.L.,961 1 972972 983999,http://www.bankofbeirut.com,LB,LBN,LEBANON
447345,VISA,DEBIT,CLASSIC,GULF COMMERCIAL BANK,,,IQ,IRQ,IRAQ
447376,VISA,DEBIT,PLATINUM,"CITIBANK, NATIONAL ASSOCIATION",,,AE,ARE,UNITED ARAB EMIRATES
447377,VISA,DEBIT,PLATINUM,"CITIBANK, NATIONAL ASSOCIATION",,,AE,ARE,UNITED ARAB EMIRATES
447390,VISA,DEBIT,PLATINUM,BANK OF BEIRUT S.A.L.,961 1 972972 983999,http://www.bankofbeirut.com,LB,LBN,LEBANON
447477,VISA,DEBIT,PLATINUM,NATIONAL BANK OF OMAN LIMITED (S.A.O.G.),,,OM,OMN,OMAN
447479,VISA,DEBIT,SIGNATURE,NATIONAL BANK OF OMAN LIMITED (S.A.O.G.),,,OM,OMN,OMAN
447500,VISA,CREDIT,GOLD,IRAQI MIDDLE EAST INVESTMENT BANK,,,IQ,IRQ,IRAQ
447513,VISA,DEBIT,PLATINUM,ARAB BANK PLC,+97022953333,http://www.arabbank.jo,PS,PSE,"PALESTINIAN TERRITORY, OCCUPIED"
447521,VISA,DEBIT,PLATINUM,ARAB BANK PLC,+97144450000,http://www.arabbank.jo,AE,ARE,UNITED ARAB EMIRATES
447522,VISA,DEBIT,PLATINUM,ARAB BANK PLC,4600900,http://www.arabbank.jo,JO,JOR,JORDAN
447524,VISA,DEBIT,ELECTRON,ARAB BANK PLC,+961 (7) 751070-2,http://www.arabbank.jo,LB,LBN,LEBANON
447525,VISA,DEBIT,PLATINUM,ARAB BANK PLC,+97317541000,http://www.arabbank.jo,BH,BHR,BAHRAIN
447526,VISA,DEBIT,PLATINUM,ARAB BANK PLC,+97444387878,http://www.arabbank.jo,QA,QAT,QATAR
447527,VISA,DEBIT,PLATINUM,ARAB BANK PLC,+20 2 19100,http://www.arabbank.jo,EG,EGY,EGYPT
447528,VISA,DEBIT,PLATINUM,ARAB BANK PLC,+961 (7) 751070-2,http://www.arabbank.jo,LB,LBN,LEBANON
447529,VISA,DEBIT,CLASSIC,ARAB BANK PLC,+20 2 19100,http://www.arabbank.jo,EG,EGY,EGYPT
447563,VISA,CREDIT,CLASSIC,NATIONAL BANK OF EGYPT,,http://www.nbe.com.eg,EG,EGY,EGYPT
447568,VISA,DEBIT,CLASSIC,"THE UNITED BANK, S.A.E.",,,EG,EGY,EGYPT
447569,VISA,CREDIT,PLATINUM,QATAR NATIONAL BANK AL AHLI S.A.E.,,,EG,EGY,EGYPT
447570,VISA,DEBIT,PLATINUM,ARAB AFRICAN INTERNATIONAL BANK,,http://www.aaib.com,EG,EGY,EGYPT
447576,VISA,CREDIT,INFINITE,BANK AL ETIHAD,,,JO,JOR,JORDAN
447577,VISA,DEBIT,BUSINESS ENHANCED,MASHREQBANK,,http://www.mashreqbank.com,AE,ARE,UNITED ARAB EMIRATES
447625,VISA,CREDIT,,MASHREQBANK,+97143632250,http://www.mashreqbank.com,AE,ARE,UNITED ARAB EMIRATES
447627,VISA,CREDIT,PLATINUM,BANKMUSCAT (SAOG),,,OM,OMN,OMAN
447653,VISA,CREDIT,SIGNATURE BUSINESS,EMIRATES NBD BANK (P.J.S.C.),,http://www.emiratesnbd.com,AE,ARE,UNITED ARAB EMIRATES
447654,VISA,CREDIT,PLATINUM,EMIRATES NBD BANK (P.J.S.C.),,http://www.emiratesnbd.com,AE,ARE,UNITED ARAB EMIRATES
447767,VISA,DEBIT,CLASSIC,CREDIT LIBANAIS S.A.L.,+9611900111,http://www.creditlibanais.com.lb,LB,LBN,LEBANON
447768,VISA,DEBIT,PLATINUM,CREDIT LIBANAIS S.A.L.,+9611900111,http://www.creditlibanais.com.lb,LB,LBN,LEBANON
447859,VISA,DEBIT,PREPAID CLASSIC,ARAB BANK PLC,,http://www.arabbank.jo,EG,EGY,EGYPT
447877,VISA,CREDIT,CLASSIC,SAMBA FINANCIAL GROUP,+9718001242000,http://www.samba.com,AE,ARE,UNITED ARAB EMIRATES
447878,VISA,CREDIT,GOLD,SAMBA FINANCIAL GROUP,+9718001242000,http://www.samba.com,AE,ARE,UNITED ARAB EMIRATES
447879,VISA,CREDIT,PLATINUM,SAMBA FINANCIAL GROUP,+9718001242000,http://www.samba.com,AE,ARE,UNITED ARAB EMIRATES
448300,VISA,CREDIT,CLASSIC,LEBANON AND GULF BANK SAL,+9611965000,http://www.lgbbank.com,LB,LBN,LEBANON
448302,VISA,CREDIT,GOLD,LEBANON AND GULF BANK SAL,+9611965000,http://www.lgbbank.com,LB,LBN,LEBANON
448319,VISA,CREDIT,CLASSIC,BBAC S.A.L,+9614727747,http://www.bbacbank.com,LB,LBN,LEBANON
448329,VISA,DEBIT,PREPAID PLATINUM,BURGAN BANK (S.A.K.),,,KW,KWT,KUWAIT
448333,VISA,CREDIT,PLATINUM,ABU DHABI COMMERCIAL BANK,+97126962222,http://www.adcb.com,AE,ARE,UNITED ARAB EMIRATES
448339,VISA,CREDIT,PLATINUM,CREDIT LIBANAIS S.A.L.,+9611900111,http://www.creditlibanais.com.lb,LB,LBN,LEBANON
448509,VISA,CREDIT,PURCHASING,RIYAD BANK,,http://www.riyadbank.com,SA,SAU,SAUDI ARABIA
448748,VISA,CREDIT,PLATINUM,MASHREQBANK,,http://www.mashreqbank.com,AE,ARE,UNITED ARAB EMIRATES
448782,VISA,DEBIT,CLASSIC,PALESTINE INVESTMENT BANK,,,PS,PSE,"PALESTINIAN TERRITORY, OCCUPIED"
448783,VISA,CREDIT,CLASSIC,PALESTINE INVESTMENT BANK,,,PS,PSE,"PALESTINIAN TERRITORY, OCCUPIED"
448784,VISA,DEBIT,CLASSIC,ABU DHABI ISLAMIC BANK,,http://www.adib.ae,IQ,IRQ,IRAQ
448785,VISA,DEBIT,INFINITE,ABU DHABI ISLAMIC BANK,,http://www.adib.ae,IQ,IRQ,IRAQ
449197,VISA,DEBIT,PLATINUM,STANDARD CHARTERED BANK,+971600522288,https://www.sc.com,AE,ARE,UNITED ARAB EMIRATES
449315,VISA,DEBIT,PREPAID PLATINUM,AHLI BANK (S.A.O.G),,,OM,OMN,OMAN
449316,VISA,DEBIT,PREPAID PLATINUM,AHLI BANK (S.A.O.G),,,OM,OMN,OMAN
449349,VISA,DEBIT,CLASSIC,THE HOUSING BANK FOR TRADE & FINANCE,,,JO,JOR,JORDAN
449387,VISA,CREDIT,CLASSIC,AHLI BANK Q.S.C.,(974) 4232222,http://www.ahlibank.com.qa,QA,QAT,QATAR
449388,VISA,CREDIT,INFINITE,QATAR ISLAMIC BANK (S.A.Q.),,,QA,QAT,QATAR
449630,VISA,DEBIT,PREPAID PLATINUM,AL-SALAM BANK - BAHRAIN B.S.C.,,,BH,BHR,BAHRAIN
449807,VISA,DEBIT,CLASSIC,,,,AE,ARE,UNITED ARAB EMIRATES
449999,VISA,CREDIT,INFINITE,NATIONAL BANK OF BAHRAIN B. S. C.,,,BH,BHR,BAHRAIN
450068,VISA,DEBIT,PREPAID CLASSIC,NATIONAL BANK OF EGYPT,,http://www.nbe.com.eg,EG,EGY,EGYPT
450085,VISA,DEBIT,CLASSIC,NATIONAL BANK OF EGYPT,,http://www.nbe.com.eg,EG,EGY,EGYPT
450162,VISA,CREDIT,,,,,AE,ARE,UNITED ARAB EMIRATES
450238,VISA,DEBIT,INFINITE,BURGAN BANK (S.A.K.),,,KW,KWT,KUWAIT
450604,VISA,DEBIT,PLATINUM,HABIB BANK AG ZURICH,+97180000006,http://www.bankalhabib.com,AE,ARE,UNITED ARAB EMIRATES
450605,VISA,DEBIT,REWARDS,BOUBYAN BANK K.S.C.,,,KW,KWT,KUWAIT
450657,VISA,DEBIT,PREPAID CLASSIC,GLOBAL DIGITAL FINANCIAL SOLUTIONS CO.,,,SA,SAU,SAUDI ARABIA
450766,VISA,CREDIT,PLATINUM,THE SAUDI NATIONAL BANK,,,SA,SAU,SAUDI ARABIA
450778,VISA,DEBIT,INFINITE/PLATINUM,KUWAIT FINANCE HOUSE,+9651803333,http://www.kfh.com,KW,KWT,KUWAIT
450824,VISA,CREDIT,REWARDS,BANQUE SAUDI FRANSI,,http://www.alfransi.com.sa,SA,SAU,SAUDI ARABIA
450828,VISA,CREDIT,GOLD,NATIONAL BANK OF BAHRAIN B. S. C.,,,BH,BHR,BAHRAIN
450829,VISA,CREDIT,CLASSIC,NATIONAL BANK OF BAHRAIN B. S. C.,,,BH,BHR,BAHRAIN
450899,VISA,CREDIT,CLASSIC,ARAB AFRICAN INTERNATIONAL BANK,+20224886679,http://www.aaib.com,EG,EGY,EGYPT
450902,VISA,CREDIT,,ALAHLI BANK OF KUWAIT (K.S.C.),+96524341788,http://www.eahli.com,KW,KWT,KUWAIT
450904,VISA,DEBIT,PREPAID CLASSIC,MASHREQBANK,,http://www.mashreqbank.com,EG,EGY,EGYPT
450905,VISA,DEBIT,CLASSIC,EMIRATES NBD BANK (P.J.S.C.),+971800456,http://www.emiratesnbd.com,AE,ARE,UNITED ARAB EMIRATES
451111,VISA,DEBIT,PREPAID CLASSIC,GLOBAL DIGITAL FINANCIAL SOLUTIONS CO.,,,SA,SAU,SAUDI ARABIA
451387,VISA,DEBIT,PLATINUM,BANK SOHAR (S.A.O.G.),+96824730000,http://www.banksohar.net,OM,OMN,OMAN
451475,VISA,CREDIT,SIGNATURE,RIYAD BANK,,http://www.riyadbank.com,SA,SAU,SAUDI ARABIA
451533,VISA,DEBIT,PREPAID CLASSIC,INTL HDQTRS-CENTER OWNED,,,PS,PSE,"PALESTINE, STATE OF"
451534,VISA,DEBIT,PREPAID CLASSIC,INTL HDQTRS-CENTER OWNED,,,PS,PSE,"PALESTINE, STATE OF"
451544,VISA,DEBIT,PREPAID PLATINUM,INTL HDQTRS-CENTER OWNED,,,KW,KWT,KUWAIT
451545,VISA,DEBIT,PREPAID ELECTRON,INTL HDQTRS-CENTER OWNED,,,KW,KWT,KUWAIT
451554,VISA,DEBIT,PREPAID PLATINUM,INTL HDQTRS-CENTER OWNED,,,KW,KWT,KUWAIT
451792,VISA,DEBIT,PREPAID,HABIB BANK AG ZURICH,+97180000006,http://www.bankalhabib.com,AE,ARE,UNITED ARAB EMIRATES
451887,VISA,CREDIT,BUSINESS ENHANCED,NATIONAL BANK OF FUJAIRAH,,,AE,ARE,UNITED ARAB EMIRATES
452180,VISA,DEBIT,CLASSIC,BANQUE MISR,+20223912150,http://www.banquemisr.com,EG,EGY,EGYPT
452182,VISA,DEBIT,PREPAID CLASSIC,BANQUE MISR,+20223912150,http://www.banquemisr.com,EG,EGY,EGYPT
452237,VISA,CREDIT,CLASSIC,NATIONAL BANK OF IRAQ,,,IQ,IRQ,IRAQ
452238,VISA,CREDIT,GOLD,NATIONAL BANK OF IRAQ,,,IQ,IRQ,IRAQ
452239,VISA,CREDIT,PLATINUM,NATIONAL BANK OF IRAQ,,,IQ,IRQ,IRAQ
452267,VISA,CREDIT,PLATINUM,BANQUE MISR,+20223912150,http://www.banquemisr.com,EG,EGY,EGYPT
452279,VISA,DEBIT,PREPAID CLASSIC,BANQUE MISR,+20223912150,http://www.banquemisr.com,EG,EGY,EGYPT
452334,VISA,CREDIT,REWARDS,ABU DHABI ISLAMIC BANK,+97126100600,http://www.adib.ae,AE,ARE,UNITED ARAB EMIRATES
452335,VISA,CREDIT,REWARDS,ABU DHABI ISLAMIC BANK,+97126100600,http://www.adib.ae,AE,ARE,UNITED ARAB EMIRATES
452338,VISA,CREDIT,PLATINUM,QATAR NATIONAL BANK (Q.P.S.C.),,,QA,QAT,QATAR
452339,VISA,CREDIT,INFINITE,QATAR NATIONAL BANK (Q.P.S.C.),,,QA,QAT,QATAR
452507,VISA,DEBIT,BUSINESS,CREDIT AGRICOLE EGYPT S.A.E.,+20952381002,http://www.ca-egypt.com,EG,EGY,EGYPT
452514,VISA,CREDIT,CLASSIC,JORDAN KUWAIT BANK,,http://www.jordan-kuwait-bank.com,JO,JOR,JORDAN
452518,VISA,CREDIT,CLASSIC,JORDAN KUWAIT BANK,,http://www.jordan-kuwait-bank.com,JO,JOR,JORDAN
452519,VISA,CREDIT,GOLD,JORDAN KUWAIT BANK,,http://www.jordan-kuwait-bank.com,JO,JOR,JORDAN
452538,VISA,CREDIT,PLATINUM,ARAB BANK PLC,,http://www.arabbank.jo,JO,JOR,JORDAN
452539,VISA,CREDIT,,ARAB BANK PLC,4600900,http://www.arabbank.jo,JO,JOR,JORDAN
452543,VISA,DEBIT,SIGNATURE,INVEST BANK PLC,58 (212) 92 98 31,http://www.investbank.jo,JO,JOR,JORDAN
452544,VISA,CREDIT,PLATINUM,INVEST BANK PLC,58 (212) 92 98 31,http://www.investbank.jo,JO,JOR,JORDAN
452545,VISA,CREDIT,GOLD,JORDAN KUWAIT BANK,,http://www.jordan-kuwait-bank.com,JO,JOR,JORDAN
453927,VISA,CREDIT,GOLD,HSBC BANK MIDDLE EAST,+974 4441 6663 A851+A851,http://www.hsbc.ae,QA,QAT,QATAR
453928,VISA,CREDIT,SIGNATURE,HSBC BANK MIDDLE EAST,+974 4441 6663 A851+A851,http://www.hsbc.ae,QA,QAT,QATAR
453930,VISA,CREDIT,CLASSIC,HSBC BANK MIDDLE EAST,+97317569999,http://www.hsbc.ae,BH,BHR,BAHRAIN
453931,VISA,CREDIT,GOLD,HSBC BANK MIDDLE EAST,+97317569999,http://www.hsbc.ae,BH,BHR,BAHRAIN
453932,VISA,CREDIT,PLATINUM,HSBC BANK OMAN (S.A.O.G),,,OM,OMN,OMAN
453933,VISA,CREDIT,GOLD,HSBC BANK OMAN (S.A.O.G),,,OM,OMN,OMAN
454097,VISA,DEBIT,BUSINESS,BANK AL JAZIRA,(966) 2 609 8888,http://www.baj.com.sa,SA,SAU,SAUDI ARABIA
454099,VISA,CREDIT,CLASSIC,,,,AE,ARE,UNITED ARAB EMIRATES
454315,VISA,DEBIT,GOLD,ARAB INTERNATIONAL BANK,23918794,http://www.aib.com.eg,EG,EGY,EGYPT
454335,VISA,CREDIT,SIGNATURE,SAMBA FINANCIAL GROUP,+9668001242000,http://www.samba.com,SA,SAU,SAUDI ARABIA
454336,VISA,CREDIT,PLATINUM,SAMBA FINANCIAL GROUP,+9668001242000,http://www.samba.com,SA,SAU,SAUDI ARABIA
454344,VISA,DEBIT,PREPAID CLASSIC,EMIRATES NBD BANK (P.J.S.C.),,http://www.emiratesnbd.com,AE,ARE,UNITED ARAB EMIRATES
454345,VISA,CREDIT,INFINITE,EMIRATES NBD BANK (P.J.S.C.),,http://www.emiratesnbd.com,AE,ARE,UNITED ARAB EMIRATES
454439,VISA,DEBIT,BUSINESS,ATTIJARIWAFA BANK EGYPT S.A.E,,,EG,EGY,EGYPT
454522,VISA,CREDIT,INFINITE,BAHRAIN ISLAMIC BANK BSC,,,BH,BHR,BAHRAIN
454523,VISA,DEBIT,PREPAID PLATINUM,BANK AL ETIHAD,,,JO,JOR,JORDAN
454613,VISA,CREDIT,PLATINUM,ABU DHABI COMMERCIAL BANK,+97126962222,http://www.adcb.com,AE,ARE,UNITED ARAB EMIRATES
454636,VISA,CREDIT,INFINITE,ABU DHABI COMMERCIAL BANK,+97126962222,http://www.adcb.com,AE,ARE,UNITED ARAB EMIRATES
454639,VISA,CREDIT,REWARDS,ABU DHABI COMMERCIAL BANK,+97126962222,http://www.adcb.com,AE,ARE,UNITED ARAB EMIRATES
454649,VISA,CREDIT,PLATINUM,DUBAI ISLAMIC BANK,,http://www.alislami.ae,AE,ARE,UNITED ARAB EMIRATES
454650,VISA,CREDIT,CLASSIC,THE NATIONAL BANK OF UMM AL-QAIWAIN PSC.,,,AE,ARE,UNITED ARAB EMIRATES
454654,VISA,CREDIT,REWARDS,DUBAI ISLAMIC BANK,,http://www.alislami.ae,AE,ARE,UNITED ARAB EMIRATES
454660,VISA,CREDIT,PLATINUM,ALAWWAL BANK,,,SA,SAU,SAUDI ARABIA
454669,VISA,CREDIT,BUSINESS ENHANCED,BANQUE SAUDI FRANSI,966 1 289 9999 OR 966 1 874 4000,http://www.alfransi.com.sa,SA,SAU,SAUDI ARABIA
454683,VISA,CREDIT,PLATINUM,RIYAD BANK,,http://www.riyadbank.com,SA,SAU,SAUDI ARABIA
454684,VISA,CREDIT,CLASSIC,RIYAD BANK,,http://www.riyadbank.com,SA,SAU,SAUDI ARABIA
454773,VISA,CREDIT,GOLD,ARAB INTERNATIONAL BANK,23918794,http://www.aib.com.eg,EG,EGY,EGYPT
454785,VISA,CREDIT,SIGNATURE BUSINESS,INVEST BANK PLC,58 (212) 92 98 31,http://www.investbank.jo,JO,JOR,JORDAN
454807,VISA,DEBIT,PREPAID PLATINUM,ALINMA BANK,,,SA,SAU,SAUDI ARABIA
454814,VISA,CREDIT,GOLD,AHLI UNITED BANK - EGYPT,+20225801200,http://www.ahliunited.com,EG,EGY,EGYPT
454835,VISA,CREDIT,GOLD,ARAB AFRICAN INTERNATIONAL BANK,+20224886679,http://www.aaib.com,EG,EGY,EGYPT
454845,VISA,DEBIT,PREPAID PLATINUM,SAUDI AWWAL BANK,,,SA,SAU,SAUDI ARABIA
454874,VISA,DEBIT,CLASSIC,MASHREQBANK,,http://www.mashreqbank.com,EG,EGY,EGYPT
454875,VISA,DEBIT,SIGNATURE,BANK OF ALEXANDRIA,,http://www.alexbank.com,EG,EGY,EGYPT
454877,VISA,CREDIT,CLASSIC,ARAB AFRICAN INTERNATIONAL BANK,+20224886679,http://www.aaib.com,EG,EGY,EGYPT
454887,VISA,CREDIT,SIGNATURE,SAUDI AWWAL BANK,,,SA,SAU,SAUDI ARABIA
454899,VISA,CREDIT,CLASSIC,MASHREQBANK,+97143632250,http://www.mashreqbank.com,AE,ARE,UNITED ARAB EMIRATES
454942,VISA,DEBIT,PREPAID PLATINUM,KUWAIT FINANCE HOUSE,+9651803333,http://www.kfh.com,KW,KWT,KUWAIT
455000,VISA,CREDIT,CLASSIC,THE COMMERCIAL BANK OF QATAR (Q.S.C.),,,QA,QAT,QATAR
455002,VISA,DEBIT,CLASSIC,THE HOUSING BANK FOR TRADE & FINANCE,,,BH,BHR,BAHRAIN
455007,VISA,CREDIT,CLASSIC,"NATIONAL BANK OF KUWAIT, S.A.K.",+96265800400,http://www.nbk.com,JO,JOR,JORDAN
455008,VISA,CREDIT,GOLD,"NATIONAL BANK OF KUWAIT, S.A.K.",+96265800400,http://www.nbk.com,JO,JOR,JORDAN
455012,VISA,DEBIT,CLASSIC,BANK OF BAHRAIN & KUWAIT B.S.C.,,,BH,BHR,BAHRAIN
455013,VISA,CREDIT,CLASSIC,BANK OF BAHRAIN AND KUWAIT B.S.C.,+97317207777 / +97317207772,http://www.bbkonline.com,BH,BHR,BAHRAIN
455014,VISA,CREDIT,GOLD,"NATIONAL BANK OF KUWAIT, S.A.K.",+96522422011,http://www.nbk.com,KW,KWT,KUWAIT
455015,VISA,CREDIT,CLASSIC,"NATIONAL BANK OF KUWAIT, S.A.K.",+96522422011,http://www.nbk.com,KW,KWT,KUWAIT
455016,VISA,CREDIT,PLATINUM,ALAHLI BANK OF KUWAIT (K.S.C.),+96524341788,http://www.eahli.com,KW,KWT,KUWAIT
455017,VISA,DEBIT,PREPAID PLATINUM,ARAB NATIONAL BANK,,,SA,SAU,SAUDI ARABIA
455018,VISA,CREDIT,CLASSIC,KUWAIT FINANCE HOUSE,+9651803333,http://www.kfh.com,KW,KWT,KUWAIT
455020,VISA,DEBIT,PREPAID PLATINUM,ARAB NATIONAL BANK,,,SA,SAU,SAUDI ARABIA
455035,VISA,CREDIT,GOLD,ARAB NATIONAL BANK,,,SA,SAU,SAUDI ARABIA
455036,VISA,DEBIT,CLASSIC,ARAB NATIONAL BANK,,,SA,SAU,SAUDI ARABIA
455037,VISA,CREDIT,REWARDS,ARAB NATIONAL BANK,,,SA,SAU,SAUDI ARABIA
455048,VISA,DEBIT,PREPAID PLATINUM,BURGAN BANK (S.A.K.),,,KW,KWT,KUWAIT
455049,VISA,CREDIT,PLATINUM,ALAHLI BANK OF KUWAIT (K.S.C.),+96524341788,http://www.eahli.com,KW,KWT,KUWAIT
455050,VISA,DEBIT,PLATINUM,ARAB BANK PLC,,http://www.arabbank.jo,BH,BHR,BAHRAIN
455057,VISA,CREDIT,SIGNATURE,FIRST ABU DHABI BANK (PJSC),,,AE,ARE,UNITED ARAB EMIRATES
455066,VISA,CREDIT,INFINITE,FIRST ABU DHABI BANK (PJSC),,,AE,ARE,UNITED ARAB EMIRATES
455067,VISA,DEBIT,CLASSIC,KUWAIT INTERNATIONAL BANK,+9651866866,http://www.kib.com.kw,KW,KWT,KUWAIT
455068,VISA,DEBIT,CLASSIC,"BURGAN BANK, S.A.K.",+9651804080,http://www.burgan.com,KW,KWT,KUWAIT
455081,VISA,DEBIT,SIGNATURE,FIRST ABU DHABI BANK (PJSC),,,AE,ARE,UNITED ARAB EMIRATES
455089,VISA,CREDIT,PLATINUM,BANK AL ETIHAD,,,JO,JOR,JORDAN
455090,VISA,CREDIT,CLASSIC,ARAB JORDAN INVESTMENT BANK,,,JO,JOR,JORDAN
455091,VISA,CREDIT,GOLD,ARAB JORDAN INVESTMENT BANK,,,JO,JOR,JORDAN
455092,VISA,CREDIT,GOLD,ARAB BANKING CORPORATION (JORDAN),,http://www.arabbanking.com,JO,JOR,JORDAN
455093,VISA,DEBIT,PREPAID CLASSIC,MADFOOATCOM FOR EPAYMENTS,,,JO,JOR,JORDAN
455094,VISA,DEBIT,REWARDS,THE HOUSING BANK FOR TRADE & FINANCE,,,JO,JOR,JORDAN
455095,VISA,DEBIT,CLASSIC,CAIRO AMMAN BANK,+96265006000 / +96265006000,http://www.cab.jo,JO,JOR,JORDAN
455096,VISA,CREDIT,PLATINUM,JORDAN ISLAMIC BANK,,,JO,JOR,JORDAN
455097,VISA,DEBIT,CLASSIC,ARAB BANK PLC,,http://www.arabbank.jo,JO,JOR,JORDAN
455208,VISA,CREDIT,SIGNATURE BUSINESS,BANK AL ETIHAD,,,JO,JOR,JORDAN
455242,VISA,CREDIT,CLASSIC,HSBC BANK OMAN S.A.O.G,,,OM,OMN,OMAN
455244,VISA,CREDIT,PURCHASING,STANDARD CHARTERED BANK,+971600522288,https://www.sc.com,AE,ARE,UNITED ARAB EMIRATES
455310,VISA,CREDIT,REWARDS,ARAB NATIONAL BANK,,,SA,SAU,SAUDI ARABIA
455340,VISA,CREDIT,CLASSIC,SAUDI BRITISH BANK,,http://www.sabb.com,SA,SAU,SAUDI ARABIA
455364,VISA,DEBIT,PREPAID CORPORATE T&E,FIRST ABU DHABI BANK (PJSC),,,AE,ARE,UNITED ARAB EMIRATES
455365,VISA,DEBIT,CLASSIC,EMIRATES NBD BANK (P.J.S.C.),+971800456,http://www.emiratesnbd.com,AE,ARE,UNITED ARAB EMIRATES
455381,VISA,CREDIT,CLASSIC,ARAB BANKING CORPORATION (JORDAN),,http://www.arabbanking.com,JO,JOR,JORDAN
455389,VISA,CREDIT,CLASSIC,SAUDI BRITISH BANK,,http://www.sabb.com,SA,SAU,SAUDI ARABIA
455391,VISA,CREDIT,SIGNATURE,QATAR ISLAMIC BANK (S.A.Q.),,,QA,QAT,QATAR
455395,VISA,CREDIT,SIGNATURE,AL RAJHI BANKING AND INVESTMENT CORP.,,http://www.alrajhibank.com.sa,SA,SAU,SAUDI ARABIA
455421,VISA,CREDIT,INFINITE,AL RAJHI BANKING AND INVESTMENT CORP.,,http://www.alrajhibank.com.sa,SA,SAU,SAUDI ARABIA
455422,VISA,CREDIT,SIGNATURE,ARAB NATIONAL BANK,,,SA,SAU,SAUDI ARABIA
455423,VISA,CREDIT,INFINITE,ARAB NATIONAL BANK,,,SA,SAU,SAUDI ARABIA
455430,VISA,CREDIT,PLATINUM,AL RAJHI BANKING AND INVESTMENT CORP.,,http://www.alrajhibank.com.sa,SA,SAU,SAUDI ARABIA
455470,VISA,CREDIT,CLASSIC,SOCIETE GENERALE DE BANQUE - JORDAN,+96265600300,http://www.sgbj.com,JO,JOR,JORDAN
455528,VISA,DEBIT,PREPAID CLASSIC,"NATIONAL BANK OF KUWAIT - EGYPT (NBK), S.A.E.",,,EG,EGY,EGYPT
455555,VISA,CREDIT,GOLD,"NATIONAL BANK OF KUWAIT - EGYPT (NBK), S.A.E.",,,EG,EGY,EGYPT
455634,VISA,CREDIT,GOLD,"NATIONAL BANK OF KUWAIT - EGYPT (NBK), S.A.E.",,,EG,EGY,EGYPT
455708,VISA,DEBIT,PREPAID CLASSIC,AL RAJHI BANKING AND INVESTMENT CORP.,4433 92 000 + 966 OR 33 334 601 +966,http://www.alrajhibank.com.sa,SA,SAU,SAUDI ARABIA
455739,VISA,CREDIT,PLATINUM,AL RAJHI BANKING AND INVESTMENT CORP.,4433 92 000 + 966 OR 33 334 601 +966,http://www.alrajhibank.com.sa,SA,SAU,SAUDI ARABIA
455740,VISA,CREDIT,CLASSIC,AL RAJHI BANKING AND INVESTMENT CORP.,4433 92 000 + 966 OR 33 334 601 +966,http://www.alrajhibank.com.sa,SA,SAU,SAUDI ARABIA
455743,VISA,CREDIT,CLASSIC,"ISRACARD, LTD.",,,IL,ISR,ISRAEL
455744,VISA,CREDIT,GOLD,"ISRACARD, LTD.",,,IL,ISR,ISRAEL
455767,VISA,DEBIT,CLASSIC,AL-TAIF ISLAMIC BANK FOR INVESTMENT & FINANCE,,,IQ,IRQ,IRAQ
455768,VISA,DEBIT,PLATINUM,ABU DHABI ISLAMIC BANK,+97126100600,http://www.adib.ae,AE,ARE,UNITED ARAB EMIRATES
455785,VISA,DEBIT,PREPAID PLATINUM,AL-RAJHI BANKING AND INVESTMENT CORPORATION,,,SA,SAU,SAUDI ARABIA
455824,VISA,DEBIT,CLASSIC,QATAR ISLAMIC BANK (S.A.Q.),+97444385555,,QA,QAT,QATAR
455826,VISA,CREDIT,PLATINUM,MASRAF AL RAYAN,+97444253333,http://www.alrayan.com,QA,QAT,QATAR
455828,VISA,DEBIT,PREPAID PLATINUM,QATAR ISLAMIC BANK (S.A.Q.),+97444385555,,QA,QAT,QATAR
455852,VISA,CREDIT,PLATINUM,AL-RAJHI BANKING AND INVESTMENT CORPORATION,,,SA,SAU,SAUDI ARABIA
456060,VISA,DEBIT,PREPAID PLATINUM,BFC PAYMENTS B.S.C. (C),,,BH,BHR,BAHRAIN
456078,VISA,DEBIT,INFINITE,CREDIT LIBANAIS S.A.L.,+9611900111,http://www.creditlibanais.com.lb,LB,LBN,LEBANON
456391,VISA,CREDIT,GOLD,CREDIMAX B.S.C. (CLOSED),,,BH,BHR,BAHRAIN
456523,VISA,CREDIT,REWARDS,MAGNATI - SOLE PROPRIETORSHIP L.L.C.,,,AE,ARE,UNITED ARAB EMIRATES
456524,VISA,CREDIT,REWARDS,FIRST ABU DHABI BANK (PJSC),,,AE,ARE,UNITED ARAB EMIRATES
456525,VISA,CREDIT,PLATINUM,QATAR ISLAMIC BANK (S.A.Q.),+97444385555,,QA,QAT,QATAR
456526,VISA,CREDIT,PLATINUM,QATAR ISLAMIC BANK (S.A.Q.),+97444385555,,QA,QAT,QATAR
456595,VISA,DEBIT,CLASSIC,"HABIB BANK, LTD.",,http://www.habibbankltd.com,OM,OMN,OMAN
456776,VISA,CREDIT,PLATINUM,THE GULF BANK K.S.C.,,,KW,KWT,KUWAIT
456777,VISA,CREDIT,INFINITE,BURGAN BANK (S.A.K.),,,KW,KWT,KUWAIT
456778,VISA,CREDIT,CLASSIC,THE GULF BANK K.S.C.,,,KW,KWT,KUWAIT
456784,VISA,DEBIT,SIGNATURE,AL-SALAM BANK - BAHRAIN B.S.C.,,,BH,BHR,BAHRAIN
456785,VISA,CREDIT,INFINITE,BANK AL ETIHAD,,,JO,JOR,JORDAN
456786,VISA,CREDIT,SIGNATURE,MASRAF AL RAYAN,+97444253333,http://www.alrayan.com,QA,QAT,QATAR
456833,VISA,CREDIT,CLASSIC,DUBAI ISLAMIC BANK,,http://www.alislami.ae,AE,ARE,UNITED ARAB EMIRATES
456834,VISA,CREDIT,GOLD,DUBAI ISLAMIC BANK,,http://www.alislami.ae,AE,ARE,UNITED ARAB EMIRATES
456835,VISA,DEBIT,CLASSIC,DUBAI ISLAMIC BANK,,http://www.alislami.ae,AE,ARE,UNITED ARAB EMIRATES
456891,VISA,CREDIT,PLATINUM,SAUDI AWWAL BANK,,,SA,SAU,SAUDI ARABIA
456893,VISA,CREDIT,PLATINUM,SAUDI AWWAL BANK,,,SA,SAU,SAUDI ARABIA
457221,VISA,CREDIT,CORPORATE T&E,FIRST ABU DHABI BANK (PJSC),,,AE,ARE,UNITED ARAB EMIRATES
457228,VISA,DEBIT,INFINITE,ABU DHABI ISLAMIC BANK,+97126100600,http://www.adib.ae,AE,ARE,UNITED ARAB EMIRATES
457230,VISA,CREDIT,PLATINUM,SOCIETE GENERALE DE BANQUE AU LIBAN S.A.L (SGBL),1274477777,http://www.sgbl.com.lb,LB,LBN,LEBANON
457231,VISA,CREDIT,INFINITE,SOCIETE GENERALE DE BANQUE AU LIBAN S.A.L (SGBL),1274477777,http://www.sgbl.com.lb,LB,LBN,LEBANON
457251,VISA,CREDIT,BUSINESS,FIRST ABU DHABI BANK (PJSC),,,AE,ARE,UNITED ARAB EMIRATES
457252,VISA,CREDIT,CORPORATE T&E,FIRST ABU DHABI BANK PJSC,+971600525500,https://www.bankfab.com,AE,ARE,UNITED ARAB EMIRATES
457268,VISA,CREDIT,GOLD,EMIRATES NBD BANK PJSC,+971600540000,http://www.emiratesnbd.com,AE,ARE,UNITED ARAB EMIRATES
457269,VISA,CREDIT,PLATINUM,EMIRATES NBD BANK PJSC,+971600540000,http://www.emiratesnbd.com,AE,ARE,UNITED ARAB EMIRATES
457285,VISA,DEBIT,CLASSIC,CREDIT LIBANAIS S.A.L.,+9611900111,http://www.creditlibanais.com.lb,LB,LBN,LEBANON
457325,VISA,CREDIT,INFINITE,SOHAR INTERNATIONAL BANK (S.A.O.G),,,OM,OMN,OMAN
457329,VISA,CREDIT,PLATINUM,FIRST ABU DHABI BANK (PJSC),,,AE,ARE,UNITED ARAB EMIRATES
457330,VISA,CREDIT,INFINITE,FIRST ABU DHABI BANK (PJSC),,,AE,ARE,UNITED ARAB EMIRATES
457338,VISA,DEBIT,PREPAID CLASSIC,BLOM BANK EGYPT,33039825- 33029951,http://www.blombankegypt.com,EG,EGY,EGYPT
457376,VISA,DEBIT,CLASSIC,NATIONAL BANK OF EGYPT,,http://www.nbe.com.eg,EG,EGY,EGYPT
457377,VISA,DEBIT,PREPAID CLASSIC,XSIGHT FINTECH SOLUTIONS L.L.C,,,AE,ARE,UNITED ARAB EMIRATES
457441,VISA,CREDIT,BUSINESS,QATAR NATIONAL BANK AL AHLI S.A.E.,,,EG,EGY,EGYPT
457442,VISA,CREDIT,CLASSIC,WARBA BANK K.S.C.,,,KW,KWT,KUWAIT
457443,VISA,CREDIT,GOLD,WARBA BANK K.S.C.,,,KW,KWT,KUWAIT
457444,VISA,CREDIT,PLATINUM,WARBA BANK K.S.C.,,,KW,KWT,KUWAIT
457445,VISA,DEBIT,PREPAID PLATINUM,WARBA BANK K.S.C.,,,KW,KWT,KUWAIT
457446,VISA,CREDIT,SIGNATURE,WARBA BANK K.S.C.,,,KW,KWT,KUWAIT
457527,VISA,DEBIT,REWARDS,BANKMED SAL,,,LB,LBN,LEBANON
457553,VISA,DEBIT,PREPAID PLATINUM,AL RAJHI BANKING AND INVESTMENT CORP.,4433 92 000 + 966 OR 33 334 601 +966,http://www.alrajhibank.com.sa,SA,SAU,SAUDI ARABIA
457555,VISA,DEBIT,GOLD,BANK OF BAHRAIN & KUWAIT B.S.C.,,,BH,BHR,BAHRAIN
457597,VISA,DEBIT,PREPAID CLASSIC,AL RAJHI BANKING AND INVESTMENT CORP.,,http://www.alrajhibank.com.sa,SA,SAU,SAUDI ARABIA
457638,VISA,DEBIT,PLATINUM,CREDIT AGRICOLE EGYPT S.A.E.,+20952381002,http://www.ca-egypt.com,EG,EGY,EGYPT
457658,VISA,DEBIT,INFINITE,DUKHAN BANK,,,QA,QAT,QATAR
457659,VISA,CREDIT,INFINITE,DUKHAN BANK,,,QA,QAT,QATAR
457715,VISA,DEBIT,PLATINUM,BANK OF BAGHDAD,,http://www.bankofbaghdad.org,IQ,IRQ,IRAQ
457740,VISA,CREDIT,SIGNATURE,INTERNATIONAL DEVELOPMENT BANK FOR INVESTMENT AND FINANCE,,,IQ,IRQ,IRAQ
457775,VISA,CREDIT,PLATINUM,ABU DHABI COMMERCIAL BANK,,http://www.adcb.com,KW,KWT,KUWAIT
457776,VISA,CREDIT,CLASSIC,ABU DHABI COMMERCIAL BANK,,http://www.adcb.com,KW,KWT,KUWAIT
457777,VISA,CREDIT,GOLD,ABU DHABI COMMERCIAL BANK,,http://www.adcb.com,KW,KWT,KUWAIT
457778,VISA,DEBIT,CLASSIC,UNION NATIONAL BANK,,,KW,KWT,KUWAIT
457795,VISA,DEBIT,PREPAID CORPORATE T&E,AL BILAD BANK,,http://www.bankalbilad.com,SA,SAU,SAUDI ARABIA
457796,VISA,CREDIT,INFINITE,AL BILAD BANK,9662918884,http://www.bankalbilad.com,SA,SAU,SAUDI ARABIA
457820,VISA,CREDIT,INFINITE,FIRST ABU DHABI BANK (PJSC),,,AE,ARE,UNITED ARAB EMIRATES
457821,VISA,CREDIT,PLATINUM,FIRST ABU DHABI BANK (PJSC),,,AE,ARE,UNITED ARAB EMIRATES
457826,VISA,DEBIT,PLATINUM,DUBAI ISLAMIC BANK,,http://www.alislami.ae,AE,ARE,UNITED ARAB EMIRATES
457827,VISA,CREDIT,PLATINUM,EMIRATES ISLAMIC BANK P.J.S.C.,,,AE,ARE,UNITED ARAB EMIRATES
457828,VISA,CREDIT,GOLD,EMIRATES ISLAMIC BANK P.J.S.C.,,,AE,ARE,UNITED ARAB EMIRATES
457831,VISA,DEBIT,BUSINESS,BANK AUDI S.A.L. - AUDI SARADAR GROUP,,,LB,LBN,LEBANON
457840,VISA,CREDIT,PLATINUM,SAUDI INVESTMENT BANK,,,SA,SAU,SAUDI ARABIA
457841,VISA,CREDIT,PLATINUM,SAUDI INVESTMENT BANK,,,SA,SAU,SAUDI ARABIA
457842,VISA,CREDIT,PLATINUM,THE SAUDI INVESTMENT BANK,,,SA,SAU,SAUDI ARABIA
457843,VISA,CREDIT,ULTRA HIGH NET WORTH,THE SAUDI INVESTMENT BANK,,,SA,SAU,SAUDI ARABIA
457849,VISA,CREDIT,ULTRA HIGH NET WORTH,MASRAF AL RAYAN,+97444253333,http://www.alrayan.com,QA,QAT,QATAR
457852,VISA,DEBIT,PREPAID PRIVATE LABEL,CREDIMAX B.S.C. (CLOSED),,,BH,BHR,BAHRAIN
457865,VISA,DEBIT,PLATINUM,BANQUE SAUDI FRANSI,966 1 289 9999 OR 966 1 874 4000,http://www.alfransi.com.sa,SA,SAU,SAUDI ARABIA
457866,VISA,CREDIT,PLATINUM,ARAB JORDAN INVESTMENT BANK,,,JO,JOR,JORDAN
457867,VISA,CREDIT,INFINITE,ARAB JORDAN INVESTMENT BANK,,,JO,JOR,JORDAN
457869,VISA,CREDIT,PLATINUM,FIRST ABU DHABI BANK (PJSC),,,AE,ARE,UNITED ARAB EMIRATES
457871,VISA,DEBIT,CLASSIC,ABU DHABI COMMERCIAL BANK - ADCB - EGYPT,,,EG,EGY,EGYPT
457872,VISA,CREDIT,,UNION NATIONAL BANK - EGYPT,+20225748226,http://www.unb-egypt.com,EG,EGY,EGYPT
457876,VISA,DEBIT,BUSINESS,EMIRATES ISLAMIC BANK P.J.S.C.,,,AE,ARE,UNITED ARAB EMIRATES
457895,VISA,CREDIT,PLATINUM,BANK OF JORDAN,+96265807777,http://www.bankofjordan.com,JO,JOR,JORDAN
457903,VISA,DEBIT,PREPAID CORPORATE T&E,FIRST ABU DHABI BANK (PJSC),,,AE,ARE,UNITED ARAB EMIRATES
457904,VISA,DEBIT,PREPAID CLASSIC,SOHAR INTERNATIONAL BANK (S.A.O.G),,,OM,OMN,OMAN
457908,VISA,CREDIT,REWARDS,MASHREQBANK,+97143632250,http://www.mashreqbank.com,AE,ARE,UNITED ARAB EMIRATES
457909,VISA,CREDIT,REWARDS,MASHREQBANK,+97143632250,http://www.mashreqbank.com,AE,ARE,UNITED ARAB EMIRATES
457924,VISA,CREDIT,SIGNATURE,,,,JO,JOR,JORDAN
457925,VISA,CREDIT,INFINITE,ALAHLI BANK OF KUWAIT (K.S.C.),+96524341788,http://www.eahli.com,KW,KWT,KUWAIT
457927,VISA,DEBIT,PREPAID CLASSIC,RIYAD BANK,,http://www.riyadbank.com,SA,SAU,SAUDI ARABIA
457928,VISA,DEBIT,PLATINUM,THE SAUDI NATIONAL BANK,,,AE,ARE,UNITED ARAB EMIRATES
457979,VISA,DEBIT,GOLD,KURDISTAN INTERNATIONAL ISLAMIC BANK FOR INVESTMENT AND DEVELOPMENT,,,IQ,IRQ,IRAQ
457997,VISA,DEBIT,CLASSIC,BANQUE SAUDI FRANSI,,http://www.alfransi.com.sa,SA,SAU,SAUDI ARABIA
457998,VISA,CREDIT,INFINITE,ALINMA BANK,,,SA,SAU,SAUDI ARABIA
458000,VISA,CREDIT,CLASSIC,"ISRAEL CREDIT CARDS, LTD.",,http://www.cal-intl.com,IL,ISR,ISRAEL
458001,VISA,CREDIT,CLASSIC,"ISRAEL CREDIT CARDS, LTD.",,http://www.cal-intl.com,IL,ISR,ISRAEL
458002,VISA,DEBIT,BUSINESS ENHANCED,"WISE ILS, LTD.",,,IL,ISR,ISRAEL
458003,VISA,CREDIT,CLASSIC,"MAX IT FINANCE, LTD.",,,IL,ISR,ISRAEL
458004,VISA,CREDIT,CLASSIC,"ISRAEL CREDIT CARDS, LTD.",,http://www.cal-intl.com,IL,ISR,ISRAEL
458005,VISA,CREDIT,CLASSIC,"ISRAEL CREDIT CARDS, LTD.",360-378-2265,http://www.cal-intl.com,IL,ISR,ISRAEL
458006,VISA,CREDIT,CLASSIC,"ISRAEL CREDIT CARDS, LTD.",,http://www.cal-intl.com,IL,ISR,ISRAEL
458007,VISA,CREDIT,CLASSIC,"ISRAEL CREDIT CARDS, LTD.",,http://www.cal-intl.com,IL,ISR,ISRAEL
458008,VISA,CREDIT,CLASSIC,"ISRAEL CREDIT CARDS, LTD.",,http://www.cal-intl.com,IL,ISR,ISRAEL
458009,VISA,CREDIT,CLASSIC,"ISRAEL CREDIT CARDS, LTD.",,http://www.cal-intl.com,IL,ISR,ISRAEL
458010,VISA,CREDIT,BUSINESS,"MAX IT FINANCE, LTD.",,,IL,ISR,ISRAEL
458011,VISA,CREDIT,PLATINUM,"MAX IT FINANCE, LTD.",,,IL,ISR,ISRAEL
458012,VISA,CREDIT,GOLD,"MAX IT FINANCE, LTD.",,,IL,ISR,ISRAEL
458013,VISA,CREDIT,CLASSIC,"ISRAEL CREDIT CARDS, LTD.",,http://www.cal-intl.com,IL,ISR,ISRAEL
458014,VISA,CREDIT,GOLD,"MAX IT FINANCE, LTD.",,,IL,ISR,ISRAEL
458015,VISA,CREDIT,PLATINUM,"MAX IT FINANCE, LTD.",,,IL,ISR,ISRAEL
458016,VISA,CREDIT,CLASSIC,"ISRAEL CREDIT CARDS, LTD.",,http://www.cal-intl.com,IL,ISR,ISRAEL
458017,VISA,CREDIT,CLASSIC,"ISRAEL CREDIT CARDS, LTD.",,http://www.cal-intl.com,IL,ISR,ISRAEL
458018,VISA,DEBIT,PREPAID,"ISRAEL CREDIT CARDS, LTD.",360-378-2265,http://www.cal-intl.com,IL,ISR,ISRAEL
458019,VISA,DEBIT,PREPAID CLASSIC,"ISRAEL CREDIT CARDS, LTD.",,http://www.cal-intl.com,IL,ISR,ISRAEL
458020,VISA,CREDIT,GOLD,BANK LEUMI LE-ISRAEL B.M.,+97239544555,http://english.leumi.co.il,IL,ISR,ISRAEL
458021,VISA,CREDIT,GOLD,"ISRAEL CREDIT CARDS, LTD.",,http://www.cal-intl.com,IL,ISR,ISRAEL
458022,VISA,CREDIT,GOLD,"ARAB ISRAEL BANK, LTD.",,,IL,ISR,ISRAEL
458023,VISA,CREDIT,GOLD,"MAX IT FINANCE, LTD.",,,IL,ISR,ISRAEL
458024,VISA,CREDIT,GOLD,"ISRAEL CREDIT CARDS, LTD.",,http://www.cal-intl.com,IL,ISR,ISRAEL
458025,VISA,CREDIT,PLATINUM,"ISRAEL CREDIT CARDS, LTD.",360-378-2265,http://www.cal-intl.com,IL,ISR,ISRAEL
458026,VISA,CREDIT,GOLD,"ISRAEL CREDIT CARDS, LTD.",,http://www.cal-intl.com,IL,ISR,ISRAEL
458027,VISA,CREDIT,GOLD,"ISRAEL CREDIT CARDS, LTD.",,http://www.cal-intl.com,IL,ISR,ISRAEL
458028,VISA,CREDIT,GOLD,"ISRAEL CREDIT CARDS, LTD.",,http://www.cal-intl.com,IL,ISR,ISRAEL
458029,VISA,CREDIT,GOLD,"ISRAEL CREDIT CARDS, LTD.",,http://www.cal-intl.com,IL,ISR,ISRAEL
458030,VISA,CREDIT,INFINITE,"ISRAEL CREDIT CARDS, LTD.",,http://www.cal-intl.com,IL,ISR,ISRAEL
458031,VISA,DEBIT,CLASSIC,BANK LEUMI LE-ISRAEL B.M.,,http://english.leumi.co.il,IL,ISR,ISRAEL
458032,VISA,CREDIT,CORPORATE T&E,"ISRAEL CREDIT CARDS, LTD.",360-378-2265,http://www.cal-intl.com,IL,ISR,ISRAEL
458033,VISA,CREDIT,CORPORATE T&E,"MERCANTILE DISCOUNT BANK, LTD.",+97225678257,http://www.mercantile.co.il,IL,ISR,ISRAEL
458034,VISA,DEBIT,INFINITE,"WISE ILS, LTD.",,,IL,ISR,ISRAEL
458035,VISA,CREDIT,CORPORATE T&E,"MERCANTILE DISCOUNT BANK, LTD.",+97225678257,http://www.mercantile.co.il,IL,ISR,ISRAEL
458036,VISA,CREDIT,CLASSIC,"THE FIRST INTERNATIONAL BANK OF ISRAEL, LTD.",,,IL,ISR,ISRAEL
458037,VISA,CREDIT,GOLD,"THE FIRST INTERNATIONAL BANK OF ISRAEL, LTD.",,,IL,ISR,ISRAEL
458038,VISA,CREDIT,BUSINESS,"THE FIRST INTERNATIONAL BANK OF ISRAEL, LTD.",,,IL,ISR,ISRAEL
458039,VISA,CREDIT,CLASSIC,BANK LEUMI LE-ISRAEL B.M.,+97239544555,http://english.leumi.co.il,IL,ISR,ISRAEL
458041,VISA,DEBIT,PREPAID CLASSIC,"MAX IT FINANCE, LTD.",,,IL,ISR,ISRAEL
458042,VISA,CREDIT,CLASSIC,BANK LEUMI LE-ISRAEL B.M.,+97239544555,http://english.leumi.co.il,IL,ISR,ISRAEL
458043,VISA,CREDIT,CLASSIC,"MAX IT FINANCE, LTD.",,,IL,ISR,ISRAEL
458044,VISA,CREDIT,CLASSIC,LEUMI CARD,+97236178888,http://www.leumi-card.co.il,IL,ISR,ISRAEL
458045,VISA,CREDIT,,LEUMI CARD,+97236178888,http://www.leumi-card.co.il,IL,ISR,ISRAEL
458047,VISA,DEBIT,CLASSIC,BANK LEUMI LE-ISRAEL B.M.,+97239544555,http://english.leumi.co.il,IL,ISR,ISRAEL
458048,VISA,CREDIT,BUSINESS,"MAX IT FINANCE, LTD.",,,IL,ISR,ISRAEL
458049,VISA,CREDIT,CLASSIC,"MAX IT FINANCE, LTD.",,,IL,ISR,ISRAEL
458050,VISA,CREDIT,PLATINUM,"ISRAEL CREDIT CARDS, LTD.",,http://www.cal-intl.com,IL,ISR,ISRAEL
458051,VISA,DEBIT,PREPAID,LEUMI CARD,+97236178888,http://www.leumi-card.co.il,IL,ISR,ISRAEL
458052,VISA,DEBIT,CLASSIC,"ISRAEL CREDIT CARDS, LTD.",,http://www.cal-intl.com,IL,ISR,ISRAEL
458053,VISA,DEBIT,CLASSIC,"ISRAEL CREDIT CARDS, LTD.",,http://www.cal-intl.com,IL,ISR,ISRAEL
458054,VISA,CREDIT,PLATINUM,"ISRAEL CREDIT CARDS, LTD.",,http://www.cal-intl.com,IL,ISR,ISRAEL
458055,VISA,CREDIT,PLATINUM,"ISRAEL CREDIT CARDS, LTD.",,http://www.cal-intl.com,IL,ISR,ISRAEL
458056,VISA,CREDIT,GOLD,"MAX IT FINANCE, LTD.",,,IL,ISR,ISRAEL
458057,VISA,CREDIT,PLATINUM,"ISRAEL CREDIT CARDS, LTD.",360-378-2265,http://www.cal-intl.com,IL,ISR,ISRAEL
458058,VISA,CREDIT,PLATINUM,BANK LEUMI LE-ISRAEL B.M.,+97239544555,http://english.leumi.co.il,IL,ISR,ISRAEL
458059,VISA,DEBIT,CLASSIC,BANK LEUMI LE-ISRAEL B.M.,+97239544555,http://english.leumi.co.il,IL,ISR,ISRAEL
458070,VISA,DEBIT,PREPAID BUSINESS,"MAX IT FINANCE, LTD.",,,IL,ISR,ISRAEL
458078,VISA,CREDIT,PLATINUM,"ISRAEL CREDIT CARDS, LTD.",360-378-2265,http://www.cal-intl.com,IL,ISR,ISRAEL
458079,VISA,CREDIT,INFINITE,"ISRAEL CREDIT CARDS, LTD.",,http://www.cal-intl.com,IL,ISR,ISRAEL
458080,VISA,DEBIT,CLASSIC,"ISRAEL CREDIT CARDS, LTD.",,http://www.cal-intl.com,IL,ISR,ISRAEL
458081,VISA,CREDIT,INFINITE,"ISRAEL CREDIT CARDS, LTD.",360-378-2265,http://www.cal-intl.com,IL,ISR,ISRAEL
458082,VISA,DEBIT,CLASSIC,"ISRAEL CREDIT CARDS, LTD.",,http://www.cal-intl.com,IL,ISR,ISRAEL
458083,VISA,DEBIT,CLASSIC,"ISRAEL CREDIT CARDS, LTD.",,http://www.cal-intl.com,IL,ISR,ISRAEL
458085,VISA,CREDIT,INFINITE,BANK HAPOALIM B M,,,IL,ISR,ISRAEL
458086,VISA,CREDIT,INFINITE,"ISRAEL CREDIT CARDS, LTD.",,http://www.cal-intl.com,IL,ISR,ISRAEL
458087,VISA,CREDIT,BUSINESS,BANK HAPOALIM B M,,,IL,ISR,ISRAEL
458088,VISA,CREDIT,PLATINUM,"MAX IT FINANCE, LTD.",,,IL,ISR,ISRAEL
458089,VISA,CREDIT,BUSINESS,"MAX IT FINANCE, LTD.",,,IL,ISR,ISRAEL
458090,VISA,CREDIT,BUSINESS,BANK LEUMI LE-ISRAEL B.M.,+97239544555,http://english.leumi.co.il,IL,ISR,ISRAEL
458091,VISA,CREDIT,BUSINESS,"ISRAEL CREDIT CARDS, LTD.",,http://www.cal-intl.com,IL,ISR,ISRAEL
458092,VISA,CREDIT,BUSINESS,"ARAB ISRAEL BANK, LTD.",,,IL,ISR,ISRAEL
458093,VISA,CREDIT,CLASSIC,"MAX IT FINANCE, LTD.",,,IL,ISR,ISRAEL
458094,VISA,CREDIT,BUSINESS,"ISRAEL CREDIT CARDS, LTD.",,http://www.cal-intl.com,IL,ISR,ISRAEL
458095,VISA,CREDIT,BUSINESS,"ISRAEL CREDIT CARDS, LTD.",,http://www.cal-intl.com,IL,ISR,ISRAEL
458096,VISA,CREDIT,BUSINESS,"ISRAEL CREDIT CARDS, LTD.",,http://www.cal-intl.com,IL,ISR,ISRAEL
458097,VISA,CREDIT,BUSINESS,"ISRAEL CREDIT CARDS, LTD.",,http://www.cal-intl.com,IL,ISR,ISRAEL
458098,VISA,CREDIT,BUSINESS,"ISRAEL CREDIT CARDS, LTD.",,http://www.cal-intl.com,IL,ISR,ISRAEL
458099,VISA,CREDIT,BUSINESS,"ISRAEL CREDIT CARDS, LTD.",,http://www.cal-intl.com,IL,ISR,ISRAEL
458100,VISA,CREDIT,CLASSIC,THE NATIONAL BANK OF RAS AL-KHAIMAH,,,AE,ARE,UNITED ARAB EMIRATES
458101,VISA,CREDIT,GOLD,THE NATIONAL BANK OF RAS AL-KHAIMAH,,,AE,ARE,UNITED ARAB EMIRATES
458110,VISA,DEBIT,CLASSIC,EGYPTIAN NATIONAL POST ORGANISATION,44 (0)207 582 5220,http://www.balancingact-africa.com,EG,EGY,EGYPT
458139,VISA,DEBIT,PREPAID CLASSIC,EGYPTIAN NATIONAL POST ORGANISATION,44 (0)207 582 5220,http://www.balancingact-africa.com,EG,EGY,EGYPT
458205,VISA,DEBIT,ELECTRON,FIRST ABU DHABI BANK PJSC,971 2-611-1111,https://www.bankfab.com,KW,KWT,KUWAIT
458208,VISA,CREDIT,PLATINUM,COMMERCIAL BANK OF DUBAI,+97126268400,http://www.cbd.ae,AE,ARE,UNITED ARAB EMIRATES
458209,VISA,CREDIT,PLATINUM,COMMERCIAL BANK OF DUBAI,+97126268400,http://www.cbd.ae,AE,ARE,UNITED ARAB EMIRATES
458210,VISA,CREDIT,PLATINUM,COMMERCIAL BANK OF DUBAI,+97126268400,http://www.cbd.ae,AE,ARE,UNITED ARAB EMIRATES
458211,VISA,CREDIT,CORPORATE T&E,COMMERCIAL BANK OF DUBAI,+97126268400,http://www.cbd.ae,AE,ARE,UNITED ARAB EMIRATES
458212,VISA,DEBIT,PREPAID,COMMERCIAL BANK OF DUBAI,+97126268400,http://www.cbd.ae,AE,ARE,UNITED ARAB EMIRATES
458231,VISA,CREDIT,INFINITE,STANDARD CHARTERED BANK,+97317531532,https://www.sc.com,BH,BHR,BAHRAIN
458232,VISA,CREDIT,PLATINUM,KUWAIT INTERNATIONAL BANK,+9651866866,http://www.kib.com.kw,KW,KWT,KUWAIT
458233,VISA,CREDIT,PLATINUM,KUWAIT INTERNATIONAL BANK,+9651866866,http://www.kib.com.kw,KW,KWT,KUWAIT
458241,VISA,CREDIT,PLATINUM,,,,BH,BHR,BAHRAIN
458243,VISA,DEBIT,PREPAID CLASSIC,MADFOOATCOM FOR EPAYMENTS,,,JO,JOR,JORDAN
458245,VISA,DEBIT,PREPAID,"CITIBANK, N.A.",,https://www.citi.com,EG,EGY,EGYPT
458246,VISA,DEBIT,PREPAID,"CITICORP CREDIT SERVICES, INC.",,,KW,KWT,KUWAIT
458256,VISA,DEBIT,PREPAID CLASSIC,ARAB BANK PLC,,http://www.arabbank.jo,EG,EGY,EGYPT
458263,VISA,CREDIT,INFINITE,EMIRATES NBD BANK (P.J.S.C.),,http://www.emiratesnbd.com,SA,SAU,SAUDI ARABIA
458267,VISA,DEBIT,PREPAID CLASSIC,NATIONAL BANK OF EGYPT,,http://www.nbe.com.eg,EG,EGY,EGYPT
458270,VISA,CREDIT,,ALINMA BANK,,,SA,SAU,SAUDI ARABIA
458271,VISA,CREDIT,PLATINUM,CAPITAL BANK OF JORDAN PLC. CO.,,,JO,JOR,JORDAN
458272,VISA,DEBIT,CLASSIC,AL-ANSSARI ISLAMIC INVESTMENT AND FINANCE BANK,,,IQ,IRQ,IRAQ
458273,VISA,DEBIT,PLATINUM,CAPITAL BANK OF JORDAN PLC. CO.,,,JO,JOR,JORDAN
458289,VISA,DEBIT,PREPAID PLATINUM,UAE EXCHANGE CENTRE LLC,+97142617575,http://www.uaeexchange.com,AE,ARE,UNITED ARAB EMIRATES
458385,VISA,CREDIT,,,,,EG,EGY,EGYPT
458454,VISA,CREDIT,,BARWA BANK,+97444088888,http://www.barwa.com.qa,QA,QAT,QATAR
458456,VISA,DEBIT,INFINITE,AL RAJHI BANKING AND INVESTMENT CORP.,4433 92 000 + 966 OR 33 334 601 +966,http://www.alrajhibank.com.sa,SA,SAU,SAUDI ARABIA
458461,VISA,CREDIT,PLATINUM,AL HILAL BANK P.J.S.C.,+97124994460,http://www.alhilalonline.ae,AE,ARE,UNITED ARAB EMIRATES
458464,VISA,DEBIT,CLASSIC,AL HILAL BANK P.J.S.C.,+97124994460,http://www.alhilalonline.ae,AE,ARE,UNITED ARAB EMIRATES
458465,VISA,DEBIT,PLATINUM,THE SAUDI NATIONAL BANK,,,AE,ARE,UNITED ARAB EMIRATES
458479,VISA,DEBIT,CLASSIC,"NATIONAL BANK OF GREECE, S.A.",,http://www.nbg.gr,EG,EGY,EGYPT
458487,VISA,DEBIT,CLASSIC,"HABIB BANK, LTD.",,http://www.habibbankltd.com,BH,BHR,BAHRAIN
458506,VISA,CREDIT,CORPORATE T&E,DUKHAN BANK,,,QA,QAT,QATAR
458510,VISA,DEBIT,CLASSIC/GOLD,UNITED ARAB BANK,+97165195115,http://www.uab.ae,AE,ARE,UNITED ARAB EMIRATES
458511,VISA,CREDIT,,UNITED ARAB BANK,+97165195115,http://www.uab.ae,AE,ARE,UNITED ARAB EMIRATES
458512,VISA,CREDIT,,,,,EG,EGY,EGYPT
458550,VISA,DEBIT,PREPAID CLASSIC,THE COMMERCIAL BANK OF KUWAIT S.A.K.,,,KW,KWT,KUWAIT
458551,VISA,CREDIT,PLATINUM,UNITED ARAB BANK,+97165195115,http://www.uab.ae,AE,ARE,UNITED ARAB EMIRATES
458561,VISA,CREDIT,INFINITE,FRANSABANK S.A.L.,+9611340180,http://www.fransabank.com,LB,LBN,LEBANON
458562,VISA,DEBIT,PLATINUM,STANDARD CHARTERED BANK,,https://www.sc.com,AE,ARE,UNITED ARAB EMIRATES
458575,VISA,DEBIT,PLATINUM,STANDARD CHARTERED BANK,,https://www.sc.com,AE,ARE,UNITED ARAB EMIRATES
458583,VISA,CREDIT,,AL RAJHI BANKING AND INVESTMENT CORP.,+96524954333,http://www.alrajhibank.com.sa,KW,KWT,KUWAIT
458589,VISA,CREDIT,PLATINUM,ARAB BANK PLC,+97022953333,http://www.arabbank.jo,PS,PSE,"PALESTINIAN TERRITORY, OCCUPIED"
458590,VISA,CREDIT,SIGNATURE BUSINESS,ARAB BANK PLC,,http://www.arabbank.jo,PS,PSE,"PALESTINE, STATE OF"
458591,VISA,CREDIT,PLATINUM,ARAB BANK PLC,+97317541000,http://www.arabbank.jo,BH,BHR,BAHRAIN
458592,VISA,CREDIT,PLATINUM,ARAB BANK PLC,+97444387878,http://www.arabbank.jo,QA,QAT,QATAR
458596,VISA,CREDIT,INFINITE,COMMERCIAL BANK OF DUBAI(PSC),,,AE,ARE,UNITED ARAB EMIRATES
458597,VISA,CREDIT,PLATINUM,CAIRO AMMAN BANK,+96265006000 / +96265006000,http://www.cab.jo,JO,JOR,JORDAN
458600,VISA,CREDIT,,,,,LB,LBN,LEBANON
458700,VISA,CREDIT,INFINITE,QATAR INTERNATIONAL ISLAMIC BANK,,http://www.qiib.com.qa,QA,QAT,QATAR
458716,VISA,DEBIT,GOLD,INDUSTRIAL BANK,,https://www.cib.com.cn,IQ,IRQ,IRAQ
458770,VISA,DEBIT,PREPAID CLASSIC,KUWAIT INTERNATIONAL BANK,+9651866866,http://www.kib.com.kw,KW,KWT,KUWAIT
458771,VISA,DEBIT,PREPAID,KUWAIT INTERNATIONAL BANK,+9651866866,http://www.kib.com.kw,KW,KWT,KUWAIT
458776,VISA,DEBIT,CLASSIC,ARAB PAYMENT SERVICES,,,IQ,IRQ,IRAQ
458783,VISA,CREDIT,PLATINUM,ARAB AFRICAN INTERNATIONAL BANK,+20224886679,http://www.aaib.com,EG,EGY,EGYPT
458815,VISA,CREDIT,INFINITE,BOUBYAN BANK K.S.C.,,,KW,KWT,KUWAIT
458830,VISA,DEBIT,PLATINUM,HSBC BANK - EGYPT SAE,+20235359100,http://www.hsbc.com.eg,EG,EGY,EGYPT
458832,VISA,DEBIT,PLATINUM,HSBC BANK - EGYPT SAE,+20235359100,http://www.hsbc.com.eg,EG,EGY,EGYPT
458834,VISA,DEBIT,PLATINUM,HSBC BANK - EGYPT SAE,+20235359100,http://www.hsbc.com.eg,EG,EGY,EGYPT
458835,VISA,CREDIT,,,,,AE,ARE,UNITED ARAB EMIRATES
458838,VISA,DEBIT,CLASSIC,AL RAJHI BANKING AND INVESTMENT CORP.,+96524954333,http://www.alrajhibank.com.sa,KW,KWT,KUWAIT
458839,VISA,CREDIT,CLASSIC,AL RAJHI BANKING AND INVESTMENT CORP.,,http://www.alrajhibank.com.sa,KW,KWT,KUWAIT
458840,VISA,CREDIT,PLATINUM,AL RAJHI BANKING AND INVESTMENT CORP.,+96524954333,http://www.alrajhibank.com.sa,KW,KWT,KUWAIT
458841,VISA,CREDIT,INFINITE,AL RAJHI BANKING AND INVESTMENT CORP.,+96524954333,http://www.alrajhibank.com.sa,KW,KWT,KUWAIT
458842,VISA,CREDIT,,AL RAJHI BANKING AND INVESTMENT CORP.,+96524954333,http://www.alrajhibank.com.sa,KW,KWT,KUWAIT
458843,VISA,CREDIT,GOLD,AL RAJHI BANKING AND INVESTMENT CORP.,,http://www.alrajhibank.com.sa,KW,KWT,KUWAIT
458849,VISA,DEBIT,PREPAID PLATINUM,UAE EXCHANGE CENTRE LLC,+97142617575,http://www.uaeexchange.com,AE,ARE,UNITED ARAB EMIRATES
458860,VISA,DEBIT,PREPAID CLASSIC,FIRST ABU DHABI BANK (PJSC),,,AE,ARE,UNITED ARAB EMIRATES
458861,VISA,DEBIT,PREPAID CLASSIC,FIRST ABU DHABI BANK (PJSC),,,AE,ARE,UNITED ARAB EMIRATES
458862,VISA,DEBIT,PREPAID PLATINUM,FIRST ABU DHABI BANK (PJSC),,,AE,ARE,UNITED ARAB EMIRATES
458888,VISA,CREDIT,SIGNATURE BUSINESS,NATIONAL BANK OF BAHRAIN B. S. C.,,,BH,BHR,BAHRAIN
459005,VISA,CREDIT,,,,,AE,ARE,UNITED ARAB EMIRATES
459042,VISA,DEBIT,SIGNATURE,DUBAI ISLAMIC BANK,,http://www.alislami.ae,AE,ARE,UNITED ARAB EMIRATES
459043,VISA,CREDIT,CLASSIC,EMIRATES LEBANON BANK SAL,,,LB,LBN,LEBANON
459044,VISA,CREDIT,GOLD,EMIRATES LEBANON BANK S.A.L.,,,LB,LBN,LEBANON
459045,VISA,CREDIT,GOLD,EMIRATES LEBANON BANK SAL,,,LB,LBN,LEBANON
459046,VISA,DEBIT,CLASSIC,EMIRATES LEBANON BANK SAL,,,LB,LBN,LEBANON
459047,VISA,CREDIT,BUSINESS,STC BANK,,,SA,SAU,SAUDI ARABIA
459217,VISA,DEBIT,PLATINUM,AM BANK S.A.L.,,,LB,LBN,LEBANON
459218,VISA,DEBIT,PREPAID,CSCBANK SAL,,,LB,LBN,LEBANON
459227,VISA,CREDIT,SIGNATURE,NETWORK INTERNATIONAL LLC,,,AE,ARE,UNITED ARAB EMIRATES
459242,VISA,CREDIT,UHNW,SAMBA FINANCIAL GROUP,+9668001242000,http://www.samba.com,SA,SAU,SAUDI ARABIA
459440,VISA,DEBIT,PREPAID CLASSIC,"ISRAEL POSTAL BANK COMPANY, LTD.",,,IL,ISR,ISRAEL
459523,VISA,DEBIT,PREPAID CLASSIC,"ISRAEL POSTAL BANK COMPANY, LTD.",,,IL,ISR,ISRAEL
459544,VISA,DEBIT,PREPAID,MADFOOATCOM FOR EPAYMENTS,,,JO,JOR,JORDAN
459583,VISA,CREDIT,SIGNATURE,BANQUE SAUDI FRANSI,,http://www.alfransi.com.sa,SA,SAU,SAUDI ARABIA
459588,VISA,CREDIT,INFINITE,BANQUE SAUDI FRANSI,,http://www.alfransi.com.sa,SA,SAU,SAUDI ARABIA
459722,VISA,DEBIT,,,,,IL,ISR,ISRAEL
459744,VISA,DEBIT,,,,,IL,ISR,ISRAEL
459763,VISA,DEBIT,,,,,LB,LBN,LEBANON
459800,VISA,CREDIT,PLATINUM,BANQUE SAUDI FRANSI,,http://www.alfransi.com.sa,SA,SAU,SAUDI ARABIA
460009,VISA,DEBIT,INFINITE,FIRST IRAQI ISLAMIC BANK FOR INVESTMENT AND FINANCE,,,IQ,IRQ,IRAQ
460012,VISA,DEBIT,PLATINUM,STANDARD CHARTERED BANK,+96824773535,https://www.sc.com,OM,OMN,OMAN
460014,VISA,DEBIT,GOLD,ARAB AFRICAN INTERNATIONAL BANK,+20224886679,http://www.aaib.com,EG,EGY,EGYPT
460025,VISA,DEBIT,PREPAID CLASSIC,INTERNATIONAL NETWORK FOR CARDS AND DIGITAL PAYMENT SERVICES,,,IQ,IRQ,IRAQ
460029,VISA,DEBIT,PREPAID CLASSIC,BLOM BANK S.A.L.,,http://www.blom.com.lb,JO,JOR,JORDAN
460030,VISA,CREDIT,PLATINUM,MASHREQ BANK,+97143632250,http://www.mashreqbank.com,AE,ARE,UNITED ARAB EMIRATES
460031,VISA,CREDIT,PLATINUM,MASHREQBANK,+97143632250,http://www.mashreqbank.com,AE,ARE,UNITED ARAB EMIRATES
460033,VISA,DEBIT,PREPAID CLASSIC,CEDRUS BANK SAL,,,LB,LBN,LEBANON
460041,VISA,DEBIT,PLATINUM,STANDARD CHARTERED BANK,+97317531532,https://www.sc.com,BH,BHR,BAHRAIN
460060,VISA,CREDIT,PLATINUM,CEDRUS BANK SAL,,,LB,LBN,LEBANON
460075,VISA,DEBIT,CLASSIC,BANK OF BAGHDAD,,http://www.bankofbaghdad.org,IQ,IRQ,IRAQ
460081,VISA,DEBIT,PREPAID CLASSIC,CSCBANK SAL,,,LB,LBN,LEBANON
460093,VISA,DEBIT,PREPAID PLATINUM,FIRST ABU DHABI BANK (PJSC),,,AE,ARE,UNITED ARAB EMIRATES
460120,VISA,CREDIT,INFINITE,AL RAJHI BANKING AND INVESTMENT CORP.,4433 92 000 + 966 OR 33 334 601 +966,http://www.alrajhibank.com.sa,SA,SAU,SAUDI ARABIA
460121,VISA,CREDIT,SIGNATURE,AL RAJHI BANKING AND INVESTMENT CORP.,4433 92 000 + 966 OR 33 334 601 +966,http://www.alrajhibank.com.sa,SA,SAU,SAUDI ARABIA
460135,VISA,DEBIT,PREPAID PLATINUM,FIRST ABU DHABI BANK (PJSC),,,AE,ARE,UNITED ARAB EMIRATES
460191,VISA,DEBIT,PREPAID CLASSIC,AL RAJHI BANKING AND INVESTMENT CORP.,4433 92 000 + 966 OR 33 334 601 +966,http://www.alrajhibank.com.sa,SA,SAU,SAUDI ARABIA
460229,VISA,DEBIT,PREPAID PLATINUM,BANKMED SAL,,,AE,ARE,UNITED ARAB EMIRATES
460274,VISA,CREDIT,SIGNATURE,THE GULF BANK K.S.C.,,,KW,KWT,KUWAIT
460333,VISA,DEBIT,PLATINUM,AUDI SARADAR PRIVATE BANK S.A.L.,+9611205400,http://www.audisaradarpb.com,LB,LBN,LEBANON
460337,VISA,DEBIT,PREPAID CLASSIC,CREDIT AGRICOLE EGYPT S.A.E.,+20952381002,http://www.ca-egypt.com,EG,EGY,EGYPT
460352,VISA,DEBIT,PREPAID CLASSIC,AGRICULTURAL BANK OF EGYPT (ABE),,,EG,EGY,EGYPT
460382,VISA,DEBIT,PREPAID CLASSIC,"YANA COMPANY FOR BANKING AND ELECTRONIC SERVICES, LTD.",,,IQ,IRQ,IRAQ
460384,VISA,DEBIT,PREPAID CLASSIC,ISHTAR GATE FOR E-PAYMENT SYSTEMS AND SERVICES (PRIVATE SHAREHOLDING,,,IQ,IRQ,IRAQ
460412,VISA,DEBIT,PREPAID CLASSIC,ARAB PAYMENT SERVICES,,,IQ,IRQ,IRAQ
460415,VISA,CREDIT,BUSINESS ENHANCED,INTERNATIONAL NETWORK FOR CARDS AND DIGITAL PAYMENT SERVICES,,,IQ,IRQ,IRAQ
460466,VISA,CREDIT,PURCHASING,OMAN ARAB BANK SAO,(800) 860-9227,,OM,OMN,OMAN
460468,VISA,DEBIT,PREPAID CLASSIC,ALIZZ ISLAMIC BANK (S.A.O.C),,,OM,OMN,OMAN
460502,VISA,DEBIT,PREPAID PLATINUM,FIRST ABU DHABI BANK (PJSC),,,AE,ARE,UNITED ARAB EMIRATES
460504,VISA,DEBIT,PREPAID PLATINUM,FIRST ABU DHABI BANK (PJSC),,,AE,ARE,UNITED ARAB EMIRATES
460512,VISA,DEBIT,PREPAID PLATINUM,FIRST ABU DHABI BANK (PJSC),,,AE,ARE,UNITED ARAB EMIRATES
460761,VISA,DEBIT,PREPAID PLATINUM,FIRST ABU DHABI BANK (PJSC),,,AE,ARE,UNITED ARAB EMIRATES
461062,VISA,CREDIT,INFINITE,FIRST ABU DHABI BANK (PJSC),,,AE,ARE,UNITED ARAB EMIRATES
461120,VISA,DEBIT,,SOCIETE GENERALE DE BANQUE AU LIBAN S.A.L (SGBL),1274477777,http://www.sgbl.com.lb,LB,LBN,LEBANON
461141,VISA,CREDIT,PLATINUM,ARAB BANKING CORPORATION (JORDAN),,http://www.arabbanking.com,JO,JOR,JORDAN
461210,VISA,CREDIT,INFINITE,CAPITAL BANK OF JORDAN PLC. CO.,,,JO,JOR,JORDAN
461251,VISA,CREDIT,CLASSIC,SHARJAH ISLAMIC BANK,,http://www.sib.ae,AE,ARE,UNITED ARAB EMIRATES
461252,VISA,CREDIT,GOLD,SHARJAH ISLAMIC BANK,,http://www.sib.ae,AE,ARE,UNITED ARAB EMIRATES
461253,VISA,DEBIT,ELECTRON,SHARJAH ISLAMIC BANK,+97165999999,http://www.sib.ae,AE,ARE,UNITED ARAB EMIRATES
461261,VISA,CREDIT,SIGNATURE,FIRST ABU DHABI BANK (PJSC),,,AE,ARE,UNITED ARAB EMIRATES
461280,VISA,CREDIT,SIGNATURE,BANKMUSCAT (SAOG),,,OM,OMN,OMAN
461341,VISA,DEBIT,PREPAID CLASSIC,TRADE BANK OF IRAQ,+96415433561,http://www.tbiraq.com,IQ,IRQ,IRAQ
461583,VISA,DEBIT,,,,,EG,EGY,EGYPT
461645,VISA,CREDIT,INFINITE,INVEST BANK PLC,58 (212) 92 98 31,http://www.investbank.jo,JO,JOR,JORDAN
461653,VISA,CREDIT,PLATINUM,INVEST BANK PLC,58 (212) 92 98 31,http://www.investbank.jo,JO,JOR,JORDAN
461665,VISA,CREDIT,GOLD,STANDARD CHARTERED BANK,+9614542474,https://www.sc.com,LB,LBN,LEBANON
461666,VISA,CREDIT,CLASSIC,STANDARD CHARTERED BANK,+9614542474,https://www.sc.com,LB,LBN,LEBANON
461667,VISA,CREDIT,CLASSIC,STANDARD CHARTERED BANK,+9614542474,https://www.sc.com,LB,LBN,LEBANON
461668,VISA,CREDIT,PLATINUM,INVEST BANK PLC,58 (212) 92 98 31,http://www.investbank.jo,JO,JOR,JORDAN
461682,VISA,CREDIT,SIGNATURE,THE NATIONAL BANK,,,PS,PSE,"PALESTINIAN TERRITORY, OCCUPIED"
461687,VISA,DEBIT,PREPAID CLASSIC,MIDDLE EAST PAYMENT SERVICES CO.,,,JO,JOR,JORDAN
461777,VISA,DEBIT,PREPAID PLATINUM,SAUDI AWWAL BANK,,,SA,SAU,SAUDI ARABIA
461781,VISA,DEBIT,INFINITE,EMIRATES NBD BANK (P.J.S.C.),+971800456,http://www.emiratesnbd.com,AE,ARE,UNITED ARAB EMIRATES
462018,VISA,CREDIT,PLATINUM,BLOM BANK S.A.L.,(961-1) 738938 - 743300 OR (961-1) 372780 - 370830 - 373102,http://www.blom.com.lb,LB,LBN,LEBANON
462035,VISA,CREDIT,CORPORATE T&E,"DOHA BANK, LTD.",,,QA,QAT,QATAR
462071,VISA,DEBIT,PLATINUM,UNITED ARAB BANK,+97165195115,http://www.uab.ae,AE,ARE,UNITED ARAB EMIRATES
462072,VISA,CREDIT,SIGNATURE,NETWORK INTERNATIONAL LLC,,,AE,ARE,UNITED ARAB EMIRATES
462160,VISA,DEBIT,PREPAID,,,,EG,EGY,EGYPT
462174,VISA,DEBIT,GOLD,,,,EG,EGY,EGYPT
462177,VISA,DEBIT,INFINITE,,,,EG,EGY,EGYPT
462209,VISA,CREDIT,SIGNATURE,FIRST ABU DHABI BANK (PJSC),,,AE,ARE,UNITED ARAB EMIRATES
462210,VISA,CREDIT,INFINITE,FIRST ABU DHABI BANK (PJSC),,,AE,ARE,UNITED ARAB EMIRATES
462211,VISA,CREDIT,PLATINUM,BLOM BANK S.A.L.,(961-1) 738938 - 743300 OR (961-1) 372780 - 370830 - 373102,http://www.blom.com.lb,LB,LBN,LEBANON
462212,VISA,CREDIT,PLATINUM,BLOM BANK S.A.L.,(961-1) 738938 - 743300 OR (961-1) 372780 - 370830 - 373102,http://www.blom.com.lb,LB,LBN,LEBANON
462214,VISA,CREDIT,SIGNATURE,BANQUE LIBANO-FRANCAISE SAL,,,LB,LBN,LEBANON
462215,VISA,CREDIT,PLATINUM,BANQUE LIBANO-FRANCAISE SAL,,,LB,LBN,LEBANON
462220,VISA,DEBIT,SIGNATURE,AL RAJHI BANKING AND INVESTMENT CORP.,4433 92 000 + 966 OR 33 334 601 +966,http://www.alrajhibank.com.sa,SA,SAU,SAUDI ARABIA
462422,VISA,CREDIT,INFINITE,NATIONAL BANK OF IRAQ,,,IQ,IRQ,IRAQ
462463,VISA,CREDIT,PLATINUM,DUBAI ISLAMIC BANK,,http://www.alislami.ae,AE,ARE,UNITED ARAB EMIRATES
462467,VISA,CREDIT,INFINITE,DUBAI ISLAMIC BANK,,http://www.alislami.ae,AE,ARE,UNITED ARAB EMIRATES
462479,VISA,CREDIT,SIGNATURE,DUBAI ISLAMIC BANK,,http://www.alislami.ae,AE,ARE,UNITED ARAB EMIRATES
462782,VISA,CREDIT,PLATINUM,MASHREQBANK,,http://www.mashreqbank.com,AE,ARE,UNITED ARAB EMIRATES
462824,VISA,CREDIT,SIGNATURE,ALAHLI BANK OF KUWAIT (K.S.C.),+96524341788,http://www.eahli.com,KW,KWT,KUWAIT
463470,VISA,DEBIT,PLATINUM,BANQUE LIBANO-FRANCAISE SAL,,,LB,LBN,LEBANON
463615,VISA,CREDIT,SIGNATURE,FIRST ABU DHABI BANK (PJSC),,,AE,ARE,UNITED ARAB EMIRATES
463616,VISA,CREDIT,INFINITE,FIRST ABU DHABI BANK (PJSC),,,AE,ARE,UNITED ARAB EMIRATES
463620,VISA,DEBIT,PREPAID CLASSIC,IRAQ ELECTRONIC GATE FOR FINANCIAL SERVICES CO. LTD.,,,IQ,IRQ,IRAQ
463637,VISA,CREDIT,CLASSIC,PALESTINE ISLAMIC BANK,,,PS,PSE,"PALESTINIAN TERRITORY, OCCUPIED"
463638,VISA,CREDIT,GOLD,PALESTINE ISLAMIC BANK,,,PS,PSE,"PALESTINIAN TERRITORY, OCCUPIED"
463639,VISA,DEBIT,CLASSIC,PALESTINE ISLAMIC BANK,,,PS,PSE,"PALESTINIAN TERRITORY, OCCUPIED"
463727,VISA,CREDIT,,"STANDARD CHARTERED GRINDLAYS BANK, LTD.",+971600522288,http://www.standardchartered.ae,AE,ARE,UNITED ARAB EMIRATES
463834,VISA,CREDIT,BUSINESS,DUBAI ISLAMIC BANK,,http://www.alislami.ae,AE,ARE,UNITED ARAB EMIRATES
463869,VISA,DEBIT,INFINITE,BANQUE SAUDI FRANSI,966 1 289 9999 OR 966 1 874 4000,http://www.alfransi.com.sa,SA,SAU,SAUDI ARABIA
463898,VISA,DEBIT,CLASSIC,KURDISTAN INTERNATIONAL ISLAMIC BANK FOR INVESTMENT AND DEVELOPMENT,,,IQ,IRQ,IRAQ
463941,VISA,CREDIT,SIGNATURE BUSINESS,BANKMUSCAT (SAOG),,,OM,OMN,OMAN
463952,VISA,CREDIT,CORPORATE T&E,BANKMUSCAT (SAOG),,,OM,OMN,OMAN
463966,VISA,DEBIT,PURCHASING,QATAR NATIONAL BANK AL AHLI S.A.E.,,,EG,EGY,EGYPT
463968,VISA,DEBIT,PREPAID,QATAR NATIONAL BANK AL AHLI S.A.E.,,,EG,EGY,EGYPT
464084,VISA,CREDIT,PLATINUM,NATIONAL BANK OF BAHRAIN B. S. C.,,,BH,BHR,BAHRAIN
464099,VISA,CREDIT,GOLD,FIRST ABU DHABI BANK PJSC,+971600525500,https://www.bankfab.com,AE,ARE,UNITED ARAB EMIRATES
464100,VISA,CREDIT,PLATINUM,FIRST ABU DHABI BANK PJSC,+971600525500,https://www.bankfab.com,AE,ARE,UNITED ARAB EMIRATES
464101,VISA,CREDIT,INFINITE,FIRST ABU DHABI BANK PJSC,+971600525500,https://www.bankfab.com,AE,ARE,UNITED ARAB EMIRATES
464120,VISA,DEBIT,CLASSIC,CSCBANK SAL,,,LB,LBN,LEBANON
464121,VISA,CREDIT,SIGNATURE,BYBLOS BANK SAL,,,LB,LBN,LEBANON
464123,VISA,DEBIT,BUSINESS ENHANCED,NATIONAL BANK OF FUJAIRAH,,,AE,ARE,UNITED ARAB EMIRATES
464124,VISA,CREDIT,BUSINESS ENHANCED,CREDIT CARD SERVICE COMPANY JORDAN LTD.,,,JO,JOR,JORDAN
464135,VISA,DEBIT,PREPAID,,,,AE,ARE,UNITED ARAB EMIRATES
464156,VISA,DEBIT,CLASSIC,SOHAR INTERNATIONAL BANK (S.A.O.G),,,OM,OMN,OMAN
464157,VISA,DEBIT,PLATINUM,SOHAR INTERNATIONAL BANK (S.A.O.G),,,OM,OMN,OMAN
464159,VISA,CREDIT,SIGNATURE,QATAR ISLAMIC BANK (S.A.Q.),+97444385555,,QA,QAT,QATAR
464175,VISA,DEBIT,SIGNATURE,BANKMUSCAT (SAOG),,,OM,OMN,OMAN
464238,VISA,DEBIT,CLASSIC,COMMERCIAL BANK OF QATAR (Q.S.C.),+97444490000,http://www.cbq.com.qa,QA,QAT,QATAR
464315,VISA,CREDIT,PLATINUM,GULF INTERNATIONAL BANK B.S.C.,,,BH,BHR,BAHRAIN
464400,VISA,DEBIT,PREPAID PLATINUM,QATAR ISLAMIC BANK (S.A.Q.),,,QA,QAT,QATAR
464401,VISA,CREDIT,CLASSIC,BANKMED SAL,,,LB,LBN,LEBANON
464402,VISA,CREDIT,BUSINESS,BANKMED SAL,,,LB,LBN,LEBANON
464403,VISA,CREDIT,GOLD,BANKMED SAL,,,LB,LBN,LEBANON
464418,VISA,CREDIT,GOLD,BANKMED S.A.L.,+9611708090,http://www.bankmed.com.lb,LB,LBN,LEBANON
464421,VISA,CREDIT,PLATINUM,"DOHA BANK, LTD.",,,QA,QAT,QATAR
464423,VISA,CREDIT,SIGNATURE,"DOHA BANK, LTD.",,,QA,QAT,QATAR
464425,VISA,CREDIT,CLASSIC,BANK DHOFAR (S.A.O.G.),+96824791111 / +96824790466,http://www.bankdhofar.com,OM,OMN,OMAN
464426,VISA,DEBIT,CLASSIC,BANK DHOFAR (S.A.O.G.),,http://www.bankdhofar.com,OM,OMN,OMAN
464427,VISA,CREDIT,GOLD,BANK DHOFAR (S.A.O.G.),+96824791111 / +96824790466,http://www.bankdhofar.com,OM,OMN,OMAN
464429,VISA,DEBIT,GOLD,WEDGE BANK MIDDLE EAST S.A.L,+9611201182,,LB,LBN,LEBANON
464430,VISA,DEBIT,CLASSIC,WEDGE BANK MIDDLE EAST S.A.L,+9611201182,,LB,LBN,LEBANON
464452,VISA,DEBIT,PLATINUM,"NATIONAL BANK OF KUWAIT, S.A.K.",+96522422011,http://www.nbk.com,KW,KWT,KUWAIT
464470,VISA,CREDIT,CLASSIC,DOHA BANK Q.S.C.,+97444456000,http://www.dohabank.com.qa,QA,QAT,QATAR
464471,VISA,CREDIT,GOLD,DOHA BANK Q.S.C.,+97444456000,http://www.dohabank.com.qa,QA,QAT,QATAR
464480,VISA,CREDIT,CLASSIC,EGYPTIAN GULF BANK,+20233368359,http://www.egbbank.com.eg,EG,EGY,EGYPT
464481,VISA,CREDIT,GOLD,EGYPTIAN GULF BANK,+20233368359,http://www.egbbank.com.eg,EG,EGY,EGYPT
464493,VISA,CREDIT,PLATINUM,BANKMED SAL,,,LB,LBN,LEBANON
464499,VISA,CREDIT,PLATINUM,BANKMED SAL,,,LB,LBN,LEBANON
464518,VISA,DEBIT,SIGNATURE,CREDIT LIBANAIS S.A.L.,+9611900111,http://www.creditlibanais.com.lb,LB,LBN,LEBANON
464619,VISA,CREDIT,CLASSIC,BANQUE MISR,+20223912150,http://www.banquemisr.com,EG,EGY,EGYPT
464698,VISA,DEBIT,CLASSIC,SARADAR BANK SAL,,,LB,LBN,LEBANON
464813,VISA,DEBIT,PREPAID CLASSIC,BANK AL ETIHAD,,,JO,JOR,JORDAN
464814,VISA,DEBIT,PREPAID CLASSIC,BANK AL ETIHAD,,,JO,JOR,JORDAN
464841,VISA,CREDIT,PLATINUM,,,,LB,LBN,LEBANON
464849,VISA,CREDIT,INFINITE,FIRST ABU DHABI BANK (PJSC),,,AE,ARE,UNITED ARAB EMIRATES
464850,VISA,CREDIT,PLATINUM,FIRST ABU DHABI BANK PJSC,+971600525500,https://www.bankfab.com,AE,ARE,UNITED ARAB EMIRATES
464986,VISA,DEBIT,CLASSIC,DUBAI ISLAMIC BANK,,http://www.alislami.ae,AE,ARE,UNITED ARAB EMIRATES
465000,VISA,CREDIT,BUSINESS,BANKMUSCAT (SAOG),,,OM,OMN,OMAN
465001,VISA,CREDIT,BUSINESS,BANKMUSCAT (SAOG),,,OM,OMN,OMAN
465002,VISA,DEBIT,SIGNATURE,QATAR INTERNATIONAL ISLAMIC BANK,,http://www.qiib.com.qa,QA,QAT,QATAR
465154,VISA,CREDIT,PLATINUM,THE SAUDI NATIONAL BANK,,,SA,SAU,SAUDI ARABIA
465202,VISA,CREDIT,ULTRA HIGH NET WORTH,QATAR ISLAMIC BANK (S.A.Q.),,,QA,QAT,QATAR
465212,VISA,CREDIT,,,,,LB,LBN,LEBANON
465219,VISA,CREDIT,,LEBANON AND GULF BANK SAL,+9611965000,http://www.lgbbank.com,LB,LBN,LEBANON
465222,VISA,DEBIT,CLASSIC,BANQUE LIBANO-FRANCAISE SAL,,,LB,LBN,LEBANON
465223,VISA,DEBIT,PLATINUM,BBAC S.A.L,,http://www.bbacbank.com,LB,LBN,LEBANON
465224,VISA,CREDIT,,BBAC S.A.L,+9614727747,http://www.bbacbank.com,LB,LBN,LEBANON
465230,VISA,CREDIT,CORPORATE T&E,NYMCARD PAYMENT SERVICES L.L.C.,,,AE,ARE,UNITED ARAB EMIRATES
465231,VISA,CREDIT,CORPORATE T&E,NYMCARD PAYMENT SERVICES L.L.C.,,,AE,ARE,UNITED ARAB EMIRATES
465244,VISA,CREDIT,PLATINUM,BBAC S.A.L,,http://www.bbacbank.com,LB,LBN,LEBANON
465254,VISA,CREDIT,CLASSIC,AL RAJHI BANKING AND INVESTMENT CORP.,4433 92 000 + 966 OR 33 334 601 +966,http://www.alrajhibank.com.sa,SA,SAU,SAUDI ARABIA
465257,VISA,DEBIT,PREPAID PLATINUM,AL RAJHI BANKING AND INVESTMENT CORP.,4433 92 000 + 966 OR 33 334 601 +966,http://www.alrajhibank.com.sa,SA,SAU,SAUDI ARABIA
465259,VISA,CREDIT,PLATINUM,AL RAJHI BANKING AND INVESTMENT CORP.,4433 92 000 + 966 OR 33 334 601 +966,http://www.alrajhibank.com.sa,SA,SAU,SAUDI ARABIA
465260,VISA,CREDIT,CLASSIC,AL RAJHI BANKING AND INVESTMENT CORP.,4433 92 000 + 966 OR 33 334 601 +966,http://www.alrajhibank.com.sa,SA,SAU,SAUDI ARABIA
465270,VISA,DEBIT,PREPAID,NOOR BANK PJSC,,,AE,ARE,UNITED ARAB EMIRATES
465271,VISA,CREDIT,CLASSIC,BBAC S.A.L,+9614727747,http://www.bbacbank.com,LB,LBN,LEBANON
465275,VISA,CREDIT,PLATINUM,EMIRATES NBD BANK (P.J.S.C.),+971800456,http://www.emiratesnbd.com,AE,ARE,UNITED ARAB EMIRATES
465282,VISA,CREDIT,INFINITE,BBAC S.A.L,+9614727747,http://www.bbacbank.com,LB,LBN,LEBANON
465561,VISA,DEBIT,PLATINUM,BLOM BANK S.A.L.,(961-1) 738938 - 743300 OR (961-1) 372780 - 370830 - 373102,http://www.blom.com.lb,LB,LBN,LEBANON
465566,VISA,DEBIT,ELECTRON,BANQUE MISR,+20223912150,http://www.banquemisr.com,EG,EGY,EGYPT
465578,VISA,DEBIT,PLATINUM,ARAB AFRICAN INTERNATIONAL BANK,+20224886679,http://www.aaib.com,EG,EGY,EGYPT
465727,VISA,CREDIT,PLATINUM,ARAB INTERNATIONAL BANK,,http://www.aib.com.eg,EG,EGY,EGYPT
465731,VISA,DEBIT,ELECTRON,,,,SA,SAU,SAUDI ARABIA
465961,VISA,CREDIT,SIGNATURE,RIYAD BANK,,http://www.riyadbank.com,SA,SAU,SAUDI ARABIA
465976,VISA,CREDIT,GOLD,BANK OF PALESTINE PLC,+97022965010,http://www.bankofpalestine.com,PS,PSE,"PALESTINIAN TERRITORY, OCCUPIED"
465977,VISA,CREDIT,CLASSIC,BANK OF PALESTINE PLC,+97022965010,http://www.bankofpalestine.com,PS,PSE,"PALESTINIAN TERRITORY, OCCUPIED"
466133,VISA,CREDIT,SIGNATURE,ABU DHABI ISLAMIC BANK,+97126100600,http://www.adib.ae,AE,ARE,UNITED ARAB EMIRATES
466155,VISA,CREDIT,SIGNATURE,DOHA BANK UAE,,,AE,ARE,UNITED ARAB EMIRATES
466402,VISA,DEBIT,,,,,EG,EGY,EGYPT
466432,VISA,CREDIT,,,,,IL,ISR,ISRAEL
466507,VISA,CREDIT,PLATINUM,AHLI UNITED BANK B.S.C.,+97317710559,http://www.ahliunited.com,BH,BHR,BAHRAIN
466515,VISA,CREDIT,PLATINUM,ARAB NATIONAL BANK,,,SA,SAU,SAUDI ARABIA
466516,VISA,CREDIT,PLATINUM,AHLI UNITED BANK B.S.C.,+97317710559,http://www.ahliunited.com,BH,BHR,BAHRAIN
466593,VISA,DEBIT,PREPAID PURCHASING,INFINIOS FINANCIAL SERVICES B.S.C.(C),,,BH,BHR,BAHRAIN
466719,VISA,CREDIT,PLATINUM,KUWAIT FINANCE HOUSE,+9651803333,http://www.kfh.com,KW,KWT,KUWAIT
466787,VISA,CREDIT,PLATINUM,"ISRACARD, LTD.",,,IL,ISR,ISRAEL
466788,VISA,DEBIT,CLASSIC,"ISRACARD, LTD.",,,IL,ISR,ISRAEL
466791,VISA,CREDIT,CLASSIC,BANK LEUMI LE-ISRAEL B.M.,,http://english.leumi.co.il,IL,ISR,ISRAEL
466797,VISA,DEBIT,PLATINUM,BOUBYAN BANK,,,KW,KWT,KUWAIT
466798,VISA,DEBIT,CLASSIC,CREDIT LIBANAIS S.A.L.,+9611900111,http://www.creditlibanais.com.lb,LB,LBN,LEBANON
466799,VISA,CREDIT,BUSINESS ENHANCED,NATIONAL BANK OF KUWAIT (S.A.K.),,,KW,KWT,KUWAIT
466832,VISA,CREDIT,,,,,SA,SAU,SAUDI ARABIA
466968,VISA,CREDIT,,,,,KW,KWT,KUWAIT
467013,VISA,CREDIT,SIGNATURE,BURGAN BANK (S.A.K.),,,KW,KWT,KUWAIT
467014,VISA,DEBIT,CLASSIC,BURGAN BANK (S.A.K.),,,KW,KWT,KUWAIT
467063,VISA,CREDIT,INFINITE,ALIZZ ISLAMIC BANK (S.A.O.C),,,OM,OMN,OMAN
467323,VISA,CREDIT,PLATINUM,AL RAJHI BANKING AND INVESTMENT CORP.,,http://www.alrajhibank.com.sa,SA,SAU,SAUDI ARABIA
467362,VISA,DEBIT,CLASSIC,BANK DHOFAR (S.A.O.G.),+96824791111 / +96824790466,http://www.bankdhofar.com,OM,OMN,OMAN
467512,VISA,CREDIT,SIGNATURE,CAPITAL BANK OF JORDAN PLC. CO.,,,JO,JOR,JORDAN
467513,VISA,DEBIT,PREPAID PLATINUM,QATAR ISLAMIC BANK (S.A.Q.),+97444385555,,QA,QAT,QATAR
467738,VISA,DEBIT,PREPAID,NATIONAL BANK OF KUWAIT - EGYPT (S.A.E.),19336,https://www.nbk.com,EG,EGY,EGYPT
467744,VISA,CREDIT,SIGNATURE,EMIRATES NBD BANK (P.J.S.C.),+971800456,http://www.emiratesnbd.com,AE,ARE,UNITED ARAB EMIRATES
467745,VISA,CREDIT,INFINITE,EMIRATES NBD BANK (P.J.S.C.),+971800456,http://www.emiratesnbd.com,AE,ARE,UNITED ARAB EMIRATES
467895,VISA,DEBIT,PREPAID CLASSIC,MASRAF AL RAYAN,+97444253333,http://www.alrayan.com,QA,QAT,QATAR
467903,VISA,CREDIT,GOLD,LEBANON AND GULF BANK SAL,+9611965000,http://www.lgbbank.com,LB,LBN,LEBANON
468226,VISA,DEBIT,BUSINESS,ABU DHABI ISLAMIC BANK,,http://www.adib.ae,IQ,IRQ,IRAQ
468492,VISA,DEBIT,PREPAID BUSINESS,MASHREQBANK,+97143632250,http://www.mashreqbank.com,AE,ARE,UNITED ARAB EMIRATES
468502,VISA,CREDIT,SIGNATURE,BURGAN BANK (S.A.K.),,,KW,KWT,KUWAIT
468509,VISA,CREDIT,GOLD,"ISRACARD, LTD.",,,IL,ISR,ISRAEL
468540,VISA,DEBIT,CLASSIC,AL BILAD BANK,9662918884,http://www.bankalbilad.com,SA,SAU,SAUDI ARABIA
468541,VISA,DEBIT,CLASSIC,AL BILAD BANK,9662918884,http://www.bankalbilad.com,SA,SAU,SAUDI ARABIA
468542,VISA,DEBIT,INFINITE,AL BILAD BANK,9662918884,http://www.bankalbilad.com,SA,SAU,SAUDI ARABIA
468543,VISA,DEBIT,PLATINUM,AL BILAD BANK,9662918884,http://www.bankalbilad.com,SA,SAU,SAUDI ARABIA
468546,VISA,CREDIT,CLASSIC,AHLI UNITED BANK B.S.C.,+97317710559,http://www.ahliunited.com,BH,BHR,BAHRAIN
468547,VISA,CREDIT,GOLD,AHLI UNITED BANK B.S.C.,+97317710559,http://www.ahliunited.com,BH,BHR,BAHRAIN
468548,VISA,DEBIT,PLATINUM,BYBLOS BANK SAL,,,LB,LBN,LEBANON
468554,VISA,CREDIT,INFINITE,NATIONAL BANK OF OMAN LTD. (S.A.O.G.),,,OM,OMN,OMAN
468564,VISA,DEBIT,SIGNATURE,BURGAN BANK (S.A.K.),,,KW,KWT,KUWAIT
468584,VISA,DEBIT,CLASSIC,BANK OF BARODA,,https://www.bankofbaroda.in,AE,ARE,UNITED ARAB EMIRATES
468585,VISA,DEBIT,GOLD,BANK OF BARODA,,https://www.bankofbaroda.in,AE,ARE,UNITED ARAB EMIRATES
468660,VISA,CREDIT,,,,,SA,SAU,SAUDI ARABIA
468974,VISA,DEBIT,PREPAID CLASSIC,COMMERCIAL BANK OF DUBAI(PSC),,,AE,ARE,UNITED ARAB EMIRATES
469361,VISA,CREDIT,CORPORATE T&E,"CITIBANK, NATIONAL ASSOCIATION",,,EG,EGY,EGYPT
469398,VISA,CREDIT,INFINITE,BLOM BANK S.A.L.,,http://www.blom.com.lb,LB,LBN,LEBANON
469399,VISA,CREDIT,INFINITE,QATAR NATIONAL BANK (Q.P.S.C.),,,QA,QAT,QATAR
469515,VISA,CREDIT,GOLD,BANK OF BEIRUT S.A.L.,961 1 972972 983999,http://www.bankofbeirut.com,LB,LBN,LEBANON
469532,VISA,CREDIT,REWARDS,BANK OF BEIRUT SAL,,,LB,LBN,LEBANON
469578,VISA,CREDIT,GOLD,ARAB BANKING CORPORATION - EGYPT,,http://www.arabbanking.com,EG,EGY,EGYPT
469579,VISA,CREDIT,CLASSIC,ARAB BANKING CORPORATION - EGYPT,,http://www.arabbanking.com,EG,EGY,EGYPT
469580,VISA,CREDIT,PLATINUM,ARAB BANKING CORPORATION - EGYPT,,http://www.arabbanking.com,EG,EGY,EGYPT
469581,VISA,CREDIT,REWARDS,BANK OF BEIRUT SAL,,,LB,LBN,LEBANON
469582,VISA,CREDIT,REWARDS,BANK OF BEIRUT SAL,,,LB,LBN,LEBANON
469616,VISA,CREDIT,,SAUDI INVESTMENT BANK,,,SA,SAU,SAUDI ARABIA
469679,VISA,DEBIT,PREPAID CORPORATE T&E,MAJID AL FUTTAIM FINANCE,,,AE,ARE,UNITED ARAB EMIRATES
469680,VISA,CREDIT,PLATINUM,ARAB AFRICAN INTERNATIONAL BANK,+20224886679,http://www.aaib.com,EG,EGY,EGYPT
470166,VISA,CREDIT,PLATINUM,THE NATIONAL BANK OF RAS AL-KHAIMAH,,,AE,ARE,UNITED ARAB EMIRATES
470330,VISA,DEBIT,CLASSIC,NATIONAL BANK OF FUJAIRAH,,,AE,ARE,UNITED ARAB EMIRATES
470347,VISA,CREDIT,PLATINUM,STANDARD CHARTERED BANK,+971600522288,https://www.sc.com,AE,ARE,UNITED ARAB EMIRATES
470350,VISA,DEBIT,REWARDS,BOUBYAN BANK K.S.C.,,,KW,KWT,KUWAIT
470351,VISA,CREDIT,PLATINUM,BLOM BANK S.A.L.,(961-1) 738938 - 743300 OR (961-1) 372780 - 370830 - 373102,http://www.blom.com.lb,LB,LBN,LEBANON
470363,VISA,CREDIT,INFINITE,CREDIT AGRICOLE EGYPT S.A.E.,+20952381002,http://www.ca-egypt.com,EG,EGY,EGYPT
470371,VISA,DEBIT,CLASSIC,QATAR NATIONAL BANK S.A.E,,,EG,EGY,EGYPT
470395,VISA,CREDIT,BUSINESS,CAPITAL BANK OF JORDAN PLC. CO.,,,JO,JOR,JORDAN
470465,VISA,CREDIT,CLASSIC,AL RAJHI BANKING AND INVESTMENT CORP.,,http://www.alrajhibank.com.sa,JO,JOR,JORDAN
470466,VISA,CREDIT,GOLD,AL RAJHI BANKING AND INVESTMENT CORP.,,http://www.alrajhibank.com.sa,JO,JOR,JORDAN
470467,VISA,CREDIT,PLATINUM,AL RAJHI BANKING AND INVESTMENT CORP.,,http://www.alrajhibank.com.sa,JO,JOR,JORDAN
470468,VISA,DEBIT,CLASSIC,AL RAJHI BANKING AND INVESTMENT CORP.,,http://www.alrajhibank.com.sa,JO,JOR,JORDAN
470478,VISA,DEBIT,PREPAID CLASSIC,AL RAJHI BANKING AND INVESTMENT CORP.,,http://www.alrajhibank.com.sa,JO,JOR,JORDAN
470599,VISA,CREDIT,GOLD,NATIONAL BANK OF EGYPT,,http://www.nbe.com.eg,EG,EGY,EGYPT
470642,VISA,CREDIT,PLATINUM,COMMERCIAL BANK INTERNATIONAL PLC,,,AE,ARE,UNITED ARAB EMIRATES
470643,VISA,CREDIT,,COMMERCIAL BANK INTERNATIONAL PLC,,,AE,ARE,UNITED ARAB EMIRATES
470647,VISA,CREDIT,CLASSIC,EGYPTIAN ARAB LAND BANK,2023383691,https://www.eal-bank.com,JO,JOR,JORDAN
470648,VISA,CREDIT,GOLD,EGYPTIAN ARAB LAND BANK,2023383691,https://www.eal-bank.com,JO,JOR,JORDAN
470649,VISA,DEBIT,CLASSIC,EGYPTIAN ARAB LAND BANK,2023383691,https://www.eal-bank.com,JO,JOR,JORDAN
470685,VISA,CREDIT,,FIRST ABU DHABI BANK PJSC,+971600525500,https://www.bankfab.com,AE,ARE,UNITED ARAB EMIRATES
470693,VISA,CREDIT,CLASSIC,BLOM BANK EGYPT,33039825- 33029951,http://www.blombankegypt.com,EG,EGY,EGYPT
470694,VISA,CREDIT,GOLD,BLOM BANK EGYPT,33039825- 33029951,http://www.blombankegypt.com,EG,EGY,EGYPT
470695,VISA,CREDIT,PLATINUM,BLOM BANK EGYPT,33039825- 33029951,http://www.blombankegypt.com,EG,EGY,EGYPT
470696,VISA,DEBIT,CLASSIC,BLOM BANK EGYPT,33039825- 33029951,http://www.blombankegypt.com,EG,EGY,EGYPT
470697,VISA,CREDIT,,BLOM BANK EGYPT,33039825- 33029951,http://www.blombankegypt.com,EG,EGY,EGYPT
470915,VISA,DEBIT,PREPAID CLASSIC,NEOCASH FOR PAYMENT SERVICES,,,PS,PSE,"PALESTINE, STATE OF"
470965,VISA,DEBIT,PREPAID PLATINUM,BURGAN BANK (S.A.K.),,,KW,KWT,KUWAIT
471079,VISA,CREDIT,,,,,EG,EGY,EGYPT
471258,VISA,DEBIT,PLATINUM,QATAR INTERNATIONAL ISLAMIC BANK,,http://www.qiib.com.qa,QA,QAT,QATAR
471259,VISA,CREDIT,PLATINUM,QATAR INTERNATIONAL ISLAMIC BANK,,http://www.qiib.com.qa,QA,QAT,QATAR
471260,VISA,CREDIT,SIGNATURE,QATAR INTERNATIONAL ISLAMIC BANK,,http://www.qiib.com.qa,QA,QAT,QATAR
471273,VISA,CREDIT,INFINITE,UNITED ARAB BANK,+97165195115,http://www.uab.ae,AE,ARE,UNITED ARAB EMIRATES
471274,VISA,CREDIT,INFINITE,UNITED ARAB BANK,+97165195115,http://www.uab.ae,AE,ARE,UNITED ARAB EMIRATES
471339,VISA,DEBIT,PREPAID CLASSIC,QATAR NATIONAL BANK S.A.E,,,EG,EGY,EGYPT
471354,VISA,DEBIT,PLATINUM,THE COMMERCIAL BANK OF QATAR (Q.S.C.),,,QA,QAT,QATAR
471355,VISA,DEBIT,PLATINUM,EMIRATES NBD BANK (P.J.S.C.),+971800456,http://www.emiratesnbd.com,AE,ARE,UNITED ARAB EMIRATES
471357,VISA,CREDIT,,CSCBANK S.A.L.,+9611871245,http://www.ccm.com.lb,LB,LBN,LEBANON
471359,VISA,CREDIT,PLATINUM,UNITED ARAB BANK,+97165195115,http://www.uab.ae,AE,ARE,UNITED ARAB EMIRATES
471363,VISA,CREDIT,PLATINUM,ABU DHABI ISLAMIC BANK,+97126100600,http://www.adib.ae,AE,ARE,UNITED ARAB EMIRATES
471364,VISA,CREDIT,PLATINUM,ABU DHABI ISLAMIC BANK,+97126100600,http://www.adib.ae,AE,ARE,UNITED ARAB EMIRATES
471365,VISA,CREDIT,PLATINUM,ABU DHABI ISLAMIC BANK,+97126100600,http://www.adib.ae,AE,ARE,UNITED ARAB EMIRATES
471366,VISA,DEBIT,PLATINUM,ABU DHABI ISLAMIC BANK,+97126100600,http://www.adib.ae,AE,ARE,UNITED ARAB EMIRATES
471367,VISA,DEBIT,PLATINUM,ABU DHABI ISLAMIC BANK,+97126100600,http://www.adib.ae,AE,ARE,UNITED ARAB EMIRATES
471368,VISA,DEBIT,INFINITE,ABU DHABI ISLAMIC BANK,+97126100600,http://www.adib.ae,AE,ARE,UNITED ARAB EMIRATES
471369,VISA,CREDIT,INFINITE,"DOHA BANK, LTD.",,,QA,QAT,QATAR
471384,VISA,CREDIT,PLATINUM,ABU DHABI COMMERCIAL BANK,+97126962222,http://www.adcb.com,AE,ARE,UNITED ARAB EMIRATES
471385,VISA,CREDIT,PLATINUM,ABU DHABI COMMERCIAL BANK,+97126962222,http://www.adcb.com,AE,ARE,UNITED ARAB EMIRATES
471386,VISA,CREDIT,SIGNATURE,ABU DHABI COMMERCIAL BANK,+97126962222,http://www.adcb.com,AE,ARE,UNITED ARAB EMIRATES
471387,VISA,CREDIT,INFINITE,ABU DHABI COMMERCIAL BANK,+97126962222,http://www.adcb.com,AE,ARE,UNITED ARAB EMIRATES
471388,VISA,DEBIT,PLATINUM,ABU DHABI COMMERCIAL BANK,+97126962222,http://www.adcb.com,AE,ARE,UNITED ARAB EMIRATES
471389,VISA,DEBIT,PLATINUM,ABU DHABI COMMERCIAL BANK,+97126962222,http://www.adcb.com,AE,ARE,UNITED ARAB EMIRATES
471390,VISA,DEBIT,PLATINUM,ABU DHABI COMMERCIAL BANK,+97126962222,http://www.adcb.com,AE,ARE,UNITED ARAB EMIRATES
471397,VISA,CREDIT,CLASSIC,KHALEEJI BANK B.S.C,,,BH,BHR,BAHRAIN
471398,VISA,CREDIT,GOLD,KHALEEJI BANK B.S.C,,,BH,BHR,BAHRAIN
471399,VISA,CREDIT,PLATINUM,KHALEEJI BANK B.S.C,,,BH,BHR,BAHRAIN
471400,VISA,CREDIT,CORPORATE T&E,KHALEEJI BANK B.S.C,,,BH,BHR,BAHRAIN
471416,VISA,DEBIT,CLASSIC,TRADE BANK OF IRAQ,+96415433561,http://www.tbiraq.com,IQ,IRQ,IRAQ
471417,VISA,DEBIT,CLASSIC,TRADE BANK OF IRAQ,+96415433561,http://www.tbiraq.com,IQ,IRQ,IRAQ
471418,VISA,DEBIT,CLASSIC,TRADE BANK OF IRAQ,+96415433561,http://www.tbiraq.com,IQ,IRQ,IRAQ
471445,VISA,DEBIT,PREPAID CLASSIC,BANQUE MISR,+20223912150,http://www.banquemisr.com,EG,EGY,EGYPT
471447,VISA,CREDIT,PLATINUM,HABIB BANK AG ZURICH,+97180000006,http://www.bankalhabib.com,AE,ARE,UNITED ARAB EMIRATES
471448,VISA,DEBIT,PLATINUM,HABIB BANK AG ZURICH,+97180000006,http://www.bankalhabib.com,AE,ARE,UNITED ARAB EMIRATES
471451,VISA,DEBIT,CLASSIC,STANDARD CHARTERED BANK,+9614542474,https://www.sc.com,LB,LBN,LEBANON
471453,VISA,CREDIT,INFINITE,OMAN ARAB BANK SAO,(800) 860-9227,,OM,OMN,OMAN
471457,VISA,CREDIT,PLATINUM,KUWAIT INTERNATIONAL BANK,+9651866866,http://www.kib.com.kw,KW,KWT,KUWAIT
471460,VISA,CREDIT,SIGNATURE BUSINESS,FIRST ABU DHABI BANK (PJSC),,,AE,ARE,UNITED ARAB EMIRATES
471481,VISA,DEBIT,PREPAID CLASSIC,NATIONAL BANK OF FUJAIRAH,,,AE,ARE,UNITED ARAB EMIRATES
471483,VISA,DEBIT,PLATINUM,BANKMED SAL,,,LB,LBN,LEBANON
471484,VISA,DEBIT,PLATINUM,AL HILAL BANK P.J.S.C.,+97124994460,http://www.alhilalonline.ae,AE,ARE,UNITED ARAB EMIRATES
471485,VISA,DEBIT,PLATINUM,BANK AL ETIHAD,,,JO,JOR,JORDAN
471488,VISA,CREDIT,BUSINESS,BANK AL ETIHAD,,,JO,JOR,JORDAN
471911,VISA,DEBIT,PREPAID BUSINESS,MASHREQBANK,+97143632250,http://www.mashreqbank.com,AE,ARE,UNITED ARAB EMIRATES
472019,VISA,CREDIT,SIGNATURE BUSINESS,AL RAJHI BANKING AND INVESTMENT CORP.,4433 92 000 + 966 OR 33 334 601 +966,http://www.alrajhibank.com.sa,SA,SAU,SAUDI ARABIA
472101,VISA,DEBIT,PREPAID PLATINUM,DUKHAN BANK,,,QA,QAT,QATAR
472106,VISA,CREDIT,PLATINUM,ALINMA BANK,,,SA,SAU,SAUDI ARABIA
472266,VISA,DEBIT,SIGNATURE,BANK OF BEIRUT SAL,,,LB,LBN,LEBANON
472268,VISA,CREDIT,BUSINESS SIGNATURE,CAPITAL BANK OF JORDAN PLC. CO.,,,JO,JOR,JORDAN
472274,VISA,CREDIT,GOLD,BLOM BANK S.A.L.,,http://www.blom.com.lb,JO,JOR,JORDAN
472275,VISA,CREDIT,SIGNATURE,BLOM BANK S.A.L.,,http://www.blom.com.lb,JO,JOR,JORDAN
472293,VISA,CREDIT,PLATINUM,FIRST ABU DHABI BANK PJSC,+971600525500,https://www.bankfab.com,AE,ARE,UNITED ARAB EMIRATES
472294,VISA,CREDIT,CORPORATE T&E,FIRST ABU DHABI BANK (PJSC),,,AE,ARE,UNITED ARAB EMIRATES
472295,VISA,CREDIT,CLASSIC,KHALEEJI BANK B.S.C,,,BH,BHR,BAHRAIN
472358,VISA,DEBIT,PREPAID PLATINUM,FIRST ABU DHABI BANK (PJSC),,,AE,ARE,UNITED ARAB EMIRATES
472368,VISA,DEBIT,PREPAID PLATINUM,FIRST ABU DHABI BANK (PJSC),,,AE,ARE,UNITED ARAB EMIRATES
472420,VISA,CREDIT,CLASSIC,HSBC BANK MIDDLE EAST,+97142241000,http://www.hsbc.ae,AE,ARE,UNITED ARAB EMIRATES
472431,VISA,DEBIT,PLATINUM,ABU DHABI ISLAMIC BANK,+97126100600,http://www.adib.ae,AE,ARE,UNITED ARAB EMIRATES
472443,VISA,DEBIT,PREPAID,FIRST ABU DHABI BANK PJSC,+971600525500,https://www.bankfab.com,AE,ARE,UNITED ARAB EMIRATES
472444,VISA,DEBIT,PREPAID,FIRST ABU DHABI BANK PJSC,+971600525500,https://www.bankfab.com,AE,ARE,UNITED ARAB EMIRATES
472450,VISA,DEBIT,PREPAID PLATINUM,NATIONAL BANK OF OMAN LIMITED (S.A.O.G.),,,OM,OMN,OMAN
472455,VISA,DEBIT,PREPAID CLASSIC,ABU DHABI ISLAMIC BANK,+97126100600,http://www.adib.ae,AE,ARE,UNITED ARAB EMIRATES
472478,VISA,DEBIT,,"HABIB BANK, LTD.",(230) 2177600,http://www.habibbankltd.com,BH,BHR,BAHRAIN
472481,VISA,CREDIT,BUSINESS,"DOHA BANK, LTD.",,,QA,QAT,QATAR
472594,VISA,DEBIT,PLATINUM,BANK OF ALEXANDRIA,1 9 0 3 3 OR (02) 3938623 - 3913822 - 3916796,http://www.alexbank.com,EG,EGY,EGYPT
472736,VISA,CREDIT,REWARDS,FIRST ABU DHABI BANK (PJSC),,,AE,ARE,UNITED ARAB EMIRATES
472737,VISA,CREDIT,PLATINUM,FIRST ABU DHABI BANK (PJSC),,,AE,ARE,UNITED ARAB EMIRATES
472738,VISA,CREDIT,SIGNATURE,FIRST ABU DHABI BANK (PJSC),,,AE,ARE,UNITED ARAB EMIRATES
472818,VISA,DEBIT,BUSINESS ENHANCED,MASHREQBANK,+97143632250,http://www.mashreqbank.com,AE,ARE,UNITED ARAB EMIRATES
472821,VISA,DEBIT,PREPAID,AL-TAIF ISLAMIC BANK FOR INVESTMENT & FINANCE,,,IQ,IRQ,IRAQ
472822,VISA,DEBIT,PREPAID CLASSIC,EMIRATES NBD BANK (P.J.S.C.),+971800456,http://www.emiratesnbd.com,AE,ARE,UNITED ARAB EMIRATES
472839,VISA,DEBIT,BUSINESS,"DOHA BANK, LTD.",,,QA,QAT,QATAR
472845,VISA,DEBIT,,NATIONAL BANK OF EGYPT,,http://www.nbe.com.eg,EG,EGY,EGYPT
472859,VISA,CREDIT,INFINITE,CSCBANK SAL,,,LB,LBN,LEBANON
472873,VISA,CREDIT,GOLD,FIRST ABU DHABI BANK PJSC,,https://www.bankfab.com,JO,JOR,JORDAN
472874,VISA,CREDIT,INFINITE,FIRST ABU DHABI BANK PJSC,,https://www.bankfab.com,JO,JOR,JORDAN
472892,VISA,DEBIT,PREPAID PRIVATE LABEL STANDARD,,,,AE,ARE,UNITED ARAB EMIRATES
472902,VISA,CREDIT,CLASSIC,FIRST ABU DHABI BANK PJSC,,https://www.bankfab.com,JO,JOR,JORDAN
472903,VISA,DEBIT,ELECTRON,FIRST ABU DHABI BANK PJSC,,https://www.bankfab.com,JO,JOR,JORDAN
472905,VISA,DEBIT,INFINITE,FIRST ABU DHABI BANK PJSC,,https://www.bankfab.com,JO,JOR,JORDAN
472923,VISA,CREDIT,PLATINUM,DUBAI ISLAMIC BANK,,http://www.alislami.ae,AE,ARE,UNITED ARAB EMIRATES
472925,VISA,CREDIT,BUSINESS,STANDARD CHARTERED BANK,+971600522288,https://www.sc.com,AE,ARE,UNITED ARAB EMIRATES
472930,VISA,CREDIT,CORPORATE T&E,"CITIBANK, NATIONAL ASSOCIATION",,,AE,ARE,UNITED ARAB EMIRATES
472949,VISA,CREDIT,PLATINUM,DUBAI ISLAMIC BANK,,http://www.alislami.ae,AE,ARE,UNITED ARAB EMIRATES
472959,VISA,CREDIT,SIGNATURE,DUBAI ISLAMIC BANK,,http://www.alislami.ae,AE,ARE,UNITED ARAB EMIRATES
472967,VISA,DEBIT,,,,,EG,EGY,EGYPT
473198,VISA,DEBIT,PREPAID CLASSIC,MIDDLE EAST PAYMENT SERVICES CO.,,,JO,JOR,JORDAN
473199,VISA,DEBIT,PREPAID CLASSIC,JORDANIAN ELAF FOR INTEGRATED SOLUTIONS COMPANY,,,JO,JOR,JORDAN
473258,VISA,CREDIT,SIGNATURE BUSINESS,ARAB NATIONAL BANK,,,SA,SAU,SAUDI ARABIA
473708,VISA,DEBIT,,,,,EG,EGY,EGYPT
473820,VISA,DEBIT,PREPAID CLASSIC,OMAN ARAB BANK SAO,(800) 860-9227,,OM,OMN,OMAN
473821,VISA,CREDIT,SIGNATURE,MASRAF AL RAYAN,+97444253333,http://www.alrayan.com,QA,QAT,QATAR
473825,VISA,CREDIT,PLATINUM,BANK AL JAZIRA,(966) 2 609 8888,http://www.baj.com.sa,SA,SAU,SAUDI ARABIA
473826,VISA,CREDIT,PLATINUM,BANK AL JAZIRA,(966) 2 609 8888,http://www.baj.com.sa,SA,SAU,SAUDI ARABIA
473827,VISA,CREDIT,INFINITE,BANK AL JAZIRA,(966) 2 609 8888,http://www.baj.com.sa,SA,SAU,SAUDI ARABIA
473828,VISA,CREDIT,SIGNATURE,BANK AL JAZIRA,(966) 2 609 8888,http://www.baj.com.sa,SA,SAU,SAUDI ARABIA
473834,VISA,CREDIT,PLATINUM,ALAHLI BANK OF KUWAIT (K.S.C.),+96524341788,http://www.eahli.com,KW,KWT,KUWAIT
473864,VISA,DEBIT,CLASSIC,QATAR NATIONAL BANK S.A.E,,,EG,EGY,EGYPT
473865,VISA,DEBIT,GOLD,QATAR NATIONAL BANK S.A.E,,,EG,EGY,EGYPT
473866,VISA,DEBIT,PLATINUM,QATAR NATIONAL BANK S.A.E,,,EG,EGY,EGYPT
473899,VISA,CREDIT,PLATINUM,BANQUE SAUDI FRANSI,966 1 289 9999 OR 966 1 874 4000,http://www.alfransi.com.sa,SA,SAU,SAUDI ARABIA
473990,VISA,CREDIT,INFINITE,KUWAIT INTERNATIONAL BANK,+9651866866,http://www.kib.com.kw,KW,KWT,KUWAIT
474121,VISA,DEBIT,PREPAID PLATINUM,ABU DHABI ISLAMIC BANK,+97126100600,http://www.adib.ae,AE,ARE,UNITED ARAB EMIRATES
474131,VISA,CREDIT,PLATINUM,ABU DHABI COMMERCIAL BANK,+97126962222,http://www.adcb.com,AE,ARE,UNITED ARAB EMIRATES
474141,VISA,CREDIT,GOLD,CREDIT LIBANAIS S.A.L.,+9611900111,http://www.creditlibanais.com.lb,LB,LBN,LEBANON
474142,VISA,CREDIT,INFINITE,ABU DHABI COMMERCIAL BANK,+97126962222,http://www.adcb.com,AE,ARE,UNITED ARAB EMIRATES
474143,VISA,DEBIT,ELECTRON,CREDIT LIBANAIS S.A.L.,+9611900111,http://www.creditlibanais.com.lb,LB,LBN,LEBANON
474144,VISA,CREDIT,CLASSIC,CREDIT LIBANAIS S.A.L.,+9611900111,http://www.creditlibanais.com.lb,LB,LBN,LEBANON
474148,VISA,CREDIT,GOLD,NETWORK INTERNATIONAL LLC,,,AE,ARE,UNITED ARAB EMIRATES
474149,VISA,CREDIT,CLASSIC,NETWORK INTERNATIONAL LLC,,,AE,ARE,UNITED ARAB EMIRATES
474153,VISA,CREDIT,SIGNATURE,ABU DHABI COMMERCIAL BANK,+97126962222,http://www.adcb.com,AE,ARE,UNITED ARAB EMIRATES
474160,VISA,CREDIT,ULTRA HIGH NET WORTH,ARAB AFRICAN INTERNATIONAL BANK,+20224886679,http://www.aaib.com,EG,EGY,EGYPT
474185,VISA,CREDIT,REWARDS,BANK AUDI SAL,,,LB,LBN,LEBANON
474295,VISA,DEBIT,BUSINESS,BANK DHOFAR (S.A.O.G.),+96824791111 / +96824790466,http://www.bankdhofar.com,OM,OMN,OMAN
474491,VISA,DEBIT,CLASSIC,BANQUE SAUDI FRANSI,,http://www.alfransi.com.sa,SA,SAU,SAUDI ARABIA
474501,VISA,DEBIT,PREPAID CLASSIC,EGYPTIAN NATIONAL POST ORGANISATION,44 (0)207 582 5220,http://www.balancingact-africa.com,EG,EGY,EGYPT
474701,VISA,DEBIT,CLASSIC,ARAB BANK PLC,4600900,http://www.arabbank.jo,JO,JOR,JORDAN
474702,VISA,CREDIT,REWARDS,ARAB BANK PLC,4600900,http://www.arabbank.jo,JO,JOR,JORDAN
474703,VISA,CREDIT,PLATINUM,ARAB BANK PLC,4600900,http://www.arabbank.jo,JO,JOR,JORDAN
474704,VISA,CREDIT,PLATINUM,ARAB BANK PLC,4600900,http://www.arabbank.jo,JO,JOR,JORDAN
474715,VISA,CREDIT,CLASSIC,ARAB BANK PLC,+97022953333,http://www.arabbank.jo,PS,PSE,"PALESTINIAN TERRITORY, OCCUPIED"
474716,VISA,CREDIT,GOLD,ARAB BANK PLC,4600900,http://www.arabbank.jo,JO,JOR,JORDAN
474717,VISA,CREDIT,GOLD,BANK AL ETIHAD,,,JO,JOR,JORDAN
474718,VISA,DEBIT,,ARAB BANK PLC,+20 2 19100,http://www.arabbank.jo,EG,EGY,EGYPT
474719,VISA,CREDIT,,ARAB BANK PLC,+97317541000,http://www.arabbank.jo,BH,BHR,BAHRAIN
474720,VISA,DEBIT,PREPAID CLASSIC,MASHREQBANK,,http://www.mashreqbank.com,EG,EGY,EGYPT
474721,VISA,CREDIT,,ARAB BANK PLC,+97144450000,http://www.arabbank.jo,AE,ARE,UNITED ARAB EMIRATES
474722,VISA,CREDIT,,ARAB BANK PLC,4600900,http://www.arabbank.jo,JO,JOR,JORDAN
474724,VISA,CREDIT,,ARAB BANK PLC,4600900,http://www.arabbank.jo,JO,JOR,JORDAN
474730,VISA,CREDIT,PLATINUM,ARAB BANK PLC,4600900,http://www.arabbank.jo,JO,JOR,JORDAN
474731,VISA,CREDIT,CLASSIC,ARAB BANK PLC,4600900,http://www.arabbank.jo,JO,JOR,JORDAN
474732,VISA,CREDIT,GOLD,ARAB BANK PLC,4600900,http://www.arabbank.jo,JO,JOR,JORDAN
474733,VISA,CREDIT,PLATINUM,ARAB BANK PLC,+20 2 19100,http://www.arabbank.jo,EG,EGY,EGYPT
474734,VISA,CREDIT,PLATINUM,ARAB BANK PLC,+97144450000,http://www.arabbank.jo,AE,ARE,UNITED ARAB EMIRATES
474735,VISA,CREDIT,PLATINUM,ARAB BANK PLC,+97317541000,http://www.arabbank.jo,BH,BHR,BAHRAIN
474736,VISA,CREDIT,PLATINUM,ARAB BANK PLC,+97444387878,http://www.arabbank.jo,QA,QAT,QATAR
474739,VISA,CREDIT,CLASSIC,ARAB BANK PLC,4600900,http://www.arabbank.jo,JO,JOR,JORDAN
474740,VISA,CREDIT,PLATINUM,ARAB BANK PLC,4600900,http://www.arabbank.jo,JO,JOR,JORDAN
474794,VISA,DEBIT,CLASSIC,INTL HDQTRS-CENTER OWNED,,,IQ,IRQ,IRAQ
474795,VISA,CREDIT,CLASSIC,INTL HDQTRS-CENTER OWNED,,,IQ,IRQ,IRAQ
474796,VISA,DEBIT,PREPAID,THE COMMERCIAL BANK OF QATAR (Q.S.C.),,,QA,QAT,QATAR
474827,VISA,DEBIT,PREPAID PLATINUM,BANQUE SAUDI FRANSI,966 1 289 9999 OR 966 1 874 4000,http://www.alfransi.com.sa,SA,SAU,SAUDI ARABIA
474868,VISA,CREDIT,SIGNATURE,ALAHLI BANK OF KUWAIT (K.S.C.),+96524341788,http://www.eahli.com,KW,KWT,KUWAIT
475078,VISA,CREDIT,BUSINESS ENHANCED,AL BILAD BANK,9662918884,http://www.bankalbilad.com,SA,SAU,SAUDI ARABIA
475100,VISA,CREDIT,SIGNATURE BUSINESS,AL BILAD BANK,9662918884,http://www.bankalbilad.com,SA,SAU,SAUDI ARABIA
475109,VISA,CREDIT,PURCHASING,AL BILAD BANK,9662918884,http://www.bankalbilad.com,SA,SAU,SAUDI ARABIA
475153,VISA,CREDIT,BUSINESS ENHANCED,AL BILAD BANK,9662918884,http://www.bankalbilad.com,SA,SAU,SAUDI ARABIA
475184,VISA,DEBIT,PLATINUM,ALIZZ ISLAMIC BANK (S.A.O.C),,,OM,OMN,OMAN
475189,VISA,CREDIT,SIGNATURE,BURGAN BANK (S.A.K.),,,KW,KWT,KUWAIT
475558,VISA,CREDIT,SIGNATURE,BANQUE SAUDI FRANSI,966 1 289 9999 OR 966 1 874 4000,http://www.alfransi.com.sa,SA,SAU,SAUDI ARABIA
475790,VISA,CREDIT,SIGNATURE,DUKHAN BANK,,,QA,QAT,QATAR
475977,VISA,DEBIT,,,,,EG,EGY,EGYPT
476015,VISA,CREDIT,,BANKMED S.A.L.,+9611708090,http://www.bankmed.com.lb,LB,LBN,LEBANON
476023,VISA,CREDIT,CLASSIC,OMAN ARAB BANK SAO,(800) 860-9227,,OM,OMN,OMAN
476028,VISA,DEBIT,ELECTRON,FRANSABANK S.A.L.,+9611340180,http://www.fransabank.com,LB,LBN,LEBANON
476029,VISA,DEBIT,GOLD,FRANSABANK S.A.L.,+9611340180,http://www.fransabank.com,LB,LBN,LEBANON
476030,VISA,DEBIT,CLASSIC,FRANSABANK S.A.L.,+9611340180,http://www.fransabank.com,LB,LBN,LEBANON
476031,VISA,CREDIT,CLASSIC,HSBC BANK MIDDLE EAST,97142241000,http://www.hsbc.ae,JO,JOR,JORDAN
476032,VISA,CREDIT,BUSINESS,SOHAR INTERNATIONAL BANK (S.A.O.G),,,OM,OMN,OMAN
476033,VISA,CREDIT,SIGNATURE,BANK AL ETIHAD,,,JO,JOR,JORDAN
476035,VISA,CREDIT,,JORDAN ISLAMIC BANK FOR FINANCE AND INVESTMENT,+96265677377,http://www.jordanislamicbank.com,JO,JOR,JORDAN
476037,VISA,DEBIT,PREPAID CLASSIC,"ISRAEL POSTAL BANK COMPANY, LTD.",,,IL,ISR,ISRAEL
476046,VISA,DEBIT,PREPAID CLASSIC,NATIONAL BANK OF EGYPT,,http://www.nbe.com.eg,EG,EGY,EGYPT
476049,VISA,DEBIT,BUSINESS,"AIRWALLEX (UK), LTD.",,,IL,ISR,ISRAEL
476075,VISA,DEBIT,PREPAID CLASSIC,"ISRAEL POSTAL BANK COMPANY, LTD.",,,IL,ISR,ISRAEL
476099,VISA,CREDIT,PLATINUM,AL-QURTAS ISLAMIC BANK FOR INVESTMENT AND FINANCE PRIVATE SHAREHOLDI,,,IQ,IRQ,IRAQ
476103,VISA,DEBIT,PREPAID GOLD,INTL HDQTRS-CENTER OWNED,,,LB,LBN,LEBANON
476108,VISA,DEBIT,ULTRA HIGH NET WORTH,INTL HDQTRS-CENTER OWNED,,,AE,ARE,UNITED ARAB EMIRATES
476109,VISA,CREDIT,CLASSIC,INTL HDQTRS-CENTER OWNED,,,AE,ARE,UNITED ARAB EMIRATES
476130,VISA,CREDIT,CLASSIC,INTL HDQTRS-CENTER OWNED,,,LB,LBN,LEBANON
476131,VISA,CREDIT,CLASSIC,,,,LB,LBN,LEBANON
476320,VISA,CREDIT,,BANK DHOFAR (S.A.O.G.),+96824791111 / +96824790466,http://www.bankdhofar.com,OM,OMN,OMAN
476328,VISA,CREDIT,INFINITE,ARAB NATIONAL BANK,,,SA,SAU,SAUDI ARABIA
476335,VISA,DEBIT,PREPAID PLATINUM,BURGAN BANK (S.A.K.),,,KW,KWT,KUWAIT
476522,VISA,CREDIT,PLATINUM,BBAC S.A.L,+9614727747,http://www.bbacbank.com,LB,LBN,LEBANON
476575,VISA,DEBIT,GOLD,ARAB AFRICAN INTERNATIONAL BANK,+20224886679,http://www.aaib.com,EG,EGY,EGYPT
476578,VISA,DEBIT,GOLD,ARAB AFRICAN INTERNATIONAL BANK,,http://www.aaib.com,AE,ARE,UNITED ARAB EMIRATES
476674,VISA,CREDIT,PURCHASING,BANKMUSCAT (SAOG),,,OM,OMN,OMAN
476801,VISA,DEBIT,CLASSIC,ARAB ISLAMIC BANK,,,PS,PSE,"PALESTINIAN TERRITORY, OCCUPIED"
476802,VISA,CREDIT,CLASSIC,ARAB ISLAMIC BANK,,,PS,PSE,"PALESTINIAN TERRITORY, OCCUPIED"
476815,VISA,CREDIT,SIGNATURE,THE SAUDI INVESTMENT BANK,,,SA,SAU,SAUDI ARABIA
476851,VISA,CREDIT,CLASSIC,QATAR ISLAMIC BANK (S.A.Q.),+97444385555,,QA,QAT,QATAR
476852,VISA,CREDIT,PLATINUM,QATAR ISLAMIC BANK (S.A.Q.),+97444385555,,QA,QAT,QATAR
476853,VISA,CREDIT,PLATINUM,QATAR ISLAMIC BANK (S.A.Q.),+97444385555,,QA,QAT,QATAR
476854,VISA,CREDIT,SIGNATURE,QATAR ISLAMIC BANK (S.A.Q.),+97444385555,,QA,QAT,QATAR
476873,VISA,CREDIT,PLATINUM,BLOM BANK S.A.L.,(961-1) 738938 - 743300 OR (961-1) 372780 - 370830 - 373102,http://www.blom.com.lb,LB,LBN,LEBANON
476877,VISA,DEBIT,PREPAID,FIRST ABU DHABI BANK PJSC,+971600525500,https://www.bankfab.com,AE,ARE,UNITED ARAB EMIRATES
476878,VISA,CREDIT,PLATINUM,FIRST ABU DHABI BANK PJSC,+971600525500,https://www.bankfab.com,AE,ARE,UNITED ARAB EMIRATES
477508,VISA,DEBIT,GOLD,CREDIT LIBANAIS S.A.L.,+9611900111,http://www.creditlibanais.com.lb,LB,LBN,LEBANON
477509,VISA,DEBIT,CLASSIC,CREDIT LIBANAIS S.A.L.,+9611900111,http://www.creditlibanais.com.lb,LB,LBN,LEBANON
477756,VISA,CREDIT,GOLD,DUKHAN BANK,,,QA,QAT,QATAR
477779,VISA,CREDIT,,,,,QA,QAT,QATAR
477937,VISA,DEBIT,REWARDS,BOUBYAN BANK,,,KW,KWT,KUWAIT
477969,VISA,DEBIT,PREPAID CLASSIC,CREDIT CARD SERVICE COMPANY JORDAN LTD.,,,JO,JOR,JORDAN
477983,VISA,CREDIT,INFINITE,RIYAD BANK,,http://www.riyadbank.com,SA,SAU,SAUDI ARABIA
477984,VISA,CREDIT,CORPORATE T&E,NATIONAL BANK OF FUJAIRAH,,,AE,ARE,UNITED ARAB EMIRATES
478078,VISA,DEBIT,PREPAID CLASSIC,"019 PAYMENT SERVICES, LTD.",,,IL,ISR,ISRAEL
478228,VISA,CREDIT,PLATINUM,MASHREQ BANK,+97143632250,http://www.mashreqbank.com,AE,ARE,UNITED ARAB EMIRATES
478275,VISA,CREDIT,SIGNATURE,FIRST ABU DHABI BANK (PJSC),,,AE,ARE,UNITED ARAB EMIRATES
478295,VISA,DEBIT,PREPAID PLATINUM,THE SAUDI INVESTMENT BANK,,,SA,SAU,SAUDI ARABIA
478296,VISA,DEBIT,PREPAID PLATINUM,THE SAUDI INVESTMENT BANK,,,SA,SAU,SAUDI ARABIA
478425,VISA,CREDIT,INFINITE,THE COMMERCIAL BANK OF KUWAIT S.A.K.,,,KW,KWT,KUWAIT
478426,VISA,CREDIT,SIGNATURE,"COMMERCIAL BANK OF KUWAIT, S.A.K.",00971 2 6447944,http://www.cbk.com,KW,KWT,KUWAIT
478463,VISA,DEBIT,PREPAID CLASSIC,NATIONAL BANK OF EGYPT,,http://www.nbe.com.eg,EG,EGY,EGYPT
478567,VISA,CREDIT,CORPORATE T&E,"ISRACARD, LTD.",,,IL,ISR,ISRAEL
478568,VISA,CREDIT,GOLD,"ISRACARD, LTD.",,,IL,ISR,ISRAEL
478569,VISA,CREDIT,PLATINUM,"ISRACARD, LTD.",,,IL,ISR,ISRAEL
478570,VISA,CREDIT,BUSINESS,"ISRACARD, LTD.",,,IL,ISR,ISRAEL
478684,VISA,DEBIT,PREPAID,UNION NATIONAL BANK - EGYPT,+20225748226,http://www.unb-egypt.com,EG,EGY,EGYPT
478713,VISA,DEBIT,PLATINUM,MASHREQBANK,+97143632250,http://www.mashreqbank.com,AE,ARE,UNITED ARAB EMIRATES
478725,VISA,CREDIT,CLASSIC,CREDIT LIBANAIS S.A.L.,+9611900111,http://www.creditlibanais.com.lb,LB,LBN,LEBANON
478726,VISA,CREDIT,GOLD,BANK OF JORDAN,+96265807777,http://www.bankofjordan.com,JO,JOR,JORDAN
478732,VISA,CREDIT,GOLD,CREDIT LIBANAIS S.A.L.,+9611900111,http://www.creditlibanais.com.lb,LB,LBN,LEBANON
478735,VISA,DEBIT,ELECTRON,CREDIT LIBANAIS S.A.L.,+9611900111,http://www.creditlibanais.com.lb,LB,LBN,LEBANON
478740,VISA,CREDIT,GOLD,CREDIT LIBANAIS S.A.L.,+9611900111,http://www.creditlibanais.com.lb,LB,LBN,LEBANON
478745,VISA,CREDIT,GOLD,CQUR BANK LLC,,,QA,QAT,QATAR
478746,VISA,CREDIT,PLATINUM,QATAR NATIONAL BANK (Q.P.S.C.),,,QA,QAT,QATAR
478747,VISA,DEBIT,PLATINUM,MASHREQBANK,+97143632250,http://www.mashreqbank.com,AE,ARE,UNITED ARAB EMIRATES
478749,VISA,CREDIT,PLATINUM,QATAR NATIONAL BANK AL AHLI S.A.E.,,,EG,EGY,EGYPT
478760,VISA,DEBIT,CLASSIC/SIGNATURE,ARAB BANKING CORPORATION (JORDAN),,http://www.arabbanking.com,JO,JOR,JORDAN
478771,VISA,CREDIT,PLATINUM,BANK OF JORDAN,+96265696277,http://www.bankofjordan.com,PS,PSE,"PALESTINIAN TERRITORY, OCCUPIED"
478773,VISA,CREDIT,CLASSIC,BANK OF JORDAN,+96265807777,http://www.bankofjordan.com,JO,JOR,JORDAN
478774,VISA,CREDIT,CLASSIC,NAYIFAT FINANCE COMPANY,,,SA,SAU,SAUDI ARABIA
478775,VISA,CREDIT,CLASSIC,BANK OF JORDAN,+96265807777,http://www.bankofjordan.com,JO,JOR,JORDAN
478777,VISA,CREDIT,PLATINUM,ARAB JORDAN INVESTMENT BANK,,,JO,JOR,JORDAN
478778,VISA,DEBIT,ELECTRON,BANK OF JORDAN,+96265807777,http://www.bankofjordan.com,JO,JOR,JORDAN
478780,VISA,DEBIT,CLASSIC,MASHREQBANK,+97143632250,http://www.mashreqbank.com,AE,ARE,UNITED ARAB EMIRATES
478784,VISA,CREDIT,BUSINESS ENHANCED,BANK OF JORDAN,+96265807777,http://www.bankofjordan.com,JO,JOR,JORDAN
478839,VISA,DEBIT,PREPAID PLATINUM,AL ANSARI EXCHANGE LLC,,,AE,ARE,UNITED ARAB EMIRATES
478840,VISA,CREDIT,,,,,AE,ARE,UNITED ARAB EMIRATES
479031,VISA,CREDIT,SIGNATURE,QATAR NATIONAL BANK AL AHLI S.A.E.,,,EG,EGY,EGYPT
479039,VISA,CREDIT,,BANK OF JORDAN,+96265807777,http://www.bankofjordan.com,JO,JOR,JORDAN
479044,VISA,CREDIT,,"ANZ BANK, LTD.",,http://www.anz.com,JO,JOR,JORDAN
479045,VISA,CREDIT,PLATINUM,KUWAIT FINANCE HOUSE,+9651803333,http://www.kfh.com,KW,KWT,KUWAIT
479063,VISA,DEBIT,PREPAID CLASSIC,"THE UNITED BANK, S.A.E.",,,EG,EGY,EGYPT
479065,VISA,CREDIT,PLATINUM,KUWAIT FINANCE HOUSE,+9651803333,http://www.kfh.com,KW,KWT,KUWAIT
479066,VISA,CREDIT,PLATINUM,KUWAIT FINANCE HOUSE,+9651803333,http://www.kfh.com,KW,KWT,KUWAIT
479067,VISA,DEBIT,ELECTRON,JORDAN KUWAIT BANK,,http://www.jordan-kuwait-bank.com,JO,JOR,JORDAN
479069,VISA,CREDIT,INFINITE,QATAR NATIONAL BANK S.A.E,,,EG,EGY,EGYPT
479071,VISA,DEBIT,GOLD,CAPITAL BANK OF JORDAN PLC. CO.,,,JO,JOR,JORDAN
479089,VISA,CREDIT,PLATINUM,ALIZZ ISLAMIC BANK (S.A.O.C),,,OM,OMN,OMAN
479090,VISA,CREDIT,PLATINUM,RIYAD BANK,,http://www.riyadbank.com,SA,SAU,SAUDI ARABIA
479098,VISA,CREDIT,PLATINUM,"NATIONAL BANK OF KUWAIT, S.A.K.",+96522422011,http://www.nbk.com,KW,KWT,KUWAIT
479550,VISA,DEBIT,PREPAID ELECTRON,INTL HDQTRS-CENTER OWNED,,,IL,ISR,ISRAEL
479652,VISA,DEBIT,,,,,EG,EGY,EGYPT
479710,VISA,DEBIT,CLASSIC,NATIONAL BANK OF OMAN LIMITED (S.A.O.G.),,,OM,OMN,OMAN
479734,VISA,DEBIT,CLASSIC,THE NATIONAL BANK OF UMM AL-QAIWAIN PSC.,,,AE,ARE,UNITED ARAB EMIRATES
479745,VISA,CREDIT,PLATINUM,ABU DHABI COMMERCIAL BANK,,http://www.adcb.com,AE,ARE,UNITED ARAB EMIRATES
479746,VISA,CREDIT,GOLD,ABU DHABI COMMERCIAL BANK,+97126962222,http://www.adcb.com,AE,ARE,UNITED ARAB EMIRATES
479747,VISA,CREDIT,SIGNATURE,ABU DHABI COMMERCIAL BANK,+97126962222,http://www.adcb.com,AE,ARE,UNITED ARAB EMIRATES
479756,VISA,CREDIT,INFINITE,GIB-SA,,,SA,SAU,SAUDI ARABIA
479779,VISA,DEBIT,PREPAID CLASSIC,"PROVISIONAL BID - HUBPAY, LTD.",,,AE,ARE,UNITED ARAB EMIRATES
479874,VISA,CREDIT,SIGNATURE,CAPITAL BANK OF JORDAN PLC. CO.,,,JO,JOR,JORDAN
480182,VISA,CREDIT,PLATINUM,THE GULF BANK K.S.C.,,,KW,KWT,KUWAIT
480285,VISA,CREDIT,BUSINESS SIGNATURE,CSCBANK S.A.L.,+9611871245,http://www.ccm.com.lb,LB,LBN,LEBANON
480305,VISA,DEBIT,PREPAID,CREDIT LIBANAIS S.A.L.,+9611900111,http://www.creditlibanais.com.lb,LB,LBN,LEBANON
480336,VISA,CREDIT,SIGNATURE BUSINESS,THE GULF BANK K.S.C.,,,KW,KWT,KUWAIT
480339,VISA,CREDIT,REWARDS,THE HOUSING BANK FOR TRADE & FINANCE,,,JO,JOR,JORDAN
480341,VISA,DEBIT,PREPAID PLATINUM,THE HOUSING BANK FOR TRADE & FINANCE,,,JO,JOR,JORDAN
480507,VISA,DEBIT,,,,,PS,PSE,"PALESTINIAN TERRITORY, OCCUPIED"
480626,VISA,DEBIT,INFINITE,EMIRATES ISLAMIC BANK P.J.S.C.,,,AE,ARE,UNITED ARAB EMIRATES
480645,VISA,DEBIT,SIGNATURE,EMIRATES ISLAMIC BANK P.J.S.C.,,,AE,ARE,UNITED ARAB EMIRATES
480659,VISA,DEBIT,BUSINESS ENHANCED,EMIRATES ISLAMIC BANK P.J.S.C.,,,AE,ARE,UNITED ARAB EMIRATES
480666,VISA,DEBIT,PLATINUM,EMIRATES ISLAMIC BANK P.J.S.C.,,,AE,ARE,UNITED ARAB EMIRATES
480668,VISA,DEBIT,PLATINUM,EMIRATES ISLAMIC BANK P.J.S.C.,,,AE,ARE,UNITED ARAB EMIRATES
480670,VISA,DEBIT,PREPAID PLATINUM,EMIRATES ISLAMIC BANK P.J.S.C.,,,AE,ARE,UNITED ARAB EMIRATES
480874,VISA,CREDIT,PURCHASING,FIRST ABU DHABI BANK PJSC,+971600525500,https://www.bankfab.com,AE,ARE,UNITED ARAB EMIRATES
480877,VISA,CREDIT,PURCHASING,FIRST ABU DHABI BANK PJSC,+971600525500,https://www.bankfab.com,AE,ARE,UNITED ARAB EMIRATES
480926,VISA,DEBIT,INFINITE,MASHREQBANK,,http://www.mashreqbank.com,EG,EGY,EGYPT
480928,VISA,CREDIT,SIGNATURE BUSINESS,QATAR INTERNATIONAL ISLAMIC BANK,,http://www.qiib.com.qa,QA,QAT,QATAR
480929,VISA,CREDIT,CLASSIC,THE NATIONAL BANK OF UMM AL-QAIWAIN PSC.,,,AE,ARE,UNITED ARAB EMIRATES
480931,VISA,DEBIT,BUSINESS,"TURKIYE IS BANKASI, A.S.",,http://www.isbank.com.tr,IQ,IRQ,IRAQ
480935,VISA,CREDIT,CLASSIC,CREDIMAX B.S.C.,,,BH,BHR,BAHRAIN
480944,VISA,DEBIT,PREPAID CLASSIC,AL-QURTAS ISLAMIC BANK FOR INVESTMENT AND FINANCE PRIVATE SHAREHOLDI,,,IQ,IRQ,IRAQ
480991,VISA,CREDIT,PLATINUM,INVEST BANK PLC,58 (212) 92 98 31,http://www.investbank.jo,JO,JOR,JORDAN
481111,VISA,CREDIT,PLATINUM,INVEST BANK PLC,58 (212) 92 98 31,http://www.investbank.jo,JO,JOR,JORDAN
481137,VISA,CREDIT,PLATINUM,INVEST BANK PLC,58 (212) 92 98 31,http://www.investbank.jo,JO,JOR,JORDAN
481206,VISA,CREDIT,PLATINUM,AL BILAD BANK,9662918884,http://www.bankalbilad.com,SA,SAU,SAUDI ARABIA
481207,VISA,CREDIT,CLASSIC,AL BILAD BANK,9662918884,http://www.bankalbilad.com,SA,SAU,SAUDI ARABIA
481355,VISA,CREDIT,PLATINUM,BANQUE MISR,+20223912150,http://www.banquemisr.com,EG,EGY,EGYPT
481458,VISA,DEBIT,PREPAID CLASSIC,NATIONAL BANK OF FUJAIRAH,,,AE,ARE,UNITED ARAB EMIRATES
481459,VISA,CREDIT,SIGNATURE BUSINESS,AL-SALAM BANK - BAHRAIN B.S.C.,,,BH,BHR,BAHRAIN
481460,VISA,CREDIT,PLATINUM,,,,EG,EGY,EGYPT
481462,VISA,CREDIT,PLATINUM,,,,OM,OMN,OMAN
481463,VISA,DEBIT,PREPAID,AHLI BANK Q.S.C.,(974) 4232222,http://www.ahlibank.com.qa,QA,QAT,QATAR
481474,VISA,CREDIT,SIGNATURE,THE HOUSING BANK FOR TRADE & FINANCE,,,JO,JOR,JORDAN
481479,VISA,DEBIT,CLASSIC,CEMEA REGION,,,EG,EGY,EGYPT
481773,VISA,DEBIT,CLASSIC,BLOM BANK S.A.L.,,http://www.blom.com.lb,IQ,IRQ,IRAQ
481789,VISA,CREDIT,SIGNATURE,AL-SALAM BANK - BAHRAIN B.S.C.,,,BH,BHR,BAHRAIN
481924,VISA,DEBIT,BUSINESS,BANQUE MISR,+20223912150,http://www.banquemisr.com,EG,EGY,EGYPT
481952,VISA,CREDIT,UHNW,"BANK OF BEIRUT, SAL",,,LB,LBN,LEBANON
482052,VISA,CREDIT,PLATINUM,THE SAUDI NATIONAL BANK,,,SA,SAU,SAUDI ARABIA
482133,VISA,CREDIT,CLASSIC,,,,SA,SAU,SAUDI ARABIA
482135,VISA,CREDIT,PURCHASING,"DOHA BANK, LTD.",,,QA,QAT,QATAR
482148,VISA,CREDIT,,,,,SA,SAU,SAUDI ARABIA
482283,VISA,DEBIT,,,,,PS,PSE,"PALESTINIAN TERRITORY, OCCUPIED"
482682,VISA,DEBIT,,,,,EG,EGY,EGYPT
483005,VISA,DEBIT,CLASSIC,SAFWA ISLAMIC BANK,,,JO,JOR,JORDAN
483006,VISA,CREDIT,,,,,JO,JOR,JORDAN
483009,VISA,DEBIT,PREPAID CLASSIC,ARAB PAYMENT SERVICES,,,IQ,IRQ,IRAQ
483010,VISA,DEBIT,CLASSIC,THE SAUDI INVESTMENT BANK,,,SA,SAU,SAUDI ARABIA
483011,VISA,DEBIT,PLATINUM,THE SAUDI INVESTMENT BANK,,,SA,SAU,SAUDI ARABIA
483012,VISA,DEBIT,INFINITE,THE SAUDI INVESTMENT BANK,,,SA,SAU,SAUDI ARABIA
483115,VISA,CREDIT,PLATINUM,AL RAJHI BANKING AND INVESTMENT CORP.,4433 92 000 + 966 OR 33 334 601 +966,http://www.alrajhibank.com.sa,SA,SAU,SAUDI ARABIA
483144,VISA,CREDIT,ULTRA HIGH NET WORTH,SARADAR BANK SAL,,,LB,LBN,LEBANON
483163,VISA,DEBIT,PREPAID,,,,AE,ARE,UNITED ARAB EMIRATES
483178,VISA,CREDIT,UHNW,THE SAUDI NATIONAL BANK,,,SA,SAU,SAUDI ARABIA
483295,VISA,CREDIT,SIGNATURE,CSCBANK SAL,,,LB,LBN,LEBANON
483335,VISA,CREDIT,PLATINUM,"ISRACARD, LTD.",,,IL,ISR,ISRAEL
483339,VISA,DEBIT,CLASSIC,"ISRACARD, LTD.",,,IL,ISR,ISRAEL
483363,VISA,DEBIT,PREPAID PLATINUM,,,,AE,ARE,UNITED ARAB EMIRATES
483429,VISA,DEBIT,SIGNATURE,BANKMUSCAT LTD. (S.A.O.G.),,,OM,OMN,OMAN
483430,VISA,CREDIT,SIGNATURE,BANKMUSCAT (SAOG),,,OM,OMN,OMAN
483431,VISA,CREDIT,INFINITE,ABU DHABI ISLAMIC BANK,+97126100600,http://www.adib.ae,AE,ARE,UNITED ARAB EMIRATES
483432,VISA,CREDIT,SIGNATURE,ALINMA BANK,,,SA,SAU,SAUDI ARABIA
483439,VISA,DEBIT,PLATINUM,BANK OF PALESTINE PLC,+97022965010,http://www.bankofpalestine.com,PS,PSE,"PALESTINIAN TERRITORY, OCCUPIED"
483464,VISA,CREDIT,INFINITE,BURGAN BANK (S.A.K.),,,KW,KWT,KUWAIT
483469,VISA,DEBIT,PREPAID CLASSIC,NATIONAL BANK OF EGYPT,,http://www.nbe.com.eg,EG,EGY,EGYPT
483576,VISA,DEBIT,CLASSIC,"TURKIYE IS BANKASI, A.S.",,http://www.isbank.com.tr,IQ,IRQ,IRAQ
483780,VISA,CREDIT,PURCHASING,"DOHA BANK, LTD.",,,QA,QAT,QATAR
483791,VISA,DEBIT,CLASSIC,BANKMUSCAT (SAOG),,,OM,OMN,OMAN
483827,VISA,CREDIT,CLASSIC,AGRICULTURAL BANK OF EGYPT (ABE),,,EG,EGY,EGYPT
483952,VISA,CREDIT,INFINITE,CREDIT LIBANAIS S.A.L.,+9611900111,http://www.creditlibanais.com.lb,LB,LBN,LEBANON
483985,VISA,DEBIT,PREPAID CLASSIC,FIRST ABU DHABI BANK (PJSC),,,EG,EGY,EGYPT
483986,VISA,DEBIT,PREPAID CLASSIC,AMWAL FOR ELECTRONIC BANKING SERVICES CO.,,,IQ,IRQ,IRAQ
483991,VISA,DEBIT,PREPAID PLATINUM,BFC PAYMENTS B.S.C. (C),,,BH,BHR,BAHRAIN
484003,VISA,DEBIT,PREPAID CORPORATE T&E,,,,BH,BHR,BAHRAIN
484081,VISA,CREDIT,PLATINUM,STANDARD CHARTERED BANK,+97317531532,https://www.sc.com,BH,BHR,BAHRAIN
484082,VISA,CREDIT,PLATINUM,STANDARD CHARTERED BANK,+97317531532,https://www.sc.com,BH,BHR,BAHRAIN
484083,VISA,CREDIT,PLATINUM,STANDARD CHARTERED BANK,+97317531532,https://www.sc.com,BH,BHR,BAHRAIN
484130,VISA,DEBIT,CLASSIC,FIRST ABU DHABI BANK (PJSC),,,OM,OMN,OMAN
484131,VISA,DEBIT,PLATINUM,FIRST ABU DHABI BANK (PJSC),,,OM,OMN,OMAN
484166,VISA,CREDIT,BUSINESS ENHANCED,AL RAJHI BANKING AND INVESTMENT CORP.,4433 92 000 + 966 OR 33 334 601 +966,http://www.alrajhibank.com.sa,SA,SAU,SAUDI ARABIA
484167,VISA,DEBIT,PREPAID CLASSIC,BANK OF PALESTINE PLC,+97022965010,http://www.bankofpalestine.com,PS,PSE,"PALESTINIAN TERRITORY, OCCUPIED"
484172,VISA,DEBIT,BUSINESS,BANK DHOFAR (S.A.O.G.),+96824791111 / +96824790466,http://www.bankdhofar.com,OM,OMN,OMAN
484174,VISA,CREDIT,CLASSIC,IBL BANK S.A.L.,,,LB,LBN,LEBANON
484175,VISA,CREDIT,PLATINUM,IBL BANK S.A.L.,,,LB,LBN,LEBANON
484176,VISA,CREDIT,INFINITE,IBL BANK S.A.L.,,,LB,LBN,LEBANON
484190,VISA,CREDIT,CORPORATE T&E,COMMERCIAL BANK OF DUBAI(PSC),,,AE,ARE,UNITED ARAB EMIRATES
484555,VISA,DEBIT,PLATINUM,BANK OF BAHRAIN & KUWAIT B.S.C.,,,BH,BHR,BAHRAIN
484701,VISA,DEBIT,CLASSIC,AMWAL FOR ELECTRONIC BANKING SERVICES CO.,,,IQ,IRQ,IRAQ
484713,VISA,DEBIT,CLASSIC,AL-SALAM BANK - BAHRAIN B.S.C.,,,BH,BHR,BAHRAIN
484783,VISA,DEBIT,CLASSIC,AL RAJHI BANKING AND INVESTMENT CORP.,4433 92 000 + 966 OR 33 334 601 +966,http://www.alrajhibank.com.sa,SA,SAU,SAUDI ARABIA
484790,VISA,CREDIT,PLATINUM,THE NATIONAL BANK OF RAS AL-KHAIMAH,,,AE,ARE,UNITED ARAB EMIRATES
484817,VISA,CREDIT,INFINITE,TRADE BANK OF IRAQ,+96415433561,http://www.tbiraq.com,IQ,IRQ,IRAQ
484823,VISA,DEBIT,PLATINUM,"DOHA BANK, LTD.",,,QA,QAT,QATAR
484832,VISA,DEBIT,CLASSIC,HSBC BANK MIDDLE EAST,+97317569999,http://www.hsbc.ae,BH,BHR,BAHRAIN
484833,VISA,DEBIT,CLASSIC,HSBC BANK MIDDLE EAST,+97317569999,http://www.hsbc.ae,BH,BHR,BAHRAIN
484834,VISA,DEBIT,PLATINUM,HSBC BANK MIDDLE EAST,+97317569999,http://www.hsbc.ae,BH,BHR,BAHRAIN
484835,VISA,DEBIT,PLATINUM,HSBC BANK MIDDLE EAST,+97317569999,http://www.hsbc.ae,BH,BHR,BAHRAIN
484836,VISA,DEBIT,PLATINUM,HSBC BANK MIDDLE EAST,+97317569999,http://www.hsbc.ae,BH,BHR,BAHRAIN
484837,VISA,DEBIT,PLATINUM,HSBC BANK MIDDLE EAST,+97317569999,http://www.hsbc.ae,BH,BHR,BAHRAIN
484882,VISA,DEBIT,CLASSIC,BANK AUDI SAL,,,LB,LBN,LEBANON
484889,VISA,CREDIT,INFINITE,QATAR NATIONAL BANK S.A.E,,,EG,EGY,EGYPT
484890,VISA,DEBIT,INFINITE,QATAR NATIONAL BANK S.A.E,,,EG,EGY,EGYPT
485005,VISA,CREDIT,SIGNATURE,THE SAUDI NATIONAL BANK,,,SA,SAU,SAUDI ARABIA
485015,VISA,CREDIT,PLATINUM,BANQUE LIBANO-FRANCAISE SAL,,,LB,LBN,LEBANON
485041,VISA,DEBIT,PREPAID CLASSIC,ARAB PAYMENT SERVICES,,,IQ,IRQ,IRAQ
485042,VISA,CREDIT,INFINITE,THE SAUDI NATIONAL BANK,,,SA,SAU,SAUDI ARABIA
485368,VISA,DEBIT,CLASSIC,CREDIT BANK OF IRAQ,,,IQ,IRQ,IRAQ
485441,VISA,CREDIT,PLATINUM,THE COMMERCIAL BANK OF KUWAIT S.A.K.,,,KW,KWT,KUWAIT
485494,VISA,CREDIT,CLASSIC,"NATIONAL BANK OF GREECE, S.A.",,http://www.nbg.gr,EG,EGY,EGYPT
485495,VISA,CREDIT,GOLD,"NATIONAL BANK OF GREECE, S.A.",,http://www.nbg.gr,EG,EGY,EGYPT
485502,VISA,DEBIT,PREPAID PURCHASING,EMIRATES NBD BANK (P.J.S.C.),+971800456,http://www.emiratesnbd.com,AE,ARE,UNITED ARAB EMIRATES
485541,VISA,CREDIT,,,,,AE,ARE,UNITED ARAB EMIRATES
485602,VISA,DEBIT,BUSINESS,KUWAIT FINANCE HOUSE,+9651803333,http://www.kfh.com,KW,KWT,KUWAIT
485622,VISA,DEBIT,CLASSIC,ARAB BANK PLC,+20 2 19100,http://www.arabbank.jo,EG,EGY,EGYPT
485643,VISA,CREDIT,PLATINUM,MASHREQBANK,+97143632250,http://www.mashreqbank.com,AE,ARE,UNITED ARAB EMIRATES
486075,VISA,CREDIT,BUSINESS,DUBAI ISLAMIC BANK,,http://www.alislami.ae,AE,ARE,UNITED ARAB EMIRATES
486087,VISA,CREDIT,PLATINUM,ARAB BANK PLC,+961 (7) 751070-2,http://www.arabbank.jo,LB,LBN,LEBANON
486094,VISA,DEBIT,GOLD,ARAB NATIONAL BANK,,,SA,SAU,SAUDI ARABIA
486095,VISA,DEBIT,PLATINUM,ARAB NATIONAL BANK,,,SA,SAU,SAUDI ARABIA
486096,VISA,DEBIT,INFINITE,ARAB NATIONAL BANK,,,SA,SAU,SAUDI ARABIA
486099,VISA,CREDIT,CLASSIC,JAMMAL TRUST BANK S.A.L.,,,LB,LBN,LEBANON
486100,VISA,CREDIT,GOLD,JAMMAL TRUST BANK S.A.L.,,,LB,LBN,LEBANON
486206,VISA,CREDIT,INFINITE,GIB-SA,,,SA,SAU,SAUDI ARABIA
486318,VISA,CREDIT,BUSINESS ENHANCED,COMMERCIAL INTERNATIONAL BANK,+20227383011,http://www.cibeg.com,EG,EGY,EGYPT
486360,VISA,DEBIT,GOLD,TRADE BANK OF IRAQ,+96415433561,http://www.tbiraq.com,IQ,IRQ,IRAQ
486393,VISA,DEBIT,GOLD,BANK OF ALEXANDRIA,1 9 0 3 3 OR (02) 3938623 - 3913822 - 3916796,http://www.alexbank.com,EG,EGY,EGYPT
486398,VISA,DEBIT,,,,,BH,BHR,BAHRAIN
486650,VISA,CREDIT,PURCHASING,"CITIBANK, NATIONAL ASSOCIATION",,,AE,ARE,UNITED ARAB EMIRATES
486653,VISA,CREDIT,PURCHASING,AL-RAJHI BANKING AND INVESTMENT CORPORATION,,,SA,SAU,SAUDI ARABIA
486667,VISA,CREDIT,PURCHASING,"CITIBANK, NATIONAL ASSOCIATION",,,EG,EGY,EGYPT
486675,VISA,CREDIT,PURCHASING,COMMERCIAL BANK OF DUBAI(PSC),,,AE,ARE,UNITED ARAB EMIRATES
486984,VISA,DEBIT,,,,,IQ,IRQ,IRAQ
487052,VISA,DEBIT,PREPAID,BLOM BANK S.A.L.,(961-1) 738938 - 743300 OR (961-1) 372780 - 370830 - 373102,http://www.blom.com.lb,LB,LBN,LEBANON
487402,VISA,DEBIT,PREPAID CLASSIC,ARAB JORDAN INVESTMENT BANK,,,JO,JOR,JORDAN
487404,VISA,CREDIT,BUSINESS,AL RAJHI BANKING AND INVESTMENT CORP.,4433 92 000 + 966 OR 33 334 601 +966,http://www.alrajhibank.com.sa,SA,SAU,SAUDI ARABIA
487406,VISA,CREDIT,SIGNATURE,BANK DHOFAR (S.A.O.G.),+96824791111 / +96824790466,http://www.bankdhofar.com,OM,OMN,OMAN
487423,VISA,DEBIT,ELECTRON,CAIRO AMMAN BANK,+96265006000 / +96265006000,http://www.cab.jo,JO,JOR,JORDAN
487454,VISA,DEBIT,ELECTRON,CAIRO AMMAN BANK,+96265006000 / +96265006000,http://www.cab.jo,JO,JOR,JORDAN
487749,VISA,CREDIT,,,,,AE,ARE,UNITED ARAB EMIRATES
487766,VISA,CREDIT,,,,,AE,ARE,UNITED ARAB EMIRATES
487952,VISA,DEBIT,,BLOM,,,LB,LBN,LEBANON
488181,VISA,DEBIT,,,,,EG,EGY,EGYPT
488495,VISA,CREDIT,,,,,AE,ARE,UNITED ARAB EMIRATES
488520,VISA,DEBIT,,,,,EG,EGY,EGYPT
488526,VISA,CREDIT,,,,,SA,SAU,SAUDI ARABIA
488909,VISA,DEBIT,PREPAID PLATINUM,FIRST ABU DHABI BANK (PJSC),,,AE,ARE,UNITED ARAB EMIRATES
488953,VISA,CREDIT,PLATINUM,NATIONAL BANK OF EGYPT,,http://www.nbe.com.eg,EG,EGY,EGYPT
488978,VISA,DEBIT,INFINITE,BANK OF BAHRAIN & KUWAIT B.S.C.,,,BH,BHR,BAHRAIN
489003,VISA,CREDIT,,NETWORK INTERNATIONAL LLC,,,AE,ARE,UNITED ARAB EMIRATES
489004,VISA,CREDIT,,NETWORK INTERNATIONAL LLC,,,AE,ARE,UNITED ARAB EMIRATES
489005,VISA,CREDIT,,NETWORK INTERNATIONAL LLC,,,AE,ARE,UNITED ARAB EMIRATES
489009,VISA,CREDIT,PLATINUM,BANK OF BEIRUT SAL,,,LB,LBN,LEBANON
489015,VISA,DEBIT,PREPAID CLASSIC,THE COMMERCIAL BANK OF KUWAIT S.A.K.,,,KW,KWT,KUWAIT
489019,VISA,CREDIT,CORPORATE T&E,MASRAF AL RAYAN,+97444253333,http://www.alrayan.com,QA,QAT,QATAR
489022,VISA,CREDIT,REWARDS,STC BANK,,,SA,SAU,SAUDI ARABIA
489075,VISA,CREDIT,SIGNATURE,SOHAR INTERNATIONAL BANK (S.A.O.G),,,OM,OMN,OMAN
489076,VISA,CREDIT,CORPORATE T&E,SOHAR INTERNATIONAL BANK (S.A.O.G),,,OM,OMN,OMAN
489090,VISA,CREDIT,INFINITE,BANK DHOFAR (S.A.O.G.),+96824791111 / +96824790466,http://www.bankdhofar.com,OM,OMN,OMAN
489091,VISA,DEBIT,PLATINUM,BANK DHOFAR (S.A.O.G.),+96824791111 / +96824790466,http://www.bankdhofar.com,OM,OMN,OMAN
489092,VISA,DEBIT,CLASSIC,FIRST ABU DHABI BANK (PJSC),,,EG,EGY,EGYPT
489093,VISA,DEBIT,,BANKMED S.A.L.,+9611708090,http://www.bankmed.com.lb,LB,LBN,LEBANON
489168,VISA,DEBIT,PREPAID PLATINUM,ABU DHABI ISLAMIC BANK,+97126100600,http://www.adib.ae,AE,ARE,UNITED ARAB EMIRATES
489189,VISA,DEBIT,CLASSIC,BYBLOS BANK SAL,,,LB,LBN,LEBANON
489266,VISA,DEBIT,CLASSIC,NATIONAL BANK OF EGYPT,,http://www.nbe.com.eg,EG,EGY,EGYPT
489303,VISA,DEBIT,CLASSIC,SOCIETE ARABE INTERNATIONALE DE BANQUE,,,EG,EGY,EGYPT
489304,VISA,DEBIT,PREPAID CLASSIC,BANQUE MISR,+20223912150,http://www.banquemisr.com,EG,EGY,EGYPT
489305,VISA,DEBIT,,SOCIETE ARABE INTERNATIONALE DE BANQUE,,,EG,EGY,EGYPT
489306,VISA,CREDIT,PLATINUM,ABU DHABI ISLAMIC BANK,+97126100600,http://www.adib.ae,AE,ARE,UNITED ARAB EMIRATES
489317,VISA,CREDIT,SIGNATURE BUSINESS,BANK AL JAZIRA,(966) 2 609 8888,http://www.baj.com.sa,SA,SAU,SAUDI ARABIA
489318,VISA,DEBIT,REWARDS,BANK AL JAZIRA,(966) 2 609 8888,http://www.baj.com.sa,SA,SAU,SAUDI ARABIA
489319,VISA,DEBIT,PLATINUM,BANK AL JAZIRA,(966) 2 609 8888,http://www.baj.com.sa,SA,SAU,SAUDI ARABIA
489322,VISA,DEBIT,CLASSIC,AGRICULTURAL BANK OF EGYPT (ABE),,,EG,EGY,EGYPT
489328,VISA,DEBIT,REWARDS,QATAR ISLAMIC BANK (S.A.Q.),+97444385555,,QA,QAT,QATAR
489329,VISA,CREDIT,PLATINUM,QATAR ISLAMIC BANK (S.A.Q.),+97444385555,,QA,QAT,QATAR
489330,VISA,CREDIT,PLATINUM,QATAR ISLAMIC BANK (S.A.Q.),+97444385555,,QA,QAT,QATAR
489336,VISA,DEBIT,PLATINUM,CREDIT LIBANAIS S.A.L.,+9611900111,http://www.creditlibanais.com.lb,LB,LBN,LEBANON
489337,VISA,CREDIT,GOLD,FRANSABANK S.A.L.,+9611340180,http://www.fransabank.com,LB,LBN,LEBANON
489338,VISA,CREDIT,REWARDS,FRANSABANK S.A.L.,+9611340180,http://www.fransabank.com,LB,LBN,LEBANON
489447,VISA,DEBIT,PREPAID CLASSIC,BANK AL JAZIRA,(966) 2 609 8888,http://www.baj.com.sa,SA,SAU,SAUDI ARABIA
489555,VISA,DEBIT,SIGNATURE,BANK OF BAHRAIN & KUWAIT B.S.C.,,,BH,BHR,BAHRAIN
489671,VISA,CREDIT,BUSINESS ENHANCED,STC BANK,,,SA,SAU,SAUDI ARABIA
489674,VISA,CREDIT,SIGNATURE BUSINESS,STC BANK,,,SA,SAU,SAUDI ARABIA
490191,VISA,CREDIT,PLATINUM,MASHREQBANK,+97143632250,http://www.mashreqbank.com,AE,ARE,UNITED ARAB EMIRATES
490455,VISA,DEBIT,INFINITE,BOUBYAN BANK K.S.C.,,,KW,KWT,KUWAIT
490456,VISA,DEBIT,PLATINUM,BOUBYAN BANK K.S.C.,,,KW,KWT,KUWAIT
490496,VISA,CREDIT,PLATINUM,AL-SALAM BANK - BAHRAIN B.S.C.,,,BH,BHR,BAHRAIN
490745,VISA,DEBIT,PREPAID CLASSIC,AL BILAD BANK,9662918884,http://www.bankalbilad.com,SA,SAU,SAUDI ARABIA
490810,VISA,CREDIT,SIGNATURE BUSINESS,AL RAJHI BANKING AND INVESTMENT CORP.,4433 92 000 + 966 OR 33 334 601 +966,http://www.alrajhibank.com.sa,SA,SAU,SAUDI ARABIA
490816,VISA,CREDIT,PLATINUM,EGYPTIAN ARAB LAND BANK,2023383691,https://www.eal-bank.com,JO,JOR,JORDAN
490903,VISA,CREDIT,CLASSIC,BANKMUSCAT (SAOG),,,OM,OMN,OMAN
490905,VISA,CREDIT,GOLD,BANKMUSCAT (SAOG),,,OM,OMN,OMAN
490917,VISA,DEBIT,PREPAID CLASSIC,ARAB NATIONAL BANK,,,SA,SAU,SAUDI ARABIA
490921,VISA,DEBIT,ELECTRON,HSBC BANK OMAN S.A.O.G,,,OM,OMN,OMAN
490951,VISA,CREDIT,REWARDS,BANQUE LIBANO-FRANCAISE SAL,,,LB,LBN,LEBANON
490952,VISA,CREDIT,REWARDS,BANQUE LIBANO-FRANCAISE SAL,,,LB,LBN,LEBANON
490953,VISA,CREDIT,REWARDS,BANQUE LIBANO-FRANCAISE SAL,,,LB,LBN,LEBANON
490954,VISA,CREDIT,INFINITE,BANQUE LIBANO-FRANCAISE SAL,,,LB,LBN,LEBANON
490955,VISA,DEBIT,CLASSIC,BANQUE LIBANO-FRANCAISE SAL,,,LB,LBN,LEBANON
490956,VISA,CREDIT,PLATINUM,BANQUE LIBANO-FRANCAISE SAL,,,LB,LBN,LEBANON
490980,VISA,DEBIT,PREPAID CLASSIC,AL RAJHI BANKING AND INVESTMENT CORP.,4433 92 000 + 966 OR 33 334 601 +966,http://www.alrajhibank.com.sa,SA,SAU,SAUDI ARABIA
490981,VISA,CREDIT,PLATINUM,QATAR ISLAMIC BANK (S.A.Q.),+97444385555,,QA,QAT,QATAR
491208,VISA,CREDIT,,HSBC UAE,+97142241000,http://www.hsbc.ae,AE,ARE,UNITED ARAB EMIRATES
491236,VISA,CREDIT,PLATINUM,HSBC BANK MIDDLE EAST,+97142241000,http://www.hsbc.ae,AE,ARE,UNITED ARAB EMIRATES
491237,VISA,CREDIT,PLATINUM,HSBC BANK MIDDLE EAST,+97142241000,http://www.hsbc.ae,AE,ARE,UNITED ARAB EMIRATES
491419,VISA,DEBIT,CLASSIC,OMAN ARAB BANK SAO,(800) 860-9227,,OM,OMN,OMAN
491610,VISA,CREDIT,,ARAB NATIONAL BANK,,,SA,SAU,SAUDI ARABIA
491651,VISA,DEBIT,ELECTRON,"COMMERCIAL BANK OF DUBAI, LTD.",,,AE,ARE,UNITED ARAB EMIRATES
491652,VISA,CREDIT,CORPORATE T&E,EMIRATES NBD BANK (P.J.S.C.),+971800456,http://www.emiratesnbd.com,AE,ARE,UNITED ARAB EMIRATES
491726,VISA,DEBIT,ELECTRON,CREDIT LIBANAIS S.A.L.,+9611900111,http://www.creditlibanais.com.lb,LB,LBN,LEBANON
491727,VISA,CREDIT,BUSINESS ENHANCED,MASHREQBANK,+97143632250,http://www.mashreqbank.com,AE,ARE,UNITED ARAB EMIRATES
491773,VISA,DEBIT,PREPAID BUSINESS,NYMCARD PAYMENT SERVICES L.L.C.,,,AE,ARE,UNITED ARAB EMIRATES
491797,VISA,CREDIT,SIGNATURE,HSBC BANK MIDDLE EAST,+97142241000,http://www.hsbc.ae,AE,ARE,UNITED ARAB EMIRATES
491807,VISA,DEBIT,ELECTRON,MASHREQBANK,+97444083111,http://www.mashreqbank.com,QA,QAT,QATAR
491809,VISA,CREDIT,SIGNATURE,HSBC BANK MIDDLE EAST,+97142241000,http://www.hsbc.ae,AE,ARE,UNITED ARAB EMIRATES
491810,VISA,CREDIT,INFINITE,HSBC BANK MIDDLE EAST,+97142241000,http://www.hsbc.ae,AE,ARE,UNITED ARAB EMIRATES
492067,VISA,CREDIT,,"COMMERCIAL BANK OF DUBAI, LTD.",,,AE,ARE,UNITED ARAB EMIRATES
492082,VISA,CREDIT,PLATINUM,"CITIBANK, NATIONAL ASSOCIATION",,,AE,ARE,UNITED ARAB EMIRATES
492087,VISA,CREDIT,PLATINUM,"CITIBANK, NATIONAL ASSOCIATION",,,AE,ARE,UNITED ARAB EMIRATES
492091,VISA,CREDIT,CLASSIC,EMIRATES NBD BANK (P.J.S.C.),+971800456,http://www.emiratesnbd.com,AE,ARE,UNITED ARAB EMIRATES
492092,VISA,CREDIT,REWARDS,EMIRATES NBD BANK (P.J.S.C.),+971800456,http://www.emiratesnbd.com,AE,ARE,UNITED ARAB EMIRATES
492096,VISA,DEBIT,PREPAID PLATINUM,FIRST ABU DHABI BANK (PJSC),,,AE,ARE,UNITED ARAB EMIRATES
492145,VISA,CREDIT,SIGNATURE,BARRAQ FINANCE COMPANY,,,SA,SAU,SAUDI ARABIA
492186,VISA,CREDIT,INFINITE,FIRST ABU DHABI BANK (PJSC),,,AE,ARE,UNITED ARAB EMIRATES
492190,VISA,DEBIT,PLATINUM,BURGAN BANK (S.A.K.),,,KW,KWT,KUWAIT
492237,VISA,CREDIT,ULTRA HIGH NET WORTH,EMIRATES NBD BANK (P.J.S.C.),+971800456,http://www.emiratesnbd.com,AE,ARE,UNITED ARAB EMIRATES
492464,VISA,DEBIT,CLASSIC,QATAR NATIONAL BANK (Q.P.S.C.),,,SA,SAU,SAUDI ARABIA
492825,VISA,DEBIT,ATM CARD,,,,EG,EGY,EGYPT
492839,VISA,DEBIT,ATM CARD,,,,IL,ISR,ISRAEL
493192,VISA,CREDIT,GOLD,SOHAR INTERNATIONAL BANK (S.A.O.G),,,OM,OMN,OMAN
493306,VISA,DEBIT,,,,,EG,EGY,EGYPT
493395,VISA,CREDIT,,,,,IL,ISR,ISRAEL
493428,VISA,DEBIT,PLATINUM,ARAB NATIONAL BANK,,,SA,SAU,SAUDI ARABIA
493475,VISA,DEBIT,PLATINUM,"NATIONAL BANK OF KUWAIT, S.A.K.",+97317583333,http://www.nbk.com,BH,BHR,BAHRAIN
493528,VISA,DEBIT,PLATINUM,ATTIJARIWAFA BANK EGYPT S.A.E,,,EG,EGY,EGYPT
493749,VISA,DEBIT,PREPAID CLASSIC,FIRST ABU DHABI BANK (PJSC),,,AE,ARE,UNITED ARAB EMIRATES
493750,VISA,CREDIT,SIGNATURE,FIRST ABU DHABI BANK (PJSC),,,AE,ARE,UNITED ARAB EMIRATES
493814,VISA,CREDIT,CORPORATE T&E,CREDIMAX B.S.C. (CLOSED),,,BH,BHR,BAHRAIN
493816,VISA,CREDIT,CLASSIC,"QATAR NATIONAL BANK, S. A. Q.",,,QA,QAT,QATAR
493818,VISA,CREDIT,PLATINUM,QATAR NATIONAL BANK (Q.P.S.C.),,,QA,QAT,QATAR
493838,VISA,CREDIT,CLASSIC,CREDIMAX B.S.C. (CLOSED),,,BH,BHR,BAHRAIN
493845,VISA,CREDIT,PLATINUM,FIRST ABU DHABI BANK (PJSC),,,AE,ARE,UNITED ARAB EMIRATES
493985,VISA,CREDIT,,,,,SA,SAU,SAUDI ARABIA
494029,VISA,CREDIT,INFINITE,EMIRATES NBD BANK (P.J.S.C.),+971800456,http://www.emiratesnbd.com,AE,ARE,UNITED ARAB EMIRATES
494047,VISA,DEBIT,BUSINESS ENHANCED,QATAR INTERNATIONAL ISLAMIC BANK,,http://www.qiib.com.qa,QA,QAT,QATAR
494055,VISA,CREDIT,,UNITED MIZRAHI BANK,44 226 86 86,http://www.mizrahi-tefahot.co.il,IL,ISR,ISRAEL
494073,VISA,DEBIT,CLASSIC,HOUSING BANK FOR TRADE AND FINANCE,(962-6) 5678121 - 5691675,http://www.hbtf.com,JO,JOR,JORDAN
494074,VISA,DEBIT,GOLD,HOUSING BANK FOR TRADE AND FINANCE,(962-6) 5678121 - 5691675,http://www.hbtf.com,JO,JOR,JORDAN
494110,VISA,DEBIT,PREPAID PLATINUM,NYMCARD PAYMENT SERVICES L.L.C.,,,AE,ARE,UNITED ARAB EMIRATES
494111,VISA,DEBIT,BUSINESS,MASHREQBANK,+97143632250,http://www.mashreqbank.com,AE,ARE,UNITED ARAB EMIRATES
494329,VISA,DEBIT,BUSINESS,AL RAJHI BANKING AND INVESTMENT CORP.,4433 92 000 + 966 OR 33 334 601 +966,http://www.alrajhibank.com.sa,SA,SAU,SAUDI ARABIA
494506,VISA,DEBIT,,,,,EG,EGY,EGYPT
494509,VISA,DEBIT,,,,,EG,EGY,EGYPT
494606,VISA,DEBIT,PLATINUM,NATIONAL BANK OF EGYPT,,http://www.nbe.com.eg,EG,EGY,EGYPT
494607,VISA,DEBIT,BUSINESS,NATIONAL BANK OF EGYPT,,http://www.nbe.com.eg,EG,EGY,EGYPT
494608,VISA,CREDIT,CLASSIC,NATIONAL BANK OF EGYPT,,http://www.nbe.com.eg,EG,EGY,EGYPT
494609,VISA,DEBIT,PREPAID CLASSIC,NATIONAL BANK OF EGYPT,,http://www.nbe.com.eg,EG,EGY,EGYPT
494683,VISA,DEBIT,PREPAID PLATINUM,THE HOUSING BANK FOR TRADE & FINANCE,,,JO,JOR,JORDAN
494705,VISA,CREDIT,,,,,KW,KWT,KUWAIT
495216,VISA,DEBIT,,,,,EG,EGY,EGYPT
495485,VISA,DEBIT,,,,,EG,EGY,EGYPT
495541,VISA,CREDIT,,,,,AE,ARE,UNITED ARAB EMIRATES
495892,VISA,CREDIT,,,,,SA,SAU,SAUDI ARABIA
495932,VISA,CREDIT,,,,,IL,ISR,ISRAEL
496635,VISA,CREDIT,SIGNATURE,FIRST ABU DHABI BANK (PJSC),,,AE,ARE,UNITED ARAB EMIRATES
496649,VISA,CREDIT,PLATINUM,SAMBA FINANCIAL GROUP,+9668001242000,http://www.samba.com,SA,SAU,SAUDI ARABIA
496655,VISA,CREDIT,REWARDS,BANQUE SAUDI FRANSI,966 1 289 9999 OR 966 1 874 4000,http://www.alfransi.com.sa,SA,SAU,SAUDI ARABIA
496920,VISA,DEBIT,,,,,EG,EGY,EGYPT
496936,VISA,DEBIT,,,,,EG,EGY,EGYPT
496998,VISA,DEBIT,,,,,EG,EGY,EGYPT
497143,VISA,DEBIT,PREPAID CLASSIC,BANKMED SAL,,,LB,LBN,LEBANON
497145,VISA,CREDIT,PLATINUM,MASRAF AL RAYAN,+97444253333,http://www.alrayan.com,QA,QAT,QATAR
498432,VISA,DEBIT,PLATINUM,ABU DHABI ISLAMIC BANK,+97126100600,http://www.adib.ae,AE,ARE,UNITED ARAB EMIRATES
498495,VISA,CREDIT,GOLD,KUWAIT FINANCE HOUSE,+9651803333,http://www.kfh.com,KW,KWT,KUWAIT
498622,VISA,CREDIT,INFINITE,QATAR ISLAMIC BANK (S.A.Q.),+97444385555,,QA,QAT,QATAR
498778,VISA,DEBIT,GOLD,EMIRATES NBD BANK (P.J.S.C.),+971800456,http://www.emiratesnbd.com,AE,ARE,UNITED ARAB EMIRATES
498813,VISA,DEBIT,CLASSIC,BANQUE MISR,+20223912150,http://www.banquemisr.com,EG,EGY,EGYPT
498814,VISA,DEBIT,BUSINESS,BANQUE MISR,+20223912150,http://www.banquemisr.com,EG,EGY,EGYPT
498835,VISA,DEBIT,CLASSIC,ABU DHABI COMMERCIAL BANK - ADCB - EGYPT,,,EG,EGY,EGYPT
498839,VISA,CREDIT,GOLD,BANQUE MISR,+20223912150,http://www.banquemisr.com,EG,EGY,EGYPT
498880,VISA,CREDIT,CLASSIC,BANQUE MISR,+20223912150,http://www.banquemisr.com,EG,EGY,EGYPT
498881,VISA,CREDIT,CLASSIC,BANQUE MISR,+20223912150,http://www.banquemisr.com,EG,EGY,EGYPT
498884,VISA,CREDIT,PLATINUM,COMMERCIAL BANK OF QATAR (Q.S.C.),+97444490000,http://www.cbq.com.qa,QA,QAT,QATAR
498896,VISA,CREDIT,INFINITE,JORDAN AHLI BANK,+96265007777,http://www.ahli.com,JO,JOR,JORDAN
499823,VISA,CREDIT,SIGNATURE BUSINESS,CEDRUS BANK SAL,,,LB,LBN,LEBANON
501205,MAESTRO,DEBIT,STANDARD,,,,IL,ISR,ISRAEL
501639,LOCAL BRAND,DEBIT,,NATIONAL BANK OF BAHRAIN,,,AE,ARE,UNITED ARAB EMIRATES
501828,MAESTRO,DEBIT,STANDARD,,,,SA,SAU,SAUDI ARABIA
502122,MAESTRO,DEBIT,,,,,LB,LBN,LEBANON
502132,MAESTRO,DEBIT,STANDARD,,,,BH,BHR,BAHRAIN
502225,MAESTRO,DEBIT,STANDARD,,,,EG,EGY,EGYPT
503808,MAESTRO,DEBIT,STANDARD,,,,IL,ISR,ISRAEL
503857,MAESTRO,DEBIT,STANDARD,,,,SY,SYR,SYRIAN ARAB REPUBLIC
503948,MAESTRO,DEBIT,STANDARD,,,,IL,ISR,ISRAEL
504300,MAESTRO,DEBIT,STANDARD,BANK AL-JAZIRA,,,SA,SAU,SAUDI ARABIA
504342,MAESTRO,DEBIT,STANDARD,,,,AE,ARE,UNITED ARAB EMIRATES
504716,MAESTRO,DEBIT,STANDARD,,,,AE,ARE,UNITED ARAB EMIRATES
505590,MAESTRO,DEBIT,,,,,AE,ARE,UNITED ARAB EMIRATES
505823,CMI,DEBIT,MEEZA,SGMA,,,EG,EGY,EGYPT
506482,MAESTRO,DEBIT,,,,,JO,JOR,JORDAN
506623,MAESTRO,DEBIT,STANDARD,,,,EG,EGY,EGYPT
506652,MAESTRO,DEBIT,STANDARD,,,,EG,EGY,EGYPT
506968,MAESTRO,DEBIT,PREPAID,AL RAJHI BANKING AND INVESTMENT CORP.,4433 92 000 + 966 OR 33 334 601 +966,http://www.alrajhibank.com.sa,SA,SAU,SAUDI ARABIA
507803,MEEZA,DEBIT,STANDARD,EGYPTIAN BANKS COMPANY FOR TECHNOLOGICAL ADVANCEMENTS,,,EG,EGY,EGYPT
507808,MEEZA,DEBIT,STANDARD,EGYPTIAN BANKS COMPANY FOR TECHNOLOGICAL ADVANCEMENTS,,,EG,EGY,EGYPT
507809,MEEZA,DEBIT,STANDARD,,,,EG,EGY,EGYPT
507810,MEEZA,DEBIT,STANDARD,EGYPTIAN BANKS COMPANY FOR TECHNOLOGICAL ADVANCEMENTS,,,EG,EGY,EGYPT
508160,MAESTRO,DEBIT,,SAUDI AMERICAN BANK,,http://www.sabb.com,SA,SAU,SAUDI ARABIA
510016,MASTERCARD,CREDIT,PLATINUM,UNITED BANK S.E.A.,,,EG,EGY,EGYPT
510037,MASTERCARD,CREDIT,MIXED PRODUCT,ALAWWAL BANK,,,SA,SAU,SAUDI ARABIA
510042,MASTERCARD,DEBIT,PREPAID PLATINUM TRAVEL,COMMERCIAL BANK OF KUWAIT S.A.K.,,,KW,KWT,KUWAIT
510046,MASTERCARD,CREDIT,STANDARD,ISRAEL CREDIT CARDS LTD.,,,IL,ISR,ISRAEL
510049,MASTERCARD,CREDIT,STANDARD,"MAX IT FINANCE, LTD.",,,IL,ISR,ISRAEL
510062,MASTERCARD,CREDIT,GOLD,SOHAR INTERNATIONAL BANK SAOG,,,OM,OMN,OMAN
510081,MASTERCARD,CREDIT,STANDARD,FIRST ABU DHABI BANK PJSC,+971600525500,https://www.bankfab.com,AE,ARE,UNITED ARAB EMIRATES
510085,MASTERCARD,CREDIT,STANDARD,BBAC S.A.L.,,,LB,LBN,LEBANON
510090,MASTERCARD,CREDIT,STANDARD,NETWORK INTERNATIONAL LLC,,,EG,EGY,EGYPT
510097,MASTERCARD,CREDIT,PLATINUM,FIRST ABU DHABI BANK PJSC,+971600525500,https://www.bankfab.com,AE,ARE,UNITED ARAB EMIRATES
510113,MASTERCARD,CREDIT,PLATINUM,THE NATIONAL BANK PLC,,,PS,PSE,"PALESTINIAN TERRITORY, OCCUPIED"
510146,MASTERCARD,CREDIT,B2B,INFINIOS FINANCIAL SERVICES B.S.C. CLOSED,,,BH,BHR,BAHRAIN
510167,MASTERCARD,DEBIT,PREPAID,INTERNATIONAL ISLAMIC BANK,,,IQ,IRQ,IRAQ
510192,MASTERCARD,CREDIT,WORLD,THE BANK OF JORDAN,,,JO,JOR,JORDAN
510251,MASTERCARD,DEBIT,STANDARD,"NETWORK INTERNATIONAL ARABIA, LTD.",,,SA,SAU,SAUDI ARABIA
510375,MASTERCARD,DEBIT,STANDARD,ARAB FINANCIAL SERVICES COMPANY B.S.C. (C),,,BH,BHR,BAHRAIN
510389,MASTERCARD,DEBIT,TITANIUM,ABU DHABI COMMERCIAL BANK,+97126962222,http://www.adcb.com,AE,ARE,UNITED ARAB EMIRATES
510413,MASTERCARD,DEBIT,PREPAID,JORDANIAN ELAF FOR INTEGRATED SOLUTIONS,,,JO,JOR,JORDAN
510414,MASTERCARD,DEBIT,PLATINUM,"SUEZ CANAL BANK, S.A.E.",,,EG,EGY,EGYPT
510422,MASTERCARD,DEBIT,STANDARD,COMMERCIAL INTERNATIONAL BANK (EGYPT) S.A.E.,971 - 4 - 3589381,http://www.cibeg.com,EG,EGY,EGYPT
510435,MASTERCARD,CREDIT,STANDARD,NATIONAL BANK OF EGYPT,,http://www.nbe.com.eg,EG,EGY,EGYPT
510451,MASTERCARD,DEBIT,STANDARD,FRANSABANK SAL,,,LB,LBN,LEBANON
510459,MASTERCARD,DEBIT,STANDARD,FRANSABANK SAL,,,LB,LBN,LEBANON
510461,MASTERCARD,DEBIT,GOLD,SOHAR INTERNATIONAL BANK SAOG,,,OM,OMN,OMAN
510463,MASTERCARD,DEBIT,WORLD,DUKHAN BANK Q.P.S.C.,,,QA,QAT,QATAR
510468,MASTERCARD,CREDIT,,NETWORK INTERNATIONAL LLC,,,AE,ARE,UNITED ARAB EMIRATES
510469,MASTERCARD,DEBIT,PREPAID,CAPITAL BANK OF JORDAN,,,JO,JOR,JORDAN
510470,MASTERCARD,DEBIT,ELECTRON,,,,AE,ARE,UNITED ARAB EMIRATES
510471,MASTERCARD,DEBIT,PREPAID,COMMERCIAL BANK OF QATAR Q.S.C,,,QA,QAT,QATAR
510474,MASTERCARD,DEBIT,PREPAID,NATIONAL BANK OF EGYPT,,http://www.nbe.com.eg,EG,EGY,EGYPT
510479,MASTERCARD,DEBIT,ELECTRON,FRANSABANK S.A.L.,+9611340180,http://www.fransabank.com,LB,LBN,LEBANON
510482,MASTERCARD,DEBIT,STANDARD,COMMERCIAL INTERNATIONAL BANK (EGYPT) S.A.E.,971 - 4 - 3589381,http://www.cibeg.com,EG,EGY,EGYPT
510487,MASTERCARD,DEBIT,PREPAID,EMIRATES NBD,+971800456,http://www.emiratesnbd.com,AE,ARE,UNITED ARAB EMIRATES
510493,MASTERCARD,CREDIT,TITANIUM,BANQUE DU CAIRE,+20222648410,http://www.bdc.com.eg,EG,EGY,EGYPT
510497,MASTERCARD,DEBIT,PREPAID,NATIONAL BANK OF EGYPT,,http://www.nbe.com.eg,EG,EGY,EGYPT
510501,MASTERCARD,DEBIT,PREPAID,NATIONAL BANK OF EGYPT,,http://www.nbe.com.eg,EG,EGY,EGYPT
510502,MASTERCARD,DEBIT,GOLD,NATIONAL BANK OF EGYPT,,http://www.nbe.com.eg,EG,EGY,EGYPT
510504,MASTERCARD,DEBIT,BUSINESS,NATIONAL BANK OF EGYPT,,http://www.nbe.com.eg,EG,EGY,EGYPT
510519,MASTERCARD,DEBIT,PREPAID,BANQUE MISR,+20223912150,http://www.banquemisr.com,EG,EGY,EGYPT
510520,MASTERCARD,DEBIT,PREPAID,BANQUE MISR,+20223912150,http://www.banquemisr.com,EG,EGY,EGYPT
510521,MASTERCARD,DEBIT,PREPAID,BANQUE MISR,+20223912150,http://www.banquemisr.com,EG,EGY,EGYPT
510522,MASTERCARD,CREDIT,WORLD ELITE,"SUEZ CANAL BANK, S.A.E.",,,EG,EGY,EGYPT
510523,MASTERCARD,DEBIT,PREPAID,COMMERCIAL INTERNATIONAL BANK (EGYPT) S.A.E.,971 - 4 - 3589381,http://www.cibeg.com,EG,EGY,EGYPT
510531,MASTERCARD,CREDIT,STANDARD,CSCBANK SAL,,,LB,LBN,LEBANON
510533,MASTERCARD,DEBIT,PREPAID,CSCBANK SAL,,,LB,LBN,LEBANON
510543,MASTERCARD,DEBIT,PREPAID PLATINUM TRAVEL,BAHRAIN COMMERCIAL FACILITIES COMPANY BSC,,,BH,BHR,BAHRAIN
510546,MASTERCARD,CREDIT,WORLD,KUWAIT FINANCE HOUSE K.S.C.,+9651803333,http://www.kfh.com,KW,KWT,KUWAIT
510657,MASTERCARD,CREDIT,B2B,INFINIOS FINANCIAL SERVICES B.S.C. CLOSED,,,BH,BHR,BAHRAIN
510692,MASTERCARD,CREDIT,WORLD ELITE,BOUBYAN BANK,,,KW,KWT,KUWAIT
510723,MASTERCARD,DEBIT,STANDARD,QATAR NATIONAL BANK,,http://www.qnb.com.qa,OM,OMN,OMAN
510727,MASTERCARD,DEBIT,PREPAID PLATINUM TRAVEL,SINNAD W.L.L.,,,BH,BHR,BAHRAIN
510751,MASTERCARD,DEBIT,STANDARD,"IRAQ ELECTRONIC GATE FOR FINANCIAL SERVICES CO, LTD.",,,IQ,IRQ,IRAQ
510859,MASTERCARD,CREDIT,BUSINESS,BANK HAPOALIM B.M.,,,IL,ISR,ISRAEL
510924,MASTERCARD,CREDIT,PLATINUM,"NETWORK INTERNATIONAL ARABIA, LTD.",,,SA,SAU,SAUDI ARABIA
510990,MASTERCARD,DEBIT,STANDARD,AHLI UNITED BANK B.S.C.,+97317710559,http://www.ahliunited.com,BH,BHR,BAHRAIN
511131,MASTERCARD,CREDIT,PLATINUM,"SUEZ CANAL BANK, S.A.E.",,,EG,EGY,EGYPT
511162,MASTERCARD,CREDIT,B2B,INFINIOS FINANCIAL SERVICES B.S.C. CLOSED,,,BH,BHR,BAHRAIN
511249,MASTERCARD,CREDIT,GOLD,BANK ALJAZIRA,,,SA,SAU,SAUDI ARABIA
511256,MASTERCARD,CREDIT,GOLD,"NETWORK INTERNATIONAL ARABIA, LTD.",,,SA,SAU,SAUDI ARABIA
511290,MASTERCARD,DEBIT,PREPAID,ISRACARD LTD.,,,IL,ISR,ISRAEL
511335,MASTERCARD,CREDIT,PLATINUM,ISRAEL CREDIT CARDS LTD.,,,IL,ISR,ISRAEL
511373,MASTERCARD,CREDIT,WORLD ELITE,NATIONAL BANK OF KUWAIT (S.A.K.),,,EG,EGY,EGYPT
511376,MASTERCARD,DEBIT,PLATINUM,"NETWORK INTERNATIONAL ARABIA, LTD.",,,SA,SAU,SAUDI ARABIA
511393,MASTERCARD,DEBIT,PREPAID PLATINUM TRAVEL,SOHAR INTERNATIONAL BANK SAOG,,,OM,OMN,OMAN
511400,MASTERCARD,CREDIT,TITANIUM,NATIONAL BANK OF KUWAIT (S.A.K.),,,EG,EGY,EGYPT
511412,MASTERCARD,CREDIT,EXECUTIVE BUSINESS,JORDAN COMMERCIAL BANK,+96265203000,http://www.jcbank.com.jo,JO,JOR,JORDAN
511420,MASTERCARD,DEBIT,PREPAID PLATINUM TRAVEL,AREEBA S.A.L,,,IQ,IRQ,IRAQ
511460,MASTERCARD,CREDIT,WORLD ELITE,"NETWORK INTERNATIONAL ARABIA, LTD.",,,SA,SAU,SAUDI ARABIA
511494,MASTERCARD,DEBIT,PREPAID PLATINUM TRAVEL,ARAB FINANCIAL SERVICES COMPANY B.S.C. (C),,,BH,BHR,BAHRAIN
511529,MASTERCARD,DEBIT,PREPAID PLATINUM TRAVEL,COMMERCIAL BANK OF DUBAI,+97126268400,http://www.cbd.ae,AE,ARE,UNITED ARAB EMIRATES
511589,MASTERCARD,CREDIT,PLATINUM,QATAR NATIONAL BANK,+97444622724,http://www.qnb.com.qa,QA,QAT,QATAR
511593,MASTERCARD,DEBIT,PREPAID BUSINESS,"IRAQ ELECTRONIC GATE FOR FINANCIAL SERVICES CO, LTD.",,,IQ,IRQ,IRAQ
511613,MASTERCARD,DEBIT,PREPAID,COMMERCIAL INTERNATIONAL BANK (EGYPT) S.A.E.,971 - 4 - 3589381,http://www.cibeg.com,EG,EGY,EGYPT
511659,MASTERCARD,DEBIT,PREPAID BUSINESS,INFINIOS FINANCIAL SERVICES B.S.C. CLOSED,,,BH,BHR,BAHRAIN
511669,MASTERCARD,CREDIT,GOLD,QATAR NATIONAL BANK AL-AHLI S.A.E,,,EG,EGY,EGYPT
511694,MASTERCARD,CREDIT,STANDARD,BANQUE DU CAIRE,+20222648410,http://www.bdc.com.eg,EG,EGY,EGYPT
511724,MASTERCARD,CREDIT,PLATINUM,ARAB FINANCIAL SERVICES COMPANY B.S.C. (C),,,BH,BHR,BAHRAIN
511735,MASTERCARD,DEBIT,PREPAID PLATINUM TRAVEL,"NETWORK INTERNATIONAL ARABIA, LTD.",,,SA,SAU,SAUDI ARABIA
511741,MASTERCARD,DEBIT,GOLD,"NETWORK INTERNATIONAL ARABIA, LTD.",,,SA,SAU,SAUDI ARABIA
511767,MASTERCARD,CREDIT,STANDARD,CREDIT LIBANAIS S.A.L.,+9611900111,http://www.creditlibanais.com.lb,LB,LBN,LEBANON
511775,MASTERCARD,DEBIT,GOLD,CAPITAL BANK OF JORDAN,,,IQ,IRQ,IRAQ
511787,MASTERCARD,CREDIT,STANDARD,BANQUE MISR,+20223912150,http://www.banquemisr.com,EG,EGY,EGYPT
511791,MASTERCARD,DEBIT,TITANIUM,"SUEZ CANAL BANK, S.A.E.",,,EG,EGY,EGYPT
511805,MASTERCARD,DEBIT,PREPAID,NETWORK INTERNATIONAL PAYMENT SERVICES,,,EG,EGY,EGYPT
511841,MASTERCARD,DEBIT,STANDARD,CSCBANK SAL,,,LB,LBN,LEBANON
511851,MASTERCARD,DEBIT,STANDARD,NETWORK INTERNATIONAL LLC,,,AE,ARE,UNITED ARAB EMIRATES
511853,MASTERCARD,DEBIT,STANDARD,"EGYPTIAN BANKS CO. FOR TECHNOLOGICAL ADVANCEMENT, S.A.E.",,,EG,EGY,EGYPT
511857,MASTERCARD,DEBIT,PREPAID WORLD,AL HULOOL FOR MOBILE PAYMENTS,,,JO,JOR,JORDAN
511863,MASTERCARD,DEBIT,PLATINUM,ARAB FINANCIAL SERVICES COMPANY B.S.C. (C),,,EG,EGY,EGYPT
511864,MASTERCARD,DEBIT,STANDARD,"SUEZ CANAL BANK, S.A.E.",,,EG,EGY,EGYPT
511879,MASTERCARD,DEBIT,TITANIUM,NATIONAL BANK OF RAS AL-KHAIMAH (RAKBANK),,,AE,ARE,UNITED ARAB EMIRATES
511891,MASTERCARD,CREDIT,PLATINUM,BANK HAPOALIM B.M.,,,IL,ISR,ISRAEL
511969,MASTERCARD,CREDIT,TITANIUM,"SUEZ CANAL BANK, S.A.E.",,,EG,EGY,EGYPT
512008,MASTERCARD,CREDIT,GOLD,ITHMAAR BANK B.S.C.,,,BH,BHR,BAHRAIN
512020,MASTERCARD,CREDIT,STANDARD,ISRACARD LTD.,,,IL,ISR,ISRAEL
512052,MASTERCARD,CREDIT,STANDARD,AREEBA S.A.L,,,LB,LBN,LEBANON
512060,MASTERCARD,CREDIT,WORLD,SAUDI AWWAL BANK,,,SA,SAU,SAUDI ARABIA
512061,MASTERCARD,CREDIT,TITANIUM,AREEBA S.A.L,,,LB,LBN,LEBANON
512066,MASTERCARD,CREDIT,GOLD,MASHREQ BANK,,http://www.mashreqbank.com,QA,QAT,QATAR
512116,MASTERCARD,CREDIT,WORLD,MIDDLE EAST PAYMENT SERVICES LIMITED CO.,,,JO,JOR,JORDAN
512160,MASTERCARD,CREDIT,PLATINUM,FIRST ABU DHABI BANK PJSC,+971600525500,https://www.bankfab.com,AE,ARE,UNITED ARAB EMIRATES
512220,MASTERCARD,CREDIT,WORLD,THE SAUDI NATIONAL BANK,,,SA,SAU,SAUDI ARABIA
512252,MASTERCARD,CREDIT,STANDARD,FRANSABANK S.A.L.,+9611340180,http://www.fransabank.com,LB,LBN,LEBANON
512253,MASTERCARD,CREDIT,STANDARD,FIRST ABU DHABI BANK PJSC,+971600525500,https://www.bankfab.com,AE,ARE,UNITED ARAB EMIRATES
512263,MASTERCARD,CREDIT,STANDARD,CSCBANK SAL,,,LB,LBN,LEBANON
512279,MASTERCARD,CREDIT,TITANIUM,CAPITAL BANK OF JORDAN,,,JO,JOR,JORDAN
512301,MASTERCARD,CREDIT,STANDARD,CSCBANK SAL,,,LB,LBN,LEBANON
512304,MASTERCARD,CREDIT,STANDARD,NATIONAL BANK OF RAS AL-KHAIMAH (RAKBANK),,,AE,ARE,UNITED ARAB EMIRATES
512321,MASTERCARD,CREDIT,STANDARD,QATAR ISLAMIC BANK,,,QA,QAT,QATAR
512328,MASTERCARD,CREDIT,STANDARD,,,,IQ,IRQ,IRAQ
512339,MASTERCARD,CREDIT,STANDARD,CSCBANK SAL,,,LB,LBN,LEBANON
512340,MASTERCARD,CREDIT,STANDARD,HOUSING & DEVELOPMENT BANK,,,EG,EGY,EGYPT
512345,MASTERCARD,CREDIT,STANDARD,MASHREQ BANK,+97143632250,http://www.mashreqbank.com/,AE,ARE,UNITED ARAB EMIRATES
512373,MASTERCARD,CREDIT,STANDARD,AREEBA S.A.L,,,LB,LBN,LEBANON
512383,MASTERCARD,CREDIT,GOLD,FIRST ABU DHABI BANK PJSC,+971600525500,https://www.bankfab.com,AE,ARE,UNITED ARAB EMIRATES
512397,MASTERCARD,CREDIT,GOLD,BANQUE DU CAIRE,+20222648410,http://www.bdc.com.eg,EG,EGY,EGYPT
512403,MASTERCARD,CREDIT,STANDARD,NATIONAL BANK OF RAS AL-KHAIMAH (RAKBANK),,,AE,ARE,UNITED ARAB EMIRATES
512404,MASTERCARD,CREDIT,GOLD,CSCBANK SAL,,,LB,LBN,LEBANON
512407,MASTERCARD,CREDIT,GOLD,NETWORK INTERNATIONAL LLC,,,EG,EGY,EGYPT
512415,MASTERCARD,CREDIT,PLATINUM,QATAR ISLAMIC BANK,,,QA,QAT,QATAR
512434,MASTERCARD,CREDIT,PLATINUM,DOHA BANK Q.S.C,,,QA,QAT,QATAR
512436,MASTERCARD,CREDIT,GOLD,JORDAN AHLI BANK,+96265007777,http://www.ahli.com,JO,JOR,JORDAN
512464,MASTERCARD,CREDIT,GOLD,THE SAUDI NATIONAL BANK,,,SA,SAU,SAUDI ARABIA
512475,MASTERCARD,DEBIT,PREPAID WORLD,SAUDI AWWAL BANK,,,SA,SAU,SAUDI ARABIA
512606,MASTERCARD,CREDIT,PLATINUM,AGRICULTURAL BANK EGYPT,,,EG,EGY,EGYPT
512611,MASTERCARD,CREDIT,WORLD ELITE EXCLUSIVE,NETWORK INTERNATIONAL LLC,,,AE,ARE,UNITED ARAB EMIRATES
512613,MASTERCARD,CREDIT,CORPORATE WORLD,BAHRAIN COMMERCIAL FACILITIES COMPANY BSC,,,BH,BHR,BAHRAIN
512623,MASTERCARD,CREDIT,STANDARD,AL-RAJHI BANKING AND INVESTMENT CORPORATION,,,SA,SAU,SAUDI ARABIA
512664,MASTERCARD,CREDIT,WORLD,QATAR NATIONAL BANK,+97444622724,http://www.qnb.com.qa,QA,QAT,QATAR
512667,MASTERCARD,CREDIT,GOLD,ALEXBANK,1 9 0 3 3,http://www.alexbank.com,EG,EGY,EGYPT
512670,MASTERCARD,CREDIT,STANDARD,EMIRATES NBD,+971800456,http://www.emiratesnbd.com,AE,ARE,UNITED ARAB EMIRATES
512691,MASTERCARD,CREDIT,BUSINESS,BANQUE SAUDI FRANSI,966 1 289 9999 OR 966 1 874 4000,http://www.alfransi.com.sa,SA,SAU,SAUDI ARABIA
512698,MASTERCARD,CREDIT,STANDARD,ARAB FINANCIAL SERVICES COMPANY B.S.C. (C),,,EG,EGY,EGYPT
512713,MASTERCARD,CREDIT,PLATINUM,DUKHAN BANK Q.P.S.C.,,,QA,QAT,QATAR
512717,MASTERCARD,CREDIT,PLATINUM,EMIRATES NBD,+971800456,http://www.emiratesnbd.com,AE,ARE,UNITED ARAB EMIRATES
512718,MASTERCARD,CREDIT,GOLD,CAPITAL BANK OF JORDAN,,,JO,JOR,JORDAN
512727,MASTERCARD,CREDIT,WORLD ELITE,BANQUE SAUDI FRANSI,966 1 289 9999 OR 966 1 874 4000,http://www.alfransi.com.sa,SA,SAU,SAUDI ARABIA
512730,MASTERCARD,CREDIT,GOLD,ARAB FINANCIAL SERVICES COMPANY B.S.C. (C),,,EG,EGY,EGYPT
512751,MASTERCARD,CREDIT,GOLD,CREDIT LIBANAIS S.A.L.,+9611900111,http://www.creditlibanais.com.lb,LB,LBN,LEBANON
512781,MASTERCARD,CREDIT,STANDARD,MIDDLE EAST PAYMENT SERVICES LIMITED CO.,,,PS,PSE,"PALESTINIAN TERRITORY, OCCUPIED"
512798,MASTERCARD,CREDIT,STANDARD,CREDIT LIBANAIS S.A.L.,+9611900111,http://www.creditlibanais.com.lb,LB,LBN,LEBANON
512843,MASTERCARD,CREDIT,WORLD BUSINESS,QATAR NATIONAL BANK,+97444622724,http://www.qnb.com.qa,QA,QAT,QATAR
512850,MASTERCARD,DEBIT,PREPAID RELOADABLE,NOOR BANK PJSC,,,AE,ARE,UNITED ARAB EMIRATES
512894,MASTERCARD,DEBIT,PREPAID,SINNAD W.L.L.,,,BH,BHR,BAHRAIN
512901,MASTERCARD,DEBIT,STANDARD,INTERNATIONAL SMART CARD LLC,,,IQ,IRQ,IRAQ
512962,MASTERCARD,DEBIT,PREPAID,MIDDLE EAST PAYMENT SERVICES LIMITED CO.,,,IQ,IRQ,IRAQ
512970,MASTERCARD,DEBIT,WORLD,SHARJAH ISLAMIC BANK PJSC,+97165999999,http://www.sib.ae,AE,ARE,UNITED ARAB EMIRATES
512976,MASTERCARD,DEBIT,PLATINUM,CSCBANK SAL,,,IQ,IRQ,IRAQ
512994,MASTERCARD,DEBIT,PLATINUM,CSCBANK SAL,,,LB,LBN,LEBANON
513032,MASTERCARD,DEBIT,PREPAID RELOADABLE,THE BANK OF JORDAN,,,JO,JOR,JORDAN
513071,MASTERCARD,CREDIT,STANDARD,MIDDLE EAST PAYMENT SERVICES LIMITED CO.,,,JO,JOR,JORDAN
513084,MASTERCARD,CREDIT,WORLD BUSINESS,GULF INTERNATIONAL BANK BSC,,,AE,ARE,UNITED ARAB EMIRATES
513132,MASTERCARD,DEBIT,STANDARD,PALESTINE ISLAMIC BANK,,,PS,PSE,"PALESTINIAN TERRITORY, OCCUPIED"
513213,MASTERCARD,DEBIT,PREPAID RELOADABLE,RIYAD BANK,,http://www.riyadbank.com,SA,SAU,SAUDI ARABIA
513257,MASTERCARD,CREDIT,PLATINUM,QATAR NATIONAL BANK AL-AHLI S.A.E,,,EG,EGY,EGYPT
513306,MASTERCARD,CREDIT,WORLD,FIRST ABU DHABI BANK PJSC,+971600525500,https://www.bankfab.com,AE,ARE,UNITED ARAB EMIRATES
513322,MASTERCARD,CREDIT,,COMMERCIAL BANK OF QATAR Q.S.C,,,QA,QAT,QATAR
513347,MASTERCARD,CREDIT,WORLD,BANQUE MISR,+20223912150,http://www.banquemisr.com,EG,EGY,EGYPT
513361,MASTERCARD,CREDIT,BUSINESS,NETWORK INTERNATIONAL LLC,,,AE,ARE,UNITED ARAB EMIRATES
513424,MASTERCARD,CREDIT,STANDARD,CAPITAL BANK OF JORDAN,,,JO,JOR,JORDAN
513428,MASTERCARD,CREDIT,WORLD,ARAB FINANCIAL SERVICES COMPANY B.S.C. (C),,,QA,QAT,QATAR
513481,MASTERCARD,DEBIT,WORLD,BANQUE MISR,+20223912150,http://www.banquemisr.com,EG,EGY,EGYPT
513482,MASTERCARD,DEBIT,WORLD,COMMERCIAL BANK OF DUBAI,+97126268400,http://www.cbd.ae,AE,ARE,UNITED ARAB EMIRATES
513502,MASTERCARD,CREDIT,WORLD FOR BUSINESS,RIYAD BANK,,http://www.riyadbank.com,SA,SAU,SAUDI ARABIA
513652,MASTERCARD,DEBIT,PREPAID,"IRAQ ELECTRONIC GATE FOR FINANCIAL SERVICES CO, LTD.",,,IQ,IRQ,IRAQ
513665,MASTERCARD,CREDIT,PLATINUM,GULF BANK K.S.C.,,http://www.gulfbank.com,KW,KWT,KUWAIT
513702,MASTERCARD,CREDIT,WORLD,AHLI UNITED BANK B.S.C.,+97317710559,http://www.ahliunited.com,BH,BHR,BAHRAIN
513760,MASTERCARD,CREDIT,STANDARD,NETWORK INTERNATIONAL PAYMENT SERVICES,,,EG,EGY,EGYPT
513788,MASTERCARD,CREDIT,STANDARD,ARAB PAYMENT SERVICES,,,IQ,IRQ,IRAQ
513883,MASTERCARD,CREDIT,PLATINUM,BANQUE MISR,+20223912150,http://www.banquemisr.com,EG,EGY,EGYPT
513890,MASTERCARD,CREDIT,PLATINUM,ARAB PAYMENT SERVICES,,,IQ,IRQ,IRAQ
513896,MASTERCARD,CREDIT,PLATINUM,ABU DHABI ISLAMIC BANK,,http://www.adib.ae,EG,EGY,EGYPT
513978,MASTERCARD,DEBIT,PREPAID,ISHTAR GATE FOR E-PAYMENT SYSTEMS AND SERVICES PRIVATE SHAREHOLDING,,,IQ,IRQ,IRAQ
514008,MASTERCARD,DEBIT,PREPAID RELOADABLE,AL-TAIF ISLAMIC BANK FOR INVESTMENT & FINANCE,,,IQ,IRQ,IRAQ
514028,MASTERCARD,CREDIT,PLATINUM,AREEBA S.A.L,,,LB,LBN,LEBANON
514056,MASTERCARD,DEBIT,PREPAID,DUBAI ISLAMIC BANK PJSC,,,AE,ARE,UNITED ARAB EMIRATES
514075,MASTERCARD,DEBIT,PREPAID,AREEBA S.A.L,,,LB,LBN,LEBANON
514077,MASTERCARD,CREDIT,STANDARD,QATAR INTERNATIONAL ISLAMIC BANK,,http://www.qiib.com.qa,QA,QAT,QATAR
514159,MASTERCARD,CREDIT,WORLD ELITE,NETWORK INTERNATIONAL LLC,,,AE,ARE,UNITED ARAB EMIRATES
514215,MASTERCARD,CREDIT,STANDARD,"NAYAX ISRAEL, LTD.",,,IL,ISR,ISRAEL
514279,MASTERCARD,DEBIT,PREPAID RELOADABLE,AL-MADFU AT AL-RAQMIYYAH FOR FINANCIAL TECHNOLOGY,,,SA,SAU,SAUDI ARABIA
514297,MASTERCARD,DEBIT,STANDARD,NATIONAL BANK OF OMAN (SAOG),,,OM,OMN,OMAN
514331,MASTERCARD,DEBIT,TITANIUM,BANQUE MISR,+20223912150,http://www.banquemisr.com,EG,EGY,EGYPT
514443,MASTERCARD,DEBIT,STANDARD,BLOM BANK SAL,,,LB,LBN,LEBANON
514469,MASTERCARD,DEBIT,TITANIUM,"CITIBANK, N.A.",,https://www.citi.com,AE,ARE,UNITED ARAB EMIRATES
514482,MASTERCARD,CREDIT,TITANIUM,NYMCARD PAYMENT SERVICES LLC,,,AE,ARE,UNITED ARAB EMIRATES
514533,MASTERCARD,CREDIT,STANDARD,BANK NIZWA SAOG,,,OM,OMN,OMAN
514679,MASTERCARD,DEBIT,WORLD ELITE,DOHA BANK Q.S.C,,,QA,QAT,QATAR
514731,MASTERCARD,CREDIT,PLATINUM,FIRST ABU DHABI BANK PJSC,+971600525500,https://www.bankfab.com,AE,ARE,UNITED ARAB EMIRATES
514732,MASTERCARD,CREDIT,WORLD ELITE,AHLI UNITED BANK B.S.C.,+97317710559,http://www.ahliunited.com,BH,BHR,BAHRAIN
514734,MASTERCARD,CREDIT,WORLD,FRANSABANK SAL,,,LB,LBN,LEBANON
514740,MASTERCARD,CREDIT,WORLD,DUBAI ISLAMIC BANK PJSC,,,AE,ARE,UNITED ARAB EMIRATES
514744,MASTERCARD,CREDIT,WORLD ELITE,NETWORK INTERNATIONAL LLC,,,AE,ARE,UNITED ARAB EMIRATES
514785,MASTERCARD,CREDIT,CORPORATE,ISRACARD LTD.,,,IL,ISR,ISRAEL
514849,MASTERCARD,CREDIT,PLATINUM,ISRAEL CREDIT CARDS LTD.,,,IL,ISR,ISRAEL
514932,MASTERCARD,CREDIT,PLATINUM,RIYAD BANK,,http://www.riyadbank.com,SA,SAU,SAUDI ARABIA
514980,MASTERCARD,DEBIT,WORLD,NETWORK INTERNATIONAL PAYMENT SERVICES,,,EG,EGY,EGYPT
515079,MASTERCARD,DEBIT,STANDARD,THE SAUDI NATIONAL BANK,,,SA,SAU,SAUDI ARABIA
515212,MASTERCARD,CREDIT,CORPORATE EXECUTIVE,NATIONAL BANK OF RAS AL-KHAIMAH (RAKBANK),,,AE,ARE,UNITED ARAB EMIRATES
515256,MASTERCARD,CREDIT,CORPORATE WORLD,INTERNATIONAL SMART CARD LLC,,,IQ,IRQ,IRAQ
515295,MASTERCARD,CREDIT,STANDARD,NETWORK INTERNATIONAL LLC,,,EG,EGY,EGYPT
515341,MASTERCARD,CREDIT,WORLD,MASHREQ BANK,+97143632250,http://www.mashreqbank.com,AE,ARE,UNITED ARAB EMIRATES
515381,MASTERCARD,CREDIT,CORPORATE,NETWORK INTERNATIONAL LLC,,,EG,EGY,EGYPT
515400,MASTERCARD,CREDIT,PLATINUM,BANK NIZWA SAOG,,,OM,OMN,OMAN
515446,MASTERCARD,CREDIT,PLATINUM,FIRST ABU DHABI BANK PJSC,+20225204375,https://www.bankfab.com,EG,EGY,EGYPT
515485,MASTERCARD,CREDIT,WORLD ELITE,ARAB AFRICAN INTERNATIONAL BANK,+20224886679,http://www.aaib.com,EG,EGY,EGYPT
515504,MASTERCARD,CREDIT,WORLD,NATIONAL BANK OF KUWAIT (S.A.K.),,,KW,KWT,KUWAIT
515523,MASTERCARD,CREDIT,WORLD ELITE,QATAR INTERNATIONAL ISLAMIC BANK,,http://www.qiib.com.qa,QA,QAT,QATAR
515530,MASTERCARD,CREDIT,WORLD ELITE,THE SAUDI NATIONAL BANK,,,SA,SAU,SAUDI ARABIA
515532,MASTERCARD,CREDIT,WORLD,NETWORK INTERNATIONAL LLC,,,AE,ARE,UNITED ARAB EMIRATES
515533,MASTERCARD,DEBIT,TITANIUM,NATIONAL BANK OF RAS AL-KHAIMAH (RAKBANK),,,AE,ARE,UNITED ARAB EMIRATES
515562,MASTERCARD,DEBIT,PLATINUM,CSCBANK SAL,,,LB,LBN,LEBANON
515571,MASTERCARD,CREDIT,TITANIUM,ALEXBANK,1 9 0 3 3,http://www.alexbank.com,EG,EGY,EGYPT
515604,MASTERCARD,CREDIT,PLATINUM,SAMBA FINANCIAL GROUP,+9718001242000,http://www.samba.com,AE,ARE,UNITED ARAB EMIRATES
515624,MASTERCARD,CREDIT,PLATINUM,FINANCE HOUSE L.L.C.,,,AE,ARE,UNITED ARAB EMIRATES
515634,MASTERCARD,CREDIT,PLATINUM,NETWORK INTERNATIONAL LLC,,,EG,EGY,EGYPT
515722,MASTERCARD,DEBIT,PLATINUM,QATAR NATIONAL BANK,,http://www.qnb.com.qa,OM,OMN,OMAN
515750,MASTERCARD,CREDIT,CORPORATE,RIYAD BANK,,http://www.riyadbank.com,SA,SAU,SAUDI ARABIA
515770,MASTERCARD,CREDIT,WORLD ELITE,SOCIETE GENERALE DE BANQUE AU LIBAN S.A.L.,,http://www.sgbl.com.lb,LB,LBN,LEBANON
515773,MASTERCARD,CREDIT,PLATINUM,"BANK OF BEIRUT, SAL",,,LB,LBN,LEBANON
515782,MASTERCARD,DEBIT,PLATINUM,NATIONAL BANK OF RAS AL-KHAIMAH (RAKBANK),,,AE,ARE,UNITED ARAB EMIRATES
515788,MASTERCARD,CREDIT,TITANIUM,NATIONAL BANK OF EGYPT,,http://www.nbe.com.eg,EG,EGY,EGYPT
515837,MASTERCARD,CREDIT,GOLD,CSCBANK S.A.L.,961) 1 742 555,http://www.ccm.com.lb,JO,JOR,JORDAN
515844,MASTERCARD,CREDIT,WORLD,NETWORK INTERNATIONAL PAYMENT SERVICES,,,EG,EGY,EGYPT
515846,MASTERCARD,DEBIT,WORLD,QATAR NATIONAL BANK,,http://www.qnb.com.qa,OM,OMN,OMAN
515897,MASTERCARD,CREDIT,TITANIUM,MIDDLE EAST PAYMENT SERVICES LIMITED CO.,,,PS,PSE,"PALESTINIAN TERRITORY, OCCUPIED"
515902,MASTERCARD,CREDIT,PLATINUM,QATAR NATIONAL BANK,+97444622724,http://www.qnb.com.qa,QA,QAT,QATAR
515987,MASTERCARD,CREDIT,WORLD ELITE,ABU DHABI COMMERCIAL BANK,+97126962222,http://www.adcb.com,AE,ARE,UNITED ARAB EMIRATES
516012,MASTERCARD,CREDIT,STANDARD,MASHREQ BANK,971 4 424 4444,http://www.mashreqbank.com,EG,EGY,EGYPT
516018,MASTERCARD,CREDIT,TITANIUM,STANDARD CHARTERED BANK,+971600522288,https://www.sc.com,AE,ARE,UNITED ARAB EMIRATES
516019,MASTERCARD,DEBIT,STANDARD,"IRAQ ELECTRONIC GATE FOR FINANCIAL SERVICES CO, LTD.",,,IQ,IRQ,IRAQ
516041,MASTERCARD,CREDIT,GOLD,ALEXBANK,1 9 0 3 3,http://www.alexbank.com,EG,EGY,EGYPT
516046,MASTERCARD,CREDIT,STANDARD,COMMERCIAL INTERNATIONAL BANK (EGYPT) S.A.E.,971 - 4 - 3589381,http://www.cibeg.com,EG,EGY,EGYPT
516073,MASTERCARD,CREDIT,STANDARD,AREEBA S.A.L,,,LB,LBN,LEBANON
516076,MASTERCARD,DEBIT,WORLD,DOHA BANK Q.S.C,,,QA,QAT,QATAR
516100,MASTERCARD,CREDIT,WORLD,FIRST ABU DHABI BANK PJSC,,https://www.bankfab.com,AE,ARE,UNITED ARAB EMIRATES
516104,MASTERCARD,CREDIT,TITANIUM,QATAR NATIONAL BANK AL-AHLI S.A.E,,,EG,EGY,EGYPT
516112,MASTERCARD,DEBIT,PLATINUM,NETWORK INTERNATIONAL PAYMENT SERVICES,,,EG,EGY,EGYPT
516138,MASTERCARD,DEBIT,STANDARD,THE SAUDI NATIONAL BANK,,,SA,SAU,SAUDI ARABIA
516140,MASTERCARD,CREDIT,WORLD,DUKHAN BANK Q.P.S.C.,,,QA,QAT,QATAR
516155,MASTERCARD,DEBIT,PREPAID,JORDAN ISLAMIC BANK CO.,,,JO,JOR,JORDAN
516157,MASTERCARD,CREDIT,WORLD ELITE,THE HOUSING BANK FOR TRADE & FINANCE,,,JO,JOR,JORDAN
516169,MASTERCARD,DEBIT,WORLD,YANA BANKING SERVICES COMPANY,,,IQ,IRQ,IRAQ
516171,MASTERCARD,DEBIT,WORLD REWARDS,AL HILAL BANK PJSC,,,AE,ARE,UNITED ARAB EMIRATES
516178,MASTERCARD,CREDIT,PLATINUM,FIRST ABU DHABI BANK PJSC,+971600525500,https://www.bankfab.com,AE,ARE,UNITED ARAB EMIRATES
516187,MASTERCARD,CREDIT,TITANIUM,ABU DHABI COMMERCIAL BANK,+97126962222,http://www.adcb.com,AE,ARE,UNITED ARAB EMIRATES
516190,MASTERCARD,DEBIT,GOLD,"IRAQ ELECTRONIC GATE FOR FINANCIAL SERVICES CO, LTD.",,,IQ,IRQ,IRAQ
516242,MASTERCARD,CREDIT,WORLD,ARAB JORDAN INVESTMENT BANK,,,JO,JOR,JORDAN
516243,MASTERCARD,DEBIT,PREPAID ISIC,AL AHLI BANK OF KUWAIT (KSC),,,KW,KWT,KUWAIT
516334,MASTERCARD,CREDIT,STANDARD,COMMERCIAL BANK OF KUWAIT S.A.K.,,,KW,KWT,KUWAIT
516343,MASTERCARD,CREDIT,STANDARD,CSCBANK SAL,,,LB,LBN,LEBANON
516353,MASTERCARD,DEBIT,PREPAID PLATINUM TRAVEL,COMMERCIAL BANK OF KUWAIT S.A.K.,,,KW,KWT,KUWAIT
516395,MASTERCARD,DEBIT,PREPAID PLATINUM TRAVEL,ARAB FINANCIAL SERVICES COMPANY B.S.C. (C),,,BH,BHR,BAHRAIN
516435,MASTERCARD,DEBIT,WORLD,DUBAI ISLAMIC BANK PJSC,,,AE,ARE,UNITED ARAB EMIRATES
516440,MASTERCARD,CREDIT,PLATINUM,SOCIETE GENERALE DE BANQUE AU LIBAN S.A.L.,1274477777,http://www.sgbl.com.lb,LB,LBN,LEBANON
516457,MASTERCARD,CREDIT,PLATINUM,KUWAIT FINANCE HOUSE K.S.C.,+9651803333,http://www.kfh.com,KW,KWT,KUWAIT
516471,MASTERCARD,CREDIT,PLATINUM,NETWORK INTERNATIONAL LLC,,,EG,EGY,EGYPT
516475,MASTERCARD,CREDIT,PLATINUM,BANQUE LIBANO - FRANCAISE SAL,,,LB,LBN,LEBANON
516486,MASTERCARD,CREDIT,CORPORATE WORLD,FIRST ABU DHABI BANK PJSC,+971600525500,https://www.bankfab.com,AE,ARE,UNITED ARAB EMIRATES
516502,MASTERCARD,DEBIT,PREPAID,ARAB PAYMENT SERVICES,,,IQ,IRQ,IRAQ
516509,MASTERCARD,DEBIT,PREPAID RELOADABLE,AL-TAIF ISLAMIC BANK FOR INVESTMENT & FINANCE,,,IQ,IRQ,IRAQ
516539,MASTERCARD,CREDIT,CORPORATE,HSBC BANK MIDDLE EAST,+96880074722,http://www.hsbc.ae,OM,OMN,OMAN
516543,MASTERCARD,DEBIT,PREPAID,DEEM FINANCE L.L.C.,,,AE,ARE,UNITED ARAB EMIRATES
516554,MASTERCARD,DEBIT,PREPAID,MIDDLE EAST PAYMENT SERVICES LIMITED CO.,,,JO,JOR,JORDAN
516571,MASTERCARD,CREDIT,WORLD ELITE,ARAB BANK PLC,+20 2 19100,http://www.arabbank.jo,EG,EGY,EGYPT
516589,MASTERCARD,CREDIT,TITANIUM,AL JANOOB ISLAMIC BANK FOR INVESTMENT AND FINANCE,,,IQ,IRQ,IRAQ
516592,MASTERCARD,DEBIT,PLATINUM,NETWORK INTERNATIONAL LLC,,,AE,ARE,UNITED ARAB EMIRATES
516600,MASTERCARD,DEBIT,STANDARD,MIDDLE EAST PAYMENT SERVICES LIMITED CO.,,,PS,PSE,"PALESTINIAN TERRITORY, OCCUPIED"
516606,MASTERCARD,DEBIT,PREPAID PLATINUM TRAVEL,JORDANIAN ELAF FOR INTEGRATED SOLUTIONS,,,JO,JOR,JORDAN
516630,MASTERCARD,DEBIT,PREPAID RELOADABLE,TULAN BEST MARKETING COMPANY,,,JO,JOR,JORDAN
516647,MASTERCARD,CREDIT,PLATINUM,GULF BANK K.S.C.,,http://www.gulfbank.com,KW,KWT,KUWAIT
516677,MASTERCARD,DEBIT,PREPAID,ARAB FINANCIAL SERVICES COMPANY B.S.C. (C),,,BH,BHR,BAHRAIN
516678,MASTERCARD,CREDIT,,KUWAIT FINANCE HOUSE K.S.C.,+9651803333,http://www.kfh.com,KW,KWT,KUWAIT
516727,MASTERCARD,CREDIT,TITANIUM,QATAR ISLAMIC BANK,,,QA,QAT,QATAR
516748,MASTERCARD,DEBIT,STANDARD,BANK LEUMI LE-ISRAEL BM,,,IL,ISR,ISRAEL
516886,MASTERCARD,DEBIT,STANDARD,BANK LEUMI LE-ISRAEL BM,,,IL,ISR,ISRAEL
516945,MASTERCARD,DEBIT,STANDARD,MIDDLE EAST PAYMENT SERVICES LIMITED CO.,,,IQ,IRQ,IRAQ
517055,MASTERCARD,DEBIT,PREPAID,HSBC BANK EGYPT,+20235359700,http://www.hsbc.com.eg,EG,EGY,EGYPT
517061,MASTERCARD,DEBIT,PREPAID,BANQUE DU CAIRE,+20222648410,http://www.bdc.com.eg,EG,EGY,EGYPT
517065,MASTERCARD,DEBIT,STANDARD,JORDAN ISLAMIC BANK CO.,,,JO,JOR,JORDAN
517074,MASTERCARD,DEBIT,PREPAID,NATIONAL BANK OF EGYPT,,http://www.nbe.com.eg,EG,EGY,EGYPT
517115,MASTERCARD,CREDIT,BUSINESS,CAPITAL BANK OF JORDAN,,,JO,JOR,JORDAN
517146,MASTERCARD,CREDIT,WORLD,NATIONAL BANK OF RAS AL-KHAIMAH (RAKBANK),,,AE,ARE,UNITED ARAB EMIRATES
517192,MASTERCARD,CREDIT,WORLD ELITE EXCLUSIVE,COMMERCIAL BANK INTERNATIONAL,+97142275265,http://www.cbiuae.com,AE,ARE,UNITED ARAB EMIRATES
517208,MASTERCARD,CREDIT,CORPORATE,HSBC BANK MIDDLE EAST,+97142241000,http://www.hsbc.ae,AE,ARE,UNITED ARAB EMIRATES
517217,MASTERCARD,CREDIT,CORPORATE,BANQUE MISR,+20223912150,http://www.banquemisr.com,EG,EGY,EGYPT
517219,MASTERCARD,CREDIT,WORLD ELITE,WARBA BANK K.S.C,,,KW,KWT,KUWAIT
517251,MASTERCARD,CREDIT,TITANIUM,NATIONAL BANK OF RAS AL-KHAIMAH (RAKBANK),,,AE,ARE,UNITED ARAB EMIRATES
517289,MASTERCARD,DEBIT,PLATINUM,MASHREQ BANK,971 4 424 4444,http://www.mashreqbank.com,EG,EGY,EGYPT
517292,MASTERCARD,CREDIT,WORLD,EMIRATES NATIONAL BANK OF DUBAI S.A.E,,,EG,EGY,EGYPT
517295,MASTERCARD,DEBIT,STANDARD,"IRAQ ELECTRONIC GATE FOR FINANCIAL SERVICES CO, LTD.",,,IQ,IRQ,IRAQ
517313,MASTERCARD,DEBIT,PREPAID PLATINUM TRAVEL,"BURGAN BANK, S.A.K.",+9651804080,http://www.burgan.com,KW,KWT,KUWAIT
517353,MASTERCARD,DEBIT,PREPAID,UAE EXCHANGE CENTRE LLC,+97142617575,http://www.uaeexchange.com,AE,ARE,UNITED ARAB EMIRATES
517358,MASTERCARD,CREDIT,WORLD,CREDIT CARD SERVICES JORDAN,,,JO,JOR,JORDAN
517393,MASTERCARD,DEBIT,STANDARD,,,,JO,JOR,JORDAN
517395,MASTERCARD,CREDIT,TITANIUM,MAWARID FINANCE PJSC,,,AE,ARE,UNITED ARAB EMIRATES
517400,MASTERCARD,CREDIT,WORLD,AL HILAL BANK PJSC,,,AE,ARE,UNITED ARAB EMIRATES
517401,MASTERCARD,CREDIT,WORLD,COMMERCIAL BANK INTERNATIONAL,+97142275265,http://www.cbiuae.com,AE,ARE,UNITED ARAB EMIRATES
517419,MASTERCARD,DEBIT,STANDARD,GULF BANK K.S.C.,,http://www.gulfbank.com,KW,KWT,KUWAIT
517434,MASTERCARD,DEBIT,PLATINUM,"EGYPTIAN BANKS CO. FOR TECHNOLOGICAL ADVANCEMENT, S.A.E.",,,EG,EGY,EGYPT
517452,MASTERCARD,DEBIT,STANDARD,MIDDLE EAST PAYMENT SERVICES LIMITED CO.,,,IQ,IRQ,IRAQ
517458,MASTERCARD,DEBIT,BUSINESS,GULF BANK K.S.C.,,http://www.gulfbank.com,KW,KWT,KUWAIT
517506,MASTERCARD,DEBIT,PREPAID,NOOR BANK PJSC,,,AE,ARE,UNITED ARAB EMIRATES
517512,MASTERCARD,DEBIT,PREPAID,ITHMAAR BANK B.S.C.,,,BH,BHR,BAHRAIN
517524,MASTERCARD,CREDIT,WORLD ELITE,FIRST ABU DHABI BANK PJSC,+971600525500,https://www.bankfab.com,AE,ARE,UNITED ARAB EMIRATES
517531,MASTERCARD,CREDIT,TITANIUM,RIYAD BANK,,http://www.riyadbank.com,SA,SAU,SAUDI ARABIA
517554,MASTERCARD,DEBIT,PLATINUM,FIRST ABU DHABI BANK PJSC,+971600525500,https://www.bankfab.com,AE,ARE,UNITED ARAB EMIRATES
517565,MASTERCARD,DEBIT,PLATINUM,ABU DHABI ISLAMIC BANK,,http://www.adib.ae,EG,EGY,EGYPT
517568,MASTERCARD,DEBIT,PLATINUM,CSCBANK SAL,,,LB,LBN,LEBANON
517577,MASTERCARD,DEBIT,STANDARD,SOCIETE GENERALE DE BANQUE AU LIBAN S.A.L.,1274477777,http://www.sgbl.com.lb,LB,LBN,LEBANON
517582,MASTERCARD,DEBIT,PREPAID,BANQUE DU CAIRE,+20222648410,http://www.bdc.com.eg,EG,EGY,EGYPT
517597,MASTERCARD,CREDIT,CORPORATE,GULF INTERNATIONAL BANK BSC,,,SA,SAU,SAUDI ARABIA
517623,MASTERCARD,CREDIT,STANDARD,AREEBA S.A.L,,,LB,LBN,LEBANON
517658,MASTERCARD,CREDIT,GOLD,CSCBANK SAL,,,LB,LBN,LEBANON
517690,MASTERCARD,CREDIT,PLATINUM,NETWORK INTERNATIONAL LLC,,,AE,ARE,UNITED ARAB EMIRATES
517701,MASTERCARD,DEBIT,PREPAID,ALEXBANK,1 9 0 3 3,http://www.alexbank.com,EG,EGY,EGYPT
517703,MASTERCARD,DEBIT,PREPAID PLATINUM TRAVEL,PAYMENT INTERNATIONAL ENTERPRISE BSC,,,BH,BHR,BAHRAIN
517704,MASTERCARD,DEBIT,PREPAID,CREDIT LIBANAIS S.A.L.,+9611900111,http://www.creditlibanais.com.lb,LB,LBN,LEBANON
517715,MASTERCARD,CREDIT,STANDARD,EMIRATES NBD,+971800456,http://www.emiratesnbd.com,AE,ARE,UNITED ARAB EMIRATES
517716,MASTERCARD,CREDIT,STANDARD,NATIONAL BANK OF EGYPT,,http://www.nbe.com.eg,EG,EGY,EGYPT
517720,MASTERCARD,CREDIT,STANDARD,NATIONAL COMMERCIAL BANK,,,SA,SAU,SAUDI ARABIA
517722,MASTERCARD,CREDIT,PLATINUM,HSBC BANK MIDDLE EAST,+97142241000,http://www.hsbc.ae,AE,ARE,UNITED ARAB EMIRATES
517723,MASTERCARD,CREDIT,STANDARD,EMIRATES NBD,+971800456,http://www.emiratesnbd.com,AE,ARE,UNITED ARAB EMIRATES
517724,MASTERCARD,CREDIT,STANDARD,BANQUE SAUDI FRANSI,966 1 289 9999 OR 966 1 874 4000,http://www.alfransi.com.sa,SA,SAU,SAUDI ARABIA
517726,MASTERCARD,CREDIT,STANDARD,COMMERCIAL INTERNATIONAL BANK (EGYPT) S.A.E.,971 - 4 - 3589381,http://www.cibeg.com,EG,EGY,EGYPT
517727,MASTERCARD,DEBIT,PREPAID,JORDAN AHLI BANK,+96265007777,http://www.ahli.com,JO,JOR,JORDAN
517728,MASTERCARD,CREDIT,STANDARD,ARAB FINANCIAL SERVICES COMPANY B.S.C. (C),,,BH,BHR,BAHRAIN
517729,MASTERCARD,CREDIT,STANDARD,ARAB FINANCIAL SERVICES COMPANY B.S.C. (C),,,QA,QAT,QATAR
517733,MASTERCARD,CREDIT,STANDARD,CREDIMAX BSC (CLOSED),,,BH,BHR,BAHRAIN
517734,MASTERCARD,CREDIT,STANDARD,EMIRATES NBD,+971800456,http://www.emiratesnbd.com,AE,ARE,UNITED ARAB EMIRATES
517735,MASTERCARD,CREDIT,STANDARD,KUWAIT FINANCE HOUSE K.S.C.,+9651803333,http://www.kfh.com,KW,KWT,KUWAIT
517736,MASTERCARD,CREDIT,PLATINUM,FIRST ABU DHABI BANK PJSC,+971600525500,https://www.bankfab.com,AE,ARE,UNITED ARAB EMIRATES
517738,MASTERCARD,CREDIT,WORLD ELITE,MASHREQ BANK,+97143632250,http://www.mashreqbank.com,AE,ARE,UNITED ARAB EMIRATES
517739,MASTERCARD,CREDIT,STANDARD,COMMERCIAL INTERNATIONAL BANK (EGYPT) S.A.E.,971 - 4 - 3589381,http://www.cibeg.com,EG,EGY,EGYPT
517740,MASTERCARD,DEBIT,STANDARD,COMMERCIAL INTERNATIONAL BANK (EGYPT) S.A.E.,971 - 4 - 3589381,http://www.cibeg.com,EG,EGY,EGYPT
517741,MASTERCARD,CREDIT,STANDARD,"COMMERCIAL BANK OF QATAR, LTD.",+97444490000,http://www.cbq.com.qa,QA,QAT,QATAR
517742,MASTERCARD,CREDIT,STANDARD,EMIRATES NBD,+971800456,http://www.emiratesnbd.com,AE,ARE,UNITED ARAB EMIRATES
517744,MASTERCARD,CREDIT,STANDARD,QATAR NATIONAL BANK,+97444622724,http://www.qnb.com.qa,QA,QAT,QATAR
517745,MASTERCARD,CREDIT,PLATINUM,HSBC BANK MIDDLE EAST,+974 4441 6663 A851+A851,http://www.hsbc.ae,QA,QAT,QATAR
517773,MASTERCARD,CREDIT,STANDARD,EMIRATES NBD,+971800456,http://www.emiratesnbd.com,AE,ARE,UNITED ARAB EMIRATES
517780,MASTERCARD,CREDIT,STANDARD,ABU DHABI COMMERCIAL BANK,+97126962222,http://www.adcb.com,AE,ARE,UNITED ARAB EMIRATES
517783,MASTERCARD,CREDIT,STANDARD,EMIRATES NBD,+971800456,http://www.emiratesnbd.com,AE,ARE,UNITED ARAB EMIRATES
517799,MASTERCARD,CREDIT,TITANIUM,"BURGAN BANK, S.A.K.",+9651804080,http://www.burgan.com,KW,KWT,KUWAIT
517802,MASTERCARD,CREDIT,GOLD,NATIONAL BANK OF EGYPT,,http://www.nbe.com.eg,EG,EGY,EGYPT
517816,MASTERCARD,CREDIT,STANDARD,JORDAN KUWAIT BANK,,http://www.jordan-kuwait-bank.com,JO,JOR,JORDAN
517838,MASTERCARD,CREDIT,,NATIONAL BANK OF EGYPT,,http://www.nbe.com.eg,EG,EGY,EGYPT
517851,MASTERCARD,CREDIT,CORPORATE EXECUTIVE,ALEXBANK,1 9 0 3 3,http://www.alexbank.com,EG,EGY,EGYPT
517874,MASTERCARD,CREDIT,WORLD,COMMERCIAL INTERNATIONAL BANK (EGYPT) S.A.E.,971 - 4 - 3589381,http://www.cibeg.com,EG,EGY,EGYPT
517879,MASTERCARD,DEBIT,TITANIUM,COMMERCIAL INTERNATIONAL BANK (EGYPT) S.A.E.,971 - 4 - 3589381,http://www.cibeg.com,EG,EGY,EGYPT
517893,MASTERCARD,DEBIT,GOLD,KUWAIT INTERNATIONAL BANK,+9651866866,http://www.kib.com.kw,KW,KWT,KUWAIT
517918,MASTERCARD,CREDIT,,ARAB NATIONAL BANK,,,SA,SAU,SAUDI ARABIA
517941,MASTERCARD,CREDIT,PLATINUM,BBAC S.A.L.,,,LB,LBN,LEBANON
517957,MASTERCARD,CREDIT,PLATINUM,KUWAIT FINANCE HOUSE K.S.C.,+9651803333,http://www.kfh.com,KW,KWT,KUWAIT
517970,MASTERCARD,CREDIT,PLATINUM,ARAB FINANCIAL SERVICES COMPANY B.S.C. (C),,,QA,QAT,QATAR
517978,MASTERCARD,CREDIT,STANDARD,JORDAN AHLI BANK,+96265007777,http://www.ahli.com,JO,JOR,JORDAN
517979,MASTERCARD,CREDIT,STANDARD,NETWORK INTERNATIONAL LLC,,,AE,ARE,UNITED ARAB EMIRATES
517994,MASTERCARD,CREDIT,GOLD,BBAC S.A.L.,,,LB,LBN,LEBANON
517995,MASTERCARD,CREDIT,TITANIUM,SOCIETE GENERALE DE BANQUE AU LIBAN S.A.L.,1274477777,http://www.sgbl.com.lb,LB,LBN,LEBANON
518036,MASTERCARD,DEBIT,STANDARD,INTERNATIONAL SMART CARD LLC,,,IQ,IRQ,IRAQ
518038,MASTERCARD,DEBIT,PREPAID,"IDT FINANCIAL SERVICES, LTD.",,http://www.idtfinance.com,IL,ISR,ISRAEL
518059,MASTERCARD,DEBIT,PLATINUM,CREDIT LIBANAIS S.A.L.,+9611900111,http://www.creditlibanais.com.lb,LB,LBN,LEBANON
518084,MASTERCARD,DEBIT,WORLD REWARDS,ABU DHABI COMMERCIAL BANK,+97126962222,http://www.adcb.com,AE,ARE,UNITED ARAB EMIRATES
518093,MASTERCARD,CREDIT,STANDARD,PALESTINE ISLAMIC BANK,,,PS,PSE,"PALESTINIAN TERRITORY, OCCUPIED"
518094,MASTERCARD,CREDIT,STANDARD,JORDAN AHLI BANK,,http://www.ahli.com,PS,PSE,"PALESTINIAN TERRITORY, OCCUPIED"
518107,MASTERCARD,CREDIT,STANDARD,BBAC S.A.L.,,,LB,LBN,LEBANON
518108,MASTERCARD,CREDIT,STANDARD,SOCIETE GENERALE DE BANQUE AU LIBAN S.A.L.,1274477777,http://www.sgbl.com.lb,LB,LBN,LEBANON
518162,MASTERCARD,CREDIT,STANDARD,CSCBANK SAL,,,LB,LBN,LEBANON
518173,MASTERCARD,CREDIT,STANDARD,ARAB JORDAN INVESTMENT BANK,,,JO,JOR,JORDAN
518189,MASTERCARD,DEBIT,STANDARD,DOHA BANK Q.S.C,,,QA,QAT,QATAR
518204,MASTERCARD,CREDIT,STANDARD,AL JANOOB ISLAMIC BANK FOR INVESTMENT AND FINANCE,,,IQ,IRQ,IRAQ
518241,MASTERCARD,DEBIT,PREPAID,ISRACARD LTD.,,,IL,ISR,ISRAEL
518285,MASTERCARD,CREDIT,PLATINUM,FIRST ABU DHABI BANK PJSC,+971600525500,https://www.bankfab.com,AE,ARE,UNITED ARAB EMIRATES
518291,MASTERCARD,DEBIT,BUSINESS,NETWORK INTERNATIONAL LLC,,,AE,ARE,UNITED ARAB EMIRATES
518292,MASTERCARD,DEBIT,PREPAID RELOADABLE,ABU DHABI ISLAMIC BANK,,http://www.adib.ae,EG,EGY,EGYPT
518298,MASTERCARD,CREDIT,GOLD,HSBC BANK EGYPT,+20235359700,http://www.hsbc.com.eg,EG,EGY,EGYPT
518300,MASTERCARD,CREDIT,TITANIUM,HOUSING & DEVELOPMENT BANK,,,EG,EGY,EGYPT
518315,MASTERCARD,CREDIT,STANDARD,HSBC BANK EGYPT,+20235359700,http://www.hsbc.com.eg,EG,EGY,EGYPT
518362,MASTERCARD,DEBIT,STANDARD,INTERNATIONAL ISLAMIC BANK,,,IQ,IRQ,IRAQ
518368,MASTERCARD,DEBIT,PREPAID,DUBAI ISLAMIC BANK PJSC,,,AE,ARE,UNITED ARAB EMIRATES
518406,MASTERCARD,CREDIT,WORLD,QATAR INTERNATIONAL ISLAMIC BANK,,http://www.qiib.com.qa,QA,QAT,QATAR
518409,MASTERCARD,CREDIT,BUSINESS,ISRAEL CREDIT CARDS LTD.,,,IL,ISR,ISRAEL
518429,MASTERCARD,CREDIT,,,,,AE,ARE,UNITED ARAB EMIRATES
518433,MASTERCARD,CREDIT,PLATINUM,HSBC BANK EGYPT,+20235359700,http://www.hsbc.com.eg,EG,EGY,EGYPT
518436,MASTERCARD,CREDIT,TITANIUM,ABU DHABI ISLAMIC BANK P.J.S.C.,,,AE,ARE,UNITED ARAB EMIRATES
518485,MASTERCARD,CREDIT,STANDARD,AREEBA S.A.L,,,LB,LBN,LEBANON
518504,MASTERCARD,CREDIT,WORLD,SHARJAH ISLAMIC BANK PJSC,+97165999999,http://www.sib.ae,AE,ARE,UNITED ARAB EMIRATES
518520,MASTERCARD,CREDIT,GOLD,FIRST ABU DHABI BANK PJSC,+20225204375,https://www.bankfab.com,EG,EGY,EGYPT
518521,MASTERCARD,CREDIT,TITANIUM,"BURGAN BANK, S.A.K.",+9651804080,http://www.burgan.com,KW,KWT,KUWAIT
518548,MASTERCARD,CREDIT,STANDARD,FIRST ABU DHABI BANK PJSC,+20225204375,https://www.bankfab.com,EG,EGY,EGYPT
518549,MASTERCARD,CREDIT,STANDARD,"BURGAN BANK, S.A.K.",+9651804080,http://www.burgan.com,KW,KWT,KUWAIT
518575,MASTERCARD,CREDIT,,BANK OF BEIRUT AND THE ARAB COUNTRIESS.A.L.,+9614727747,http://www.bbacbank.com,LB,LBN,LEBANON
518649,MASTERCARD,DEBIT,PREPAID,AREEBA S.A.L,,,LB,LBN,LEBANON
518668,MASTERCARD,DEBIT,STANDARD,YANA BANKING SERVICES COMPANY,,,IQ,IRQ,IRAQ
518694,MASTERCARD,DEBIT,PREPAID PLATINUM TRAVEL,THE SAUDI NATIONAL BANK,,,SA,SAU,SAUDI ARABIA
518696,MASTERCARD,CREDIT,CORPORATE EXECUTIVE,NETWORK INTERNATIONAL LLC,,,AE,ARE,UNITED ARAB EMIRATES
518719,MASTERCARD,CREDIT,STANDARD,STANDARD CHARTERED BANK,+97317531532,https://www.sc.com,BH,BHR,BAHRAIN
518722,MASTERCARD,CREDIT,GOLD,JORDAN AHLI BANK,+96265007777,http://www.ahli.com,JO,JOR,JORDAN
518739,MASTERCARD,CREDIT,PLATINUM,CSCBANK SAL,,,IQ,IRQ,IRAQ
518750,MASTERCARD,CREDIT,STANDARD,CSCBANK S.A.L.,+9611871245,http://www.ccm.com.lb,LB,LBN,LEBANON
518762,MASTERCARD,DEBIT,PREPAID PLATINUM TRAVEL,UAE EXCHANGE CENTRE LLC,+97142617575,http://www.uaeexchange.com,AE,ARE,UNITED ARAB EMIRATES
518817,MASTERCARD,CREDIT,STANDARD,STANDARD CHARTERED BANK,+97317531532,https://www.sc.com,BH,BHR,BAHRAIN
518857,MASTERCARD,CREDIT,GOLD,FIRST ABU DHABI BANK PJSC,+971600525500,https://www.bankfab.com,AE,ARE,UNITED ARAB EMIRATES
518867,MASTERCARD,CREDIT,GOLD,ITHMAAR BANK B.S.C.,,,BH,BHR,BAHRAIN
518870,MASTERCARD,CREDIT,TITANIUM,EMIRATES NBD,+971800456,http://www.emiratesnbd.com,AE,ARE,UNITED ARAB EMIRATES
518871,MASTERCARD,CREDIT,TITANIUM,EMIRATES NBD,+971800456,http://www.emiratesnbd.com,AE,ARE,UNITED ARAB EMIRATES
518872,MASTERCARD,CREDIT,TITANIUM,EMIRATES NBD,+971800456,http://www.emiratesnbd.com,AE,ARE,UNITED ARAB EMIRATES
518883,MASTERCARD,CREDIT,GOLD,CSCBANK S.A.L.,+9611871245,http://www.ccm.com.lb,LB,LBN,LEBANON
518888,MASTERCARD,CREDIT,PLATINUM,ELAF ISLAMIC BANK,,,IQ,IRQ,IRAQ
518891,MASTERCARD,DEBIT,PREPAID BUSINESS,AL-MADFU AT AL-RAQMIYYAH FOR FINANCIAL TECHNOLOGY,,,SA,SAU,SAUDI ARABIA
518895,MASTERCARD,CREDIT,GOLD,FIRST ABU DHABI BANK PJSC,+20225204375,https://www.bankfab.com,EG,EGY,EGYPT
518904,MASTERCARD,CREDIT,,BANQUE MISR,+20223912150,http://www.banquemisr.com,EG,EGY,EGYPT
518910,MASTERCARD,CREDIT,WORLD ELITE,FIRST ABU DHABI BANK PJSC,+971600525500,https://www.bankfab.com,AE,ARE,UNITED ARAB EMIRATES
518917,MASTERCARD,CREDIT,STANDARD,DOHA BANK Q.S.C,,,QA,QAT,QATAR
518933,MASTERCARD,CREDIT,PLATINUM,ARAB FINANCIAL SERVICES COMPANY B.S.C. (C),,,AE,ARE,UNITED ARAB EMIRATES
518953,MASTERCARD,CREDIT,GOLD,"MAX IT FINANCE, LTD.",,,IL,ISR,ISRAEL
518954,MASTERCARD,CREDIT,STANDARD,BANK LEUMI LE-ISRAEL BM,,,IL,ISR,ISRAEL
518955,MASTERCARD,CREDIT,GOLD,BANK LEUMI LE-ISRAEL BM,,,IL,ISR,ISRAEL
518975,MASTERCARD,CREDIT,TITANIUM,FIRST ABU DHABI BANK PJSC,+971600525500,https://www.bankfab.com,AE,ARE,UNITED ARAB EMIRATES
518986,MASTERCARD,CREDIT,GOLD,ISRAEL CREDIT CARDS LTD.,,,IL,ISR,ISRAEL
518987,MASTERCARD,CREDIT,,"ISRAEL CREDIT CARDS, LTD.",360-378-2265,http://www.cal-intl.com,IL,ISR,ISRAEL
518989,MASTERCARD,CREDIT,STANDARD,ISRAEL CREDIT CARDS LTD.,,,IL,ISR,ISRAEL
518991,MASTERCARD,CREDIT,GOLD,ISRAEL CREDIT CARDS LTD.,,,IL,ISR,ISRAEL
519001,MASTERCARD,DEBIT,PREPAID,BANQUE DU CAIRE,+20222648410,http://www.bdc.com.eg,EG,EGY,EGYPT
519009,MASTERCARD,DEBIT,STANDARD,MIDDLE EAST PAYMENT SERVICES LIMITED CO.,,,IQ,IRQ,IRAQ
519036,MASTERCARD,DEBIT,PREPAID,"BANK OF JERUSALEM, LTD.",,,IL,ISR,ISRAEL
519060,MASTERCARD,DEBIT,WORLD,SOCIETE GENERALE DE BANQUE AU LIBAN S.A.L.,1274477777,http://www.sgbl.com.lb,LB,LBN,LEBANON
519065,MASTERCARD,CREDIT,PLATINUM,FINANCE HOUSE L.L.C.,,,AE,ARE,UNITED ARAB EMIRATES
519117,MASTERCARD,CREDIT,PLATINUM,AAFAQ ISLAMIC FINANCE PSC,,,AE,ARE,UNITED ARAB EMIRATES
519130,MASTERCARD,CREDIT,STANDARD,NATIONAL BANK OF KUWAIT (S.A.K.),,,KW,KWT,KUWAIT
519145,MASTERCARD,DEBIT,PREPAID WORLD,JORDANIAN ELAF FOR INTEGRATED SOLUTIONS,,,JO,JOR,JORDAN
519158,MASTERCARD,CREDIT,WORLD ELITE,AHLI BANK OF KUWAIT,,,EG,EGY,EGYPT
519165,MASTERCARD,CREDIT,PLATINUM,ISRACARD LTD.,,,IL,ISR,ISRAEL
519174,MASTERCARD,DEBIT,PREPAID,ARAB FINANCIAL SERVICES COMPANY B.S.C. (C),,,QA,QAT,QATAR
519190,MASTERCARD,DEBIT,PREPAID,JORDAN AHLI BANK,+96265007777,http://www.ahli.com,JO,JOR,JORDAN
519212,MASTERCARD,DEBIT,PLATINUM,NETWORK INTERNATIONAL LLC,,,AE,ARE,UNITED ARAB EMIRATES
519246,MASTERCARD,DEBIT,BUSINESS,EMIRATES NATIONAL BANK OF DUBAI S.A.E,,,EG,EGY,EGYPT
519251,MASTERCARD,CREDIT,STANDARD,FIRST ABU DHABI BANK PJSC,+20225204375,https://www.bankfab.com,EG,EGY,EGYPT
519278,MASTERCARD,CREDIT,WORLD,CAPITAL BANK OF JORDAN,,,JO,JOR,JORDAN
519288,MASTERCARD,DEBIT,PREPAID RELOADABLE,QATAR NATIONAL BANK,+97444622724,http://www.qnb.com.qa,QA,QAT,QATAR
519296,MASTERCARD,DEBIT,PREPAID WORLD,JORDANIAN ELAF FOR INTEGRATED SOLUTIONS,,,JO,JOR,JORDAN
519305,MASTERCARD,CREDIT,PLATINUM,ABU DHABI COMMERCIAL BANK,+97126962222,http://www.adcb.com,AE,ARE,UNITED ARAB EMIRATES
519309,MASTERCARD,CREDIT,WORLD ELITE,CREDIMAX BSC (CLOSED),,,BH,BHR,BAHRAIN
519310,MASTERCARD,CREDIT,STANDARD,THE SAUDI NATIONAL BANK,,,SA,SAU,SAUDI ARABIA
519316,MASTERCARD,CREDIT,PLATINUM,AREEBA S.A.L,,,LB,LBN,LEBANON
519341,MASTERCARD,CREDIT,PLATINUM,THE SAUDI NATIONAL BANK,,,SA,SAU,SAUDI ARABIA
519359,MASTERCARD,DEBIT,TITANIUM,BANQUE MISR,+20223912150,http://www.banquemisr.com,EG,EGY,EGYPT
519360,MASTERCARD,DEBIT,STANDARD,"IRAQ ELECTRONIC GATE FOR FINANCIAL SERVICES CO, LTD.",,,IQ,IRQ,IRAQ
519373,MASTERCARD,DEBIT,PREPAID RELOADABLE,ALQASEH FOR FINANCIAL SERVICES AND ELECTRONIC PAYMENT,,,IQ,IRQ,IRAQ
519379,MASTERCARD,CREDIT,PLATINUM,HSBC BANK EGYPT,+20235359700,http://www.hsbc.com.eg,EG,EGY,EGYPT
519402,MASTERCARD,CREDIT,WORLD,"MAX IT FINANCE, LTD.",,,IL,ISR,ISRAEL
519404,MASTERCARD,DEBIT,STANDARD,"IRAQ ELECTRONIC GATE FOR FINANCIAL SERVICES CO, LTD.",,,IQ,IRQ,IRAQ
519441,MASTERCARD,CREDIT,STANDARD,CSCBANK SAL,,,LB,LBN,LEBANON
519445,MASTERCARD,CREDIT,GOLD,CSCBANK SAL,,,IQ,IRQ,IRAQ
519451,MASTERCARD,CREDIT,MIXED PRODUCT,CSCBANK S.A.L.,+9611871245,http://www.ccm.com.lb,LB,LBN,LEBANON
519454,MASTERCARD,CREDIT,EXECUTIVE BUSINESS,BANK DHOFAR SAOG,,,OM,OMN,OMAN
519456,MASTERCARD,DEBIT,PREPAID CORPORATE,"IDT FINANCIAL SERVICES, LTD.",,http://www.idtfinance.com,IL,ISR,ISRAEL
519458,MASTERCARD,DEBIT,PREPAID PLATINUM TRAVEL,DOHA BANK Q.S.C,,,QA,QAT,QATAR
519484,MASTERCARD,DEBIT,WORLD,EMIRATES NATIONAL BANK OF DUBAI S.A.E,,,EG,EGY,EGYPT
519487,MASTERCARD,DEBIT,PREPAID,MIDDLE EAST PAYMENT SERVICES LIMITED CO.,,,IQ,IRQ,IRAQ
519508,MASTERCARD,DEBIT,PREPAID,NETWORK INTERNATIONAL LLC,,,AE,ARE,UNITED ARAB EMIRATES
519511,MASTERCARD,DEBIT,PREPAID,DUBAI ISLAMIC BANK PJSC,,,AE,ARE,UNITED ARAB EMIRATES
519529,MASTERCARD,DEBIT,WORLD,ALEXBANK,1 9 0 3 3,http://www.alexbank.com,EG,EGY,EGYPT
519533,MASTERCARD,DEBIT,PREPAID,DUBAI ISLAMIC BANK PJSC,,,AE,ARE,UNITED ARAB EMIRATES
519616,MASTERCARD,DEBIT,STANDARD,NETWORK INTERNATIONAL LLC,,,AE,ARE,UNITED ARAB EMIRATES
519630,MASTERCARD,CREDIT,PLATINUM,NATIONAL BANK OF RAS AL-KHAIMAH (RAKBANK),,,AE,ARE,UNITED ARAB EMIRATES
519632,MASTERCARD,DEBIT,STANDARD,MASHREQ BANK,971 4 424 4444,http://www.mashreqbank.com,EG,EGY,EGYPT
519634,MASTERCARD,CREDIT,WORLD,STANDARD CHARTERED BANK,+971600522288,https://www.sc.com,AE,ARE,UNITED ARAB EMIRATES
519737,MASTERCARD,CREDIT,BUSINESS,BANQUE MISR,+20223912150,http://www.banquemisr.com,EG,EGY,EGYPT
519779,MASTERCARD,CREDIT,CORPORATE WORLD,JORDAN COMMERCIAL BANK,+96265203000,http://www.jcbank.com.jo,JO,JOR,JORDAN
519855,MASTERCARD,DEBIT,PLATINUM,FIRST ABU DHABI BANK PJSC,+971600525500,https://www.bankfab.com,AE,ARE,UNITED ARAB EMIRATES
519857,MASTERCARD,DEBIT,WORLD,CSCBANK SAL,,,LB,LBN,LEBANON
519861,MASTERCARD,DEBIT,WORLD,NATIONAL BANK OF OMAN (SAOG),,,OM,OMN,OMAN
519868,MASTERCARD,DEBIT,WORLD,NETWORK INTERNATIONAL LLC,,,AE,ARE,UNITED ARAB EMIRATES
519871,MASTERCARD,DEBIT,STANDARD,AL JANOOB ISLAMIC BANK FOR INVESTMENT AND FINANCE,,,IQ,IRQ,IRAQ
519875,MASTERCARD,DEBIT,PLATINUM,FIRST ABU DHABI BANK PJSC,+971600525500,https://www.bankfab.com,AE,ARE,UNITED ARAB EMIRATES
519886,MASTERCARD,DEBIT,PLATINUM,JORDAN AHLI BANK,+96265007777,http://www.ahli.com,JO,JOR,JORDAN
519887,MASTERCARD,DEBIT,PLATINUM,BANK DHOFAR SAOG,,,OM,OMN,OMAN
519900,MASTERCARD,CREDIT,WORLD ELITE EXCLUSIVE,NATIONAL BANK OF BAHRAIN,,,BH,BHR,BAHRAIN
519912,MASTERCARD,DEBIT,STANDARD,"EGYPTIAN BANKS CO. FOR TECHNOLOGICAL ADVANCEMENT, S.A.E.",,,EG,EGY,EGYPT
519916,MASTERCARD,CREDIT,EXECUTIVE BUSINESS,NATIONAL BANK OF KUWAIT (S.A.K.),,,KW,KWT,KUWAIT
519926,MASTERCARD,CREDIT,EXECUTIVE BUSINESS,JORDAN AHLI BANK,+96265007777,http://www.ahli.com,JO,JOR,JORDAN
519957,MASTERCARD,CREDIT,WORLD ELITE,QATAR NATIONAL BANK,+97444622724,http://www.qnb.com.qa,QA,QAT,QATAR
519964,MASTERCARD,CREDIT,WORLD ELITE,AREEBA S.A.L,,,LB,LBN,LEBANON
519969,MASTERCARD,CREDIT,WORLD ELITE,SHARJAH ISLAMIC BANK PJSC,+97165999999,http://www.sib.ae,AE,ARE,UNITED ARAB EMIRATES
520008,MASTERCARD,CREDIT,STANDARD,THE NATIONAL BANK PLC,,,PS,PSE,"PALESTINIAN TERRITORY, OCCUPIED"
520029,MASTERCARD,CREDIT,,NETWORK INTERNATIONAL LLC,,,AE,ARE,UNITED ARAB EMIRATES
520031,MASTERCARD,CREDIT,STANDARD,BANQUE DU CAIRE,+20222648410,http://www.bdc.com.eg,EG,EGY,EGYPT
520058,MASTERCARD,DEBIT,BUSINESS,RIYAD BANK,,http://www.riyadbank.com,SA,SAU,SAUDI ARABIA
520065,MASTERCARD,DEBIT,STANDARD,"BANK OF BEIRUT, S.A.L.",,,LB,LBN,LEBANON
520073,MASTERCARD,CREDIT,GOLD,ARAB FINANCIAL SERVICES COMPANY B.S.C. (C),,,BH,BHR,BAHRAIN
520074,MASTERCARD,CREDIT,GOLD,ARAB FINANCIAL SERVICES COMPANY B.S.C. (C),,,BH,BHR,BAHRAIN
520076,MASTERCARD,CREDIT,GOLD,ARAB FINANCIAL SERVICES COMPANY B.S.C. (C),,,BH,BHR,BAHRAIN
520089,MASTERCARD,CREDIT,BUSINESS,RIYAD BANK,,http://www.riyadbank.com,SA,SAU,SAUDI ARABIA
520090,MASTERCARD,CREDIT,PLATINUM,RIYAD BANK,,http://www.riyadbank.com,SA,SAU,SAUDI ARABIA
520107,MASTERCARD,CREDIT,GOLD,CSCBANK SAL,,,LB,LBN,LEBANON
520123,MASTERCARD,CREDIT,GOLD,STANDARD CHARTERED BANK,+97444248601,https://www.sc.com,QA,QAT,QATAR
520124,MASTERCARD,CREDIT,GOLD,STANDARD CHARTERED BANK,+9614542474,https://www.sc.com,LB,LBN,LEBANON
520149,MASTERCARD,CREDIT,TITANIUM,COMMERCIAL INTERNATIONAL BANK (EGYPT) S.A.E.,971 - 4 - 3589381,http://www.cibeg.com,EG,EGY,EGYPT
520150,MASTERCARD,CREDIT,GOLD,CSCBANK SAL,,,LB,LBN,LEBANON
520200,MASTERCARD,CREDIT,WORLD,CREDIT LIBANAIS S.A.L.,+9611900111,http://www.creditlibanais.com.lb,LB,LBN,LEBANON
520232,MASTERCARD,CREDIT,TITANIUM,BANQUE MISR,+20223912150,http://www.banquemisr.com,EG,EGY,EGYPT
520233,MASTERCARD,CREDIT,TITANIUM,BANQUE MISR,+20223912150,http://www.banquemisr.com,EG,EGY,EGYPT
520305,MASTERCARD,CREDIT,TITANIUM,NETWORK INTERNATIONAL LLC,,,EG,EGY,EGYPT
520325,MASTERCARD,DEBIT,TITANIUM,AL JANOOB ISLAMIC BANK FOR INVESTMENT AND FINANCE,,,IQ,IRQ,IRAQ
520378,MASTERCARD,CREDIT,STANDARD,COMMERCIAL INTERNATIONAL BANK (EGYPT) S.A.E.,971 - 4 - 3589381,http://www.cibeg.com,EG,EGY,EGYPT
520379,MASTERCARD,CREDIT,STANDARD,ARAB FINANCIAL SERVICES COMPANY B.S.C. (C),,,OM,OMN,OMAN
520388,MASTERCARD,CREDIT,,ARAB AFRICAN INTERNATIONAL BANK,+20224886679,http://www.aaib.com,EG,EGY,EGYPT
520398,MASTERCARD,CREDIT,STANDARD,AREEBA S.A.L,,,LB,LBN,LEBANON
520414,MASTERCARD,CREDIT,STANDARD,DOHA BANK Q.S.C,,,QA,QAT,QATAR
520419,MASTERCARD,DEBIT,,DOHA BANK Q.S.C,,,QA,QAT,QATAR
520430,MASTERCARD,CREDIT,TITANIUM,ARAB NATIONAL BANK,,,SA,SAU,SAUDI ARABIA
520431,MASTERCARD,CREDIT,PLATINUM,ARAB NATIONAL BANK,,,SA,SAU,SAUDI ARABIA
520433,MASTERCARD,CREDIT,GOLD,"BANK OF BEIRUT, S.A.L.",,,LB,LBN,LEBANON
520544,MASTERCARD,CREDIT,BUSINESS,QATAR NATIONAL BANK AL-AHLI S.A.E,,,EG,EGY,EGYPT
520620,MASTERCARD,DEBIT,WORLD,QATAR NATIONAL BANK,,http://www.qnb.com.qa,LB,LBN,LEBANON
520701,MASTERCARD,DEBIT,PREPAID GOLD PAYROLL,PALESTINE ISLAMIC BANK,,,PS,PSE,"PALESTINIAN TERRITORY, OCCUPIED"
520707,MASTERCARD,DEBIT,STANDARD,ARAB PAYMENT SERVICES,,,IQ,IRQ,IRAQ
520741,MASTERCARD,DEBIT,TITANIUM,BLOM BANK SAL,,,JO,JOR,JORDAN
520742,MASTERCARD,DEBIT,TITANIUM,MASHREQ BANK,971 4 424 4444,http://www.mashreqbank.com,EG,EGY,EGYPT
520763,MASTERCARD,CREDIT,,HSBC BANK EGYPT,+20235359700,http://www.hsbc.com.eg,EG,EGY,EGYPT
520767,MASTERCARD,CREDIT,,HSBC BANK MIDDLE EAST,+20235359700,http://www.hsbc.ae,EG,EGY,EGYPT
520771,MASTERCARD,CREDIT,,BLOM BANK S.A.L.,(961-1) 738938 - 743300 OR (961-1) 372780 - 370830 - 373102,http://www.blom.com.lb,LB,LBN,LEBANON
520793,MASTERCARD,DEBIT,PREPAID BUSINESS,SOHAR INTERNATIONAL BANK SAOG,,,OM,OMN,OMAN
520798,MASTERCARD,DEBIT,WORLD,SOHAR INTERNATIONAL BANK SAOG,,,OM,OMN,OMAN
521020,MASTERCARD,DEBIT,PLATINUM,QATAR NATIONAL BANK,,http://www.qnb.com.qa,KW,KWT,KUWAIT
521023,MASTERCARD,DEBIT,PREPAID RELOADABLE,AL-TABADUL FOR ELECTRONIC AND FINANCIAL TECHNOLOGIES,,,IQ,IRQ,IRAQ
521027,MASTERCARD,CREDIT,STANDARD,NATIONAL BANK OF OMAN (SAOG),,,OM,OMN,OMAN
521030,MASTERCARD,DEBIT,PREPAID,YANA BANKING SERVICES COMPANY,,,IQ,IRQ,IRAQ
521031,MASTERCARD,CREDIT,PLATINUM,NATIONAL COMMERCIAL BANK,,,SA,SAU,SAUDI ARABIA
521038,MASTERCARD,DEBIT,PREPAID,UNITED BANK S.E.A.,,,EG,EGY,EGYPT
521046,MASTERCARD,DEBIT,PLATINUM,NATIONAL BANK OF KUWAIT (S.A.K.),,,EG,EGY,EGYPT
521060,MASTERCARD,DEBIT,STANDARD,CSCBANK SAL,,,IQ,IRQ,IRAQ
521063,MASTERCARD,DEBIT,WORLD ELITE,ARAB AFRICAN INTERNATIONAL BANK,+20224886679,http://www.aaib.com,EG,EGY,EGYPT
521070,MASTERCARD,DEBIT,TITANIUM,NATIONAL BANK OF RAS AL-KHAIMAH (RAKBANK),,,AE,ARE,UNITED ARAB EMIRATES
521072,MASTERCARD,DEBIT,STANDARD,AREEBA S.A.L,,,LB,LBN,LEBANON
521076,MASTERCARD,DEBIT,STANDARD,NATIONAL BANK OF BAHRAIN,,,SA,SAU,SAUDI ARABIA
521082,MASTERCARD,DEBIT,STANDARD,CSCBANK SAL,,,LB,LBN,LEBANON
521084,MASTERCARD,DEBIT,STANDARD,"EGYPTIAN BANKS CO. FOR TECHNOLOGICAL ADVANCEMENT, S.A.E.",,,EG,EGY,EGYPT
521087,MASTERCARD,CREDIT,TITANIUM,YANA BANKING SERVICES COMPANY,,,IQ,IRQ,IRAQ
521088,MASTERCARD,DEBIT,STANDARD,NETWORK INTERNATIONAL LLC,,,AE,ARE,UNITED ARAB EMIRATES
521097,MASTERCARD,DEBIT,STANDARD,ARAB PAYMENT SERVICES,,,IQ,IRQ,IRAQ
521175,MASTERCARD,DEBIT,STANDARD,COMMERCIAL BANK OF KUWAIT S.A.K.,,,KW,KWT,KUWAIT
521182,MASTERCARD,DEBIT,STANDARD,HOUSING & DEVELOPMENT BANK,,,EG,EGY,EGYPT
521188,MASTERCARD,DEBIT,PREPAID,FINANCE HOUSE L.L.C.,,,AE,ARE,UNITED ARAB EMIRATES
521205,MASTERCARD,CREDIT,PLATINUM,NATIONAL BANK OF BAHRAIN,,,BH,BHR,BAHRAIN
521211,MASTERCARD,DEBIT,WORLD,SOHAR INTERNATIONAL BANK SAOG,,,OM,OMN,OMAN
521215,MASTERCARD,DEBIT,PREPAID BUSINESS,"PASSPORTCARD FINANCIAL SERVICES, LTD.",,,IL,ISR,ISRAEL
521233,MASTERCARD,CREDIT,BUSINESS,SOHAR INTERNATIONAL BANK SAOG,,,OM,OMN,OMAN
521238,MASTERCARD,DEBIT,PREPAID,ARAB PAYMENT SERVICES,,,IQ,IRQ,IRAQ
521243,MASTERCARD,DEBIT,STANDARD,ARAB PAYMENT SERVICES,,,IQ,IRQ,IRAQ
521261,MASTERCARD,DEBIT,PREPAID,ONE GLOBAL SMART SERVICES COMPANY WLL,,,BH,BHR,BAHRAIN
521314,MASTERCARD,CREDIT,PLATINUM,FIRST ABU DHABI BANK PJSC,+971600525500,https://www.bankfab.com,AE,ARE,UNITED ARAB EMIRATES
521315,MASTERCARD,CREDIT,PLATINUM,FIRST ABU DHABI BANK PJSC,+971600525500,https://www.bankfab.com,AE,ARE,UNITED ARAB EMIRATES
521323,MASTERCARD,CREDIT,PLATINUM,AM BANK S.A.L.,,,LB,LBN,LEBANON
521334,MASTERCARD,CREDIT,PLATINUM,ISRACARD LTD.,,,IL,ISR,ISRAEL
521338,MASTERCARD,CREDIT,PLATINUM,STANDARD CHARTERED BANK,+971600522288,https://www.sc.com,AE,ARE,UNITED ARAB EMIRATES
521363,MASTERCARD,DEBIT,STANDARD,NETWORK INTERNATIONAL PAYMENT SERVICES,,,EG,EGY,EGYPT
521366,MASTERCARD,DEBIT,TITANIUM,JORDAN COMMERCIAL BANK,+96265203000,http://www.jcbank.com.jo,JO,JOR,JORDAN
521371,MASTERCARD,CREDIT,PLATINUM,COMMERCIAL BANK OF KUWAIT S.A.K.,,,KW,KWT,KUWAIT
521372,MASTERCARD,DEBIT,STANDARD,INTERNATIONAL SMART CARD LLC,,,IQ,IRQ,IRAQ
521380,MASTERCARD,CREDIT,PLATINUM,DUBAI ISLAMIC BANK PJSC,,,AE,ARE,UNITED ARAB EMIRATES
521389,MASTERCARD,CREDIT,PLATINUM,FIRST ABU DHABI BANK PJSC,+971600525500,https://www.bankfab.com,AE,ARE,UNITED ARAB EMIRATES
521406,MASTERCARD,CREDIT,PLATINUM,COMMERCIAL BANK OF KUWAIT S.A.K.,,,KW,KWT,KUWAIT
521421,MASTERCARD,CREDIT,WORLD,BARWA BANK,+97444088888,http://www.barwa.com.qa,QA,QAT,QATAR
521429,MASTERCARD,CREDIT,TITANIUM,SOHAR INTERNATIONAL BANK SAOG,,,OM,OMN,OMAN
521476,MASTERCARD,CREDIT,CORPORATE EXECUTIVE,WARBA BANK K.S.C,,,KW,KWT,KUWAIT
521490,MASTERCARD,CREDIT,CORPORATE WORLD,SOHAR INTERNATIONAL BANK SAOG,,,OM,OMN,OMAN
521505,MASTERCARD,CREDIT,PLATINUM,THE HOUSING BANK FOR TRADE & FINANCE,,,JO,JOR,JORDAN
521529,MASTERCARD,CREDIT,STANDARD,QATAR NATIONAL BANK AL-AHLI S.A.E,,,EG,EGY,EGYPT
521532,MASTERCARD,CREDIT,CORPORATE,EMIRATES NBD,+971800456,http://www.emiratesnbd.com,AE,ARE,UNITED ARAB EMIRATES
521533,MASTERCARD,CREDIT,CORPORATE,KUWAIT FINANCE HOUSE K.S.C.,+9651803333,http://www.kfh.com,KW,KWT,KUWAIT
521534,MASTERCARD,CREDIT,WORLD ELITE,SOHAR INTERNATIONAL BANK SAOG,,,OM,OMN,OMAN
521538,MASTERCARD,CREDIT,CORPORATE,OMAN ARAB BANK S.A.O.C.,,,OM,OMN,OMAN
521570,MASTERCARD,DEBIT,PREPAID,NOOR BANK PJSC,,,AE,ARE,UNITED ARAB EMIRATES
521578,MASTERCARD,DEBIT,PREPAID PLATINUM TRAVEL,QATAR NATIONAL BANK,+97444622724,http://www.qnb.com.qa,QA,QAT,QATAR
521579,MASTERCARD,CREDIT,WORLD,MIDDLE EAST PAYMENT SERVICES LIMITED CO.,,,PS,PSE,"PALESTINIAN TERRITORY, OCCUPIED"
521588,MASTERCARD,DEBIT,PREPAID,"PAI PAY FINANCE, LTD.",,,IL,ISR,ISRAEL
521596,MASTERCARD,DEBIT,PREPAID,"BURGAN BANK, S.A.K.",+9651804080,http://www.burgan.com,KW,KWT,KUWAIT
521600,MASTERCARD,CREDIT,TITANIUM,EMIRATES NBD,+971800456,http://www.emiratesnbd.com,AE,ARE,UNITED ARAB EMIRATES
521612,MASTERCARD,DEBIT,STANDARD,ARAB PAYMENT SERVICES,,,IQ,IRQ,IRAQ
521622,MASTERCARD,DEBIT,PREPAID PLATINUM TRAVEL,ARAB FINANCIAL SERVICES COMPANY B.S.C. (C),,,BH,BHR,BAHRAIN
521624,MASTERCARD,CREDIT,PLATINUM,NATIONAL BANK OF EGYPT,,http://www.nbe.com.eg,EG,EGY,EGYPT
521629,MASTERCARD,CREDIT,PLATINUM,CREDIT CARD SERVICES JORDAN,,,JO,JOR,JORDAN
521647,MASTERCARD,DEBIT,STANDARD,WORLD ISLAMIC BANK FOR INVESTMENT AND FINANCING,,,IQ,IRQ,IRAQ
521653,MASTERCARD,CREDIT,TITANIUM,UNITED BANK S.E.A.,,,EG,EGY,EGYPT
521657,MASTERCARD,CREDIT,CORPORATE WORLD,GULF INTERNATIONAL BANK BSC,,,SA,SAU,SAUDI ARABIA
521661,MASTERCARD,DEBIT,STANDARD,ARAB NATIONAL BANK,,,SA,SAU,SAUDI ARABIA
521681,MASTERCARD,DEBIT,TITANIUM,ALEXBANK,1 9 0 3 3,http://www.alexbank.com,EG,EGY,EGYPT
521740,MASTERCARD,CREDIT,WORLD ELITE,AL HILAL BANK PJSC,,,AE,ARE,UNITED ARAB EMIRATES
521761,MASTERCARD,DEBIT,,MASHREQ BANK,+97143632250,http://www.mashreqbank.com,AE,ARE,UNITED ARAB EMIRATES
521764,MASTERCARD,CREDIT,TITANIUM,BANQUE DU CAIRE,+20222648410,http://www.bdc.com.eg,EG,EGY,EGYPT
521770,MASTERCARD,CREDIT,STANDARD,BANQUE DU CAIRE,+20222648410,http://www.bdc.com.eg,EG,EGY,EGYPT
521777,MASTERCARD,DEBIT,PREPAID,"IRAQ ELECTRONIC GATE FOR FINANCIAL SERVICES CO, LTD.",,,IQ,IRQ,IRAQ
521800,MASTERCARD,CREDIT,GOLD,THE NATIONAL BANK PLC,,,PS,PSE,"PALESTINIAN TERRITORY, OCCUPIED"
521858,MASTERCARD,CREDIT,PLATINUM,MASHREQ BANK,+97143632250,http://www.mashreqbank.com,AE,ARE,UNITED ARAB EMIRATES
521949,MASTERCARD,DEBIT,PREPAID,CSCBANK S.A.L.,+9611871245,http://www.ccm.com.lb,LB,LBN,LEBANON
521950,MASTERCARD,DEBIT,PREPAID,JORDAN KUWAIT BANK,,http://www.jordan-kuwait-bank.com,JO,JOR,JORDAN
521951,MASTERCARD,DEBIT,PREPAID,SOCIETE ARABE INTERNATIONALE DE BANQUE,,,EG,EGY,EGYPT
521977,MASTERCARD,DEBIT,PLATINUM,NATIONAL BANK OF EGYPT,,http://www.nbe.com.eg,EG,EGY,EGYPT
522011,MASTERCARD,CREDIT,STANDARD,MIDDLE EAST PAYMENT SERVICES LIMITED CO.,,,PS,PSE,"PALESTINIAN TERRITORY, OCCUPIED"
522013,MASTERCARD,DEBIT,PREPAID,NATIONAL BANK OF EGYPT,,http://www.nbe.com.eg,EG,EGY,EGYPT
522014,MASTERCARD,CREDIT,STANDARD,JORDAN COMMERCIAL BANK,+96265203000,http://www.jcbank.com.jo,JO,JOR,JORDAN
522015,MASTERCARD,CREDIT,STANDARD,MIDDLE EAST PAYMENT SERVICES LIMITED CO.,,,JO,JOR,JORDAN
522018,MASTERCARD,DEBIT,PREPAID PLATINUM TRAVEL,NATIONAL BANK OF BAHRAIN,,,BH,BHR,BAHRAIN
522020,MASTERCARD,DEBIT,PLATINUM,FRANSABANK SAL,,,LB,LBN,LEBANON
522025,MASTERCARD,CREDIT,STANDARD,EMIRATES NATIONAL BANK OF DUBAI S.A.E,,,EG,EGY,EGYPT
522053,MASTERCARD,CREDIT,STANDARD,BLOM BANK SAL,,,LB,LBN,LEBANON
522125,MASTERCARD,CREDIT,WORLD ELITE,NATIONAL BANK OF RAS AL-KHAIMAH (RAKBANK),,,AE,ARE,UNITED ARAB EMIRATES
522133,MASTERCARD,CREDIT,STANDARD,BLOM BANK SAL,,,LB,LBN,LEBANON
522139,MASTERCARD,CREDIT,STANDARD,ALAWWAL BANK,,,SA,SAU,SAUDI ARABIA
522196,MASTERCARD,DEBIT,STANDARD,THE BANK OF JORDAN,,,JO,JOR,JORDAN
522197,MASTERCARD,CREDIT,STANDARD,AREEBA S.A.L,,,LB,LBN,LEBANON
522237,MASTERCARD,DEBIT,PREPAID,QATAR INTERNATIONAL ISLAMIC BANK,,http://www.qiib.com.qa,QA,QAT,QATAR
522249,MASTERCARD,DEBIT,STANDARD,INTERNATIONAL SMART CARD LLC,,,IQ,IRQ,IRAQ
522252,MASTERCARD,CREDIT,PLATINUM,CAPITAL BANK OF JORDAN,,,IQ,IRQ,IRAQ
522334,MASTERCARD,DEBIT,BUSINESS,DUBAI ISLAMIC BANK PJSC,,,AE,ARE,UNITED ARAB EMIRATES
522372,MASTERCARD,DEBIT,BUSINESS,NETWORK INTERNATIONAL LLC,,,AE,ARE,UNITED ARAB EMIRATES
522377,MASTERCARD,CREDIT,WORLD,ISRACARD LTD.,,,IL,ISR,ISRAEL
522380,MASTERCARD,CREDIT,CORPORATE,NATIONAL BANK OF OMAN (SAOG),,,OM,OMN,OMAN
522381,MASTERCARD,CREDIT,TITANIUM,JORDAN COMMERCIAL BANK,+96265203000,http://www.jcbank.com.jo,JO,JOR,JORDAN
522392,MASTERCARD,DEBIT,BUSINESS,ABU DHABI ISLAMIC BANK,,http://www.adib.ae,EG,EGY,EGYPT
522404,MASTERCARD,CREDIT,WORLD ELITE,AHLI BANK Q.S.C.,(974) 4232222,http://www.ahlibank.com.qa,QA,QAT,QATAR
522417,MASTERCARD,DEBIT,PREPAID,"IRAQ ELECTRONIC GATE FOR FINANCIAL SERVICES CO, LTD.",,,IQ,IRQ,IRAQ
522425,MASTERCARD,CREDIT,TITANIUM,AREEBA S.A.L,,,LB,LBN,LEBANON
522427,MASTERCARD,DEBIT,PLATINUM,QATAR NATIONAL BANK,,http://www.qnb.com.qa,LB,LBN,LEBANON
522430,MASTERCARD,DEBIT,TITANIUM,CREDIT LIBANAIS S.A.L.,+9611900111,http://www.creditlibanais.com.lb,LB,LBN,LEBANON
522439,MASTERCARD,DEBIT,STANDARD,ARAB FINANCIAL SERVICES COMPANY B.S.C. (C),,,BH,BHR,BAHRAIN
522445,MASTERCARD,DEBIT,PREPAID RELOADABLE,COMMERCIAL BANK OF QATAR Q.S.C,,,QA,QAT,QATAR
522449,MASTERCARD,DEBIT,PREPAID,QATAR NATIONAL BANK,+97444622724,http://www.qnb.com.qa,QA,QAT,QATAR
522460,MASTERCARD,CREDIT,WORLD,ALEXBANK,1 9 0 3 3,http://www.alexbank.com,EG,EGY,EGYPT
522475,MASTERCARD,CREDIT,PLATINUM,AL-TAIF ISLAMIC BANK FOR INVESTMENT & FINANCE,,,IQ,IRQ,IRAQ
522483,MASTERCARD,DEBIT,PREPAID,"IDT FINANCIAL SERVICES, LTD.",,http://www.idtfinance.com,IL,ISR,ISRAEL
522577,MASTERCARD,DEBIT,STANDARD,ARAB PAYMENT SERVICES,,,IQ,IRQ,IRAQ
522582,MASTERCARD,DEBIT,PREPAID PLATINUM TRAVEL,THE BANK OF JORDAN,,,JO,JOR,JORDAN
522596,MASTERCARD,CREDIT,PLATINUM,ALIZZ ISLAMIC BANK SAOG,,,OM,OMN,OMAN
522600,MASTERCARD,DEBIT,PREPAID,"EGYPTIAN BANKS CO. FOR TECHNOLOGICAL ADVANCEMENT, S.A.E.",,,EG,EGY,EGYPT
522642,MASTERCARD,CREDIT,GOLD,MIDDLE EAST PAYMENT SERVICES LIMITED CO.,,,PS,PSE,"PALESTINIAN TERRITORY, OCCUPIED"
522649,MASTERCARD,DEBIT,PREPAID,MIDDLE EAST PAYMENT SERVICES LIMITED CO.,,,JO,JOR,JORDAN
522652,MASTERCARD,CREDIT,GOLD,JORDAN COMMERCIAL BANK,+96265203000,http://www.jcbank.com.jo,JO,JOR,JORDAN
522682,MASTERCARD,CREDIT,STANDARD,QATAR NATIONAL BANK AL-AHLI S.A.E,,,EG,EGY,EGYPT
522707,MASTERCARD,DEBIT,PREPAID,NATIONAL BANK OF RAS AL-KHAIMAH (RAKBANK),,,AE,ARE,UNITED ARAB EMIRATES
522723,MASTERCARD,DEBIT,PREPAID,NATIONAL BANK OF EGYPT,,http://www.nbe.com.eg,EG,EGY,EGYPT
522747,MASTERCARD,DEBIT,PREPAID,SOCIETE ARABE INTERNATIONALE DE BANQUE,,,EG,EGY,EGYPT
522751,MASTERCARD,DEBIT,PREPAID BUSINESS,FIRST ABU DHABI BANK PJSC,+20225204375,https://www.bankfab.com,EG,EGY,EGYPT
522785,MASTERCARD,CREDIT,STANDARD,NATIONAL BANK OF RAS AL-KHAIMAH (RAKBANK),,,AE,ARE,UNITED ARAB EMIRATES
522817,MASTERCARD,CREDIT,BUSINESS,AREEBA S.A.L,,,LB,LBN,LEBANON
522824,MASTERCARD,CREDIT,WORLD ELITE,BAHRAIN COMMERCIAL FACILITIES COMPANY BSC,,,BH,BHR,BAHRAIN
522869,MASTERCARD,CREDIT,WORLD,AL AHLI BANK OF KUWAIT (KSC),,,KW,KWT,KUWAIT
522873,MASTERCARD,CREDIT,WORLD ELITE,EMIRATES NBD,+971800456,http://www.emiratesnbd.com,AE,ARE,UNITED ARAB EMIRATES
522888,MASTERCARD,CREDIT,,"NATIONAL BANK OF KUWAIT, S.A.K.",+96522422011,http://www.nbk.com,KW,KWT,KUWAIT
522958,MASTERCARD,CREDIT,PLATINUM,ALEXBANK,1 9 0 3 3,http://www.alexbank.com,EG,EGY,EGYPT
522960,MASTERCARD,CREDIT,PLATINUM,COMMERCIAL INTERNATIONAL BANK (EGYPT) S.A.E.,971 - 4 - 3589381,http://www.cibeg.com,EG,EGY,EGYPT
522968,MASTERCARD,DEBIT,PLATINUM,NATIONAL BANK OF RAS AL-KHAIMAH (RAKBANK),,,AE,ARE,UNITED ARAB EMIRATES
522986,MASTERCARD,CREDIT,TITANIUM,AREEBA S.A.L,,,LB,LBN,LEBANON
523041,MASTERCARD,CREDIT,,BANK ALJAZIRA,,,SA,SAU,SAUDI ARABIA
523061,MASTERCARD,CREDIT,WORLD ELITE,ARAB JORDAN INVESTMENT BANK,,,JO,JOR,JORDAN
523069,MASTERCARD,CREDIT,,NATIONAL BANK OF EGYPT,,http://www.nbe.com.eg,EG,EGY,EGYPT
523408,MASTERCARD,CREDIT,CORPORATE,BLOM BANK SAL,,,LB,LBN,LEBANON
523471,MASTERCARD,DEBIT,PREPAID,SAMBA FINANCIAL GROUP,+9668001242000,http://www.samba.com,SA,SAU,SAUDI ARABIA
523475,MASTERCARD,DEBIT,STANDARD,SOCIETE GENERALE DE BANQUE AU LIBAN S.A.L.,1274477777,http://www.sgbl.com.lb,LB,LBN,LEBANON
523485,MASTERCARD,CREDIT,STANDARD,AREEBA S.A.L,,,LB,LBN,LEBANON
523540,MASTERCARD,CREDIT,WORLD ELITE,BANQUE MISR,+20223912150,http://www.banquemisr.com,EG,EGY,EGYPT
523614,MASTERCARD,CREDIT,WORLD,STANDARD CHARTERED BANK,+97317531532,https://www.sc.com,BH,BHR,BAHRAIN
523615,MASTERCARD,CREDIT,TITANIUM,BANQUE SAUDI FRANSI,966 1 289 9999 OR 966 1 874 4000,http://www.alfransi.com.sa,SA,SAU,SAUDI ARABIA
523621,MASTERCARD,CREDIT,WORLD ELITE,MASHREQ BANK,+97143632250,http://www.mashreqbank.com,AE,ARE,UNITED ARAB EMIRATES
523645,MASTERCARD,CREDIT,TITANIUM,FIRST ABU DHABI BANK PJSC,+971600525500,https://www.bankfab.com,AE,ARE,UNITED ARAB EMIRATES
523672,MASTERCARD,DEBIT,GOLD,STATE BANK OF INDIA,,https://sbi.co.in,OM,OMN,OMAN
523677,MASTERCARD,CREDIT,CORPORATE WORLD,ALIZZ ISLAMIC BANK SAOG,,,OM,OMN,OMAN
523702,MASTERCARD,DEBIT,PREPAID,UAE EXCHANGE CENTRE LLC,+97142617575,http://www.uaeexchange.com,AE,ARE,UNITED ARAB EMIRATES
523723,MASTERCARD,DEBIT,STANDARD,JORDAN AHLI BANK,,http://www.ahli.com,PS,PSE,"PALESTINIAN TERRITORY, OCCUPIED"
523733,MASTERCARD,CREDIT,PLATINUM,ARAB BANK PLC,+97022953333,http://www.arabbank.jo,PS,PSE,"PALESTINIAN TERRITORY, OCCUPIED"
523761,MASTERCARD,CREDIT,PLATINUM,COMMERCIAL INTERNATIONAL BANK (EGYPT) S.A.E.,971 - 4 - 3589381,http://www.cibeg.com,EG,EGY,EGYPT
523905,MASTERCARD,CREDIT,PLATINUM,QATAR NATIONAL BANK,+97444622724,http://www.qnb.com.qa,QA,QAT,QATAR
523906,MASTERCARD,DEBIT,PLATINUM,ALEXBANK,1 9 0 3 3,http://www.alexbank.com,EG,EGY,EGYPT
523926,MASTERCARD,CREDIT,TITANIUM,NATIONAL BANK OF RAS AL-KHAIMAH (RAKBANK),,,AE,ARE,UNITED ARAB EMIRATES
523954,MASTERCARD,CREDIT,TITANIUM,THE SAUDI NATIONAL BANK,,,SA,SAU,SAUDI ARABIA
523956,MASTERCARD,CREDIT,TITANIUM,BANQUE SAUDI FRANSI,966 1 289 9999 OR 966 1 874 4000,http://www.alfransi.com.sa,SA,SAU,SAUDI ARABIA
523963,MASTERCARD,CREDIT,TITANIUM,EMIRATES NBD,+971800456,http://www.emiratesnbd.com,AE,ARE,UNITED ARAB EMIRATES
523968,MASTERCARD,CREDIT,TITANIUM,THE SAUDI NATIONAL BANK,,,SA,SAU,SAUDI ARABIA
523970,MASTERCARD,CREDIT,TITANIUM,SAMBA FINANCIAL GROUP,+9668001242000,http://www.samba.com,SA,SAU,SAUDI ARABIA
523977,MASTERCARD,CREDIT,TITANIUM,SAMBA FINANCIAL GROUP,+9718001242000,http://www.samba.com,AE,ARE,UNITED ARAB EMIRATES
523978,MASTERCARD,CREDIT,TITANIUM,ABU DHABI ISLAMIC BANK P.J.S.C.,,,AE,ARE,UNITED ARAB EMIRATES
523992,MASTERCARD,CREDIT,TITANIUM,AHLI BANK Q.S.C.,(974) 4232222,http://www.ahlibank.com.qa,QA,QAT,QATAR
523997,MASTERCARD,CREDIT,TITANIUM,DUBAI ISLAMIC BANK PJSC,,,AE,ARE,UNITED ARAB EMIRATES
523998,MASTERCARD,CREDIT,TITANIUM,THE SAUDI NATIONAL BANK,,,SA,SAU,SAUDI ARABIA
524025,MASTERCARD,CREDIT,WORLD ELITE,FIRST ABU DHABI BANK PJSC,+971600525500,https://www.bankfab.com,AE,ARE,UNITED ARAB EMIRATES
524062,MASTERCARD,CREDIT,GOLD,AREEBA S.A.L,,,LB,LBN,LEBANON
524063,MASTERCARD,CREDIT,PLATINUM,ARAB PAYMENT SERVICES,,,IQ,IRQ,IRAQ
524065,MASTERCARD,CREDIT,GOLD,BLOM BANK SAL,,,LB,LBN,LEBANON
524077,MASTERCARD,CREDIT,GOLD,CAPITAL BANK OF JORDAN,,,JO,JOR,JORDAN
524078,MASTERCARD,DEBIT,STANDARD,QATAR NATIONAL BANK,,http://www.qnb.com.qa,LB,LBN,LEBANON
524080,MASTERCARD,DEBIT,TITANIUM,SOHAR INTERNATIONAL BANK SAOG,,,OM,OMN,OMAN
524081,MASTERCARD,DEBIT,PLATINUM,QATAR NATIONAL BANK,+97444622724,http://www.qnb.com.qa,QA,QAT,QATAR
524092,MASTERCARD,CREDIT,TITANIUM,COMMERCIAL BANK OF DUBAI,+97126268400,http://www.cbd.ae,AE,ARE,UNITED ARAB EMIRATES
524104,MASTERCARD,CREDIT,PLATINUM,STANDARD CHARTERED BANK,+971600522288,https://www.sc.com,AE,ARE,UNITED ARAB EMIRATES
524105,MASTERCARD,CREDIT,TITANIUM,FINANCE HOUSE L.L.C.,,,AE,ARE,UNITED ARAB EMIRATES
524107,MASTERCARD,CREDIT,TITANIUM,CAPITAL BANK OF JORDAN,,,JO,JOR,JORDAN
524114,MASTERCARD,CREDIT,PLATINUM,AL AHLI BANK OF KUWAIT (KSC),,,KW,KWT,KUWAIT
524116,MASTERCARD,CREDIT,TITANIUM,NATIONAL COMMERCIAL BANK,,,SA,SAU,SAUDI ARABIA
524124,MASTERCARD,CREDIT,TITANIUM,ITHMAAR BANK B.S.C.,,,BH,BHR,BAHRAIN
524126,MASTERCARD,CREDIT,TITANIUM,AL-RAJHI BANKING AND INVESTMENT CORPORATION,,,SA,SAU,SAUDI ARABIA
524130,MASTERCARD,DEBIT,WORLD FLEX,THE SAUDI NATIONAL BANK,,,SA,SAU,SAUDI ARABIA
524136,MASTERCARD,CREDIT,TITANIUM,MASHREQ BANK,+97143632250,http://www.mashreqbank.com,AE,ARE,UNITED ARAB EMIRATES
524137,MASTERCARD,CREDIT,TITANIUM,MASHREQ BANK,+97143632250,http://www.mashreqbank.com,AE,ARE,UNITED ARAB EMIRATES
524139,MASTERCARD,CREDIT,TITANIUM,FIRST ABU DHABI BANK PJSC,+971600525500,https://www.bankfab.com,AE,ARE,UNITED ARAB EMIRATES
524142,MASTERCARD,DEBIT,PREPAID WORLD,MASRAF AL RAYAN,+97444253333,http://www.alrayan.com,QA,QAT,QATAR
524145,MASTERCARD,CREDIT,TITANIUM,AREEBA S.A.L,,,LB,LBN,LEBANON
524148,MASTERCARD,CREDIT,PLATINUM,BANQUE SAUDI FRANSI,966 1 289 9999 OR 966 1 874 4000,http://www.alfransi.com.sa,SA,SAU,SAUDI ARABIA
524150,MASTERCARD,CREDIT,PLATINUM,QATAR NATIONAL BANK,+97444622724,http://www.qnb.com.qa,QA,QAT,QATAR
524153,MASTERCARD,CREDIT,TITANIUM,HSBC BANK OMAN S.A.O.G,,,OM,OMN,OMAN
524154,MASTERCARD,DEBIT,BUSINESS,ALIZZ ISLAMIC BANK SAOG,,,OM,OMN,OMAN
524158,MASTERCARD,CREDIT,TITANIUM,MASHREQ BANK,971 4 424 4444,http://www.mashreqbank.com,EG,EGY,EGYPT
524159,MASTERCARD,CREDIT,TITANIUM,MASHREQ BANK,971 4 424 4444,http://www.mashreqbank.com,EG,EGY,EGYPT
524160,MASTERCARD,CREDIT,TITANIUM,CSCBANK SAL,,,LB,LBN,LEBANON
524163,MASTERCARD,CREDIT,PLATINUM,QATAR NATIONAL BANK,+97444622724,http://www.qnb.com.qa,QA,QAT,QATAR
524164,MASTERCARD,DEBIT,PREPAID,ALEXBANK,1 9 0 3 3,http://www.alexbank.com,EG,EGY,EGYPT
524165,MASTERCARD,CREDIT,TITANIUM,ALAWWAL BANK,,,SA,SAU,SAUDI ARABIA
524174,MASTERCARD,CREDIT,PLATINUM,ARAB BANK PLC,4600900,http://www.arabbank.jo,JO,JOR,JORDAN
524175,MASTERCARD,CREDIT,PLATINUM,ARAB BANK PLC,+97144450000,http://www.arabbank.jo,AE,ARE,UNITED ARAB EMIRATES
524176,MASTERCARD,CREDIT,PLATINUM,ARAB BANK PLC,+97444387878,http://www.arabbank.jo,QA,QAT,QATAR
524177,MASTERCARD,CREDIT,PLATINUM,ARAB BANK PLC,+97317541000,http://www.arabbank.jo,BH,BHR,BAHRAIN
524179,MASTERCARD,CREDIT,TITANIUM,MASHREQ BANK,+97143632250,http://www.mashreqbank.com,AE,ARE,UNITED ARAB EMIRATES
524184,MASTERCARD,CREDIT,TITANIUM,FIRST ABU DHABI BANK PJSC,+20225204375,https://www.bankfab.com,EG,EGY,EGYPT
524185,MASTERCARD,CREDIT,TITANIUM,AHLI UNITED BANK B.S.C.,+97317710559,http://www.ahliunited.com,BH,BHR,BAHRAIN
524186,MASTERCARD,CREDIT,BUSINESS,NETWORK INTERNATIONAL LLC,,,AE,ARE,UNITED ARAB EMIRATES
524194,MASTERCARD,CREDIT,STANDARD,CSCBANK SAL,,,LB,LBN,LEBANON
524195,MASTERCARD,CREDIT,TITANIUM,CSCBANK SAL,,,LB,LBN,LEBANON
524197,MASTERCARD,CREDIT,PLATINUM,THE SAUDI NATIONAL BANK,,,SA,SAU,SAUDI ARABIA
524198,MASTERCARD,CREDIT,TITANIUM,SHARJAH ISLAMIC BANK PJSC,+97165999999,http://www.sib.ae,AE,ARE,UNITED ARAB EMIRATES
524200,MASTERCARD,CREDIT,TITANIUM,FIRST ABU DHABI BANK PJSC,+971600525500,https://www.bankfab.com,AE,ARE,UNITED ARAB EMIRATES
524201,MASTERCARD,CREDIT,CORPORATE,GULF INTERNATIONAL BANK BSC,,,BH,BHR,BAHRAIN
524204,MASTERCARD,CREDIT,PLATINUM,FIRST ABU DHABI BANK PJSC,+971600525500,https://www.bankfab.com,AE,ARE,UNITED ARAB EMIRATES
524205,MASTERCARD,CREDIT,PLATINUM,SAUDI INVESTMENT BANK,,,SA,SAU,SAUDI ARABIA
524211,MASTERCARD,CREDIT,TITANIUM,"CITIBANK, N.A.",,https://www.citi.com,AE,ARE,UNITED ARAB EMIRATES
524215,MASTERCARD,CREDIT,TITANIUM,CSCBANK SAL,,,LB,LBN,LEBANON
524221,MASTERCARD,CREDIT,TITANIUM,QATAR NATIONAL BANK,,http://www.qnb.com.qa,KW,KWT,KUWAIT
524222,MASTERCARD,CREDIT,TITANIUM,COMMERCIAL BANK INTERNATIONAL,+97142275265,http://www.cbiuae.com,AE,ARE,UNITED ARAB EMIRATES
524235,MASTERCARD,CREDIT,TITANIUM,CREDIT LIBANAIS S.A.L.,+9611900111,http://www.creditlibanais.com.lb,LB,LBN,LEBANON
524236,MASTERCARD,CREDIT,PLATINUM,BANK ALJAZIRA,,,SA,SAU,SAUDI ARABIA
524237,MASTERCARD,CREDIT,TITANIUM,DEEM FINANCE L.L.C.,,,AE,ARE,UNITED ARAB EMIRATES
524243,MASTERCARD,CREDIT,WORLD,FIRST ABU DHABI BANK PJSC,+971600525500,https://www.bankfab.com,AE,ARE,UNITED ARAB EMIRATES
524244,MASTERCARD,CREDIT,TITANIUM,CSCBANK SAL,,,IQ,IRQ,IRAQ
524245,MASTERCARD,CREDIT,TITANIUM,QATAR NATIONAL BANK,,http://www.qnb.com.qa,OM,OMN,OMAN
524246,MASTERCARD,CREDIT,TITANIUM,QATAR NATIONAL BANK,,http://www.qnb.com.qa,LB,LBN,LEBANON
524249,MASTERCARD,CREDIT,TITANIUM,BANK ALBILAD,,,SA,SAU,SAUDI ARABIA
524251,MASTERCARD,CREDIT,PLATINUM,SOHAR INTERNATIONAL BANK SAOG,,,OM,OMN,OMAN
524257,MASTERCARD,CREDIT,TITANIUM,FIRST ABU DHABI BANK PJSC,+971600525500,https://www.bankfab.com,AE,ARE,UNITED ARAB EMIRATES
524258,MASTERCARD,CREDIT,TITANIUM,QATAR NATIONAL BANK,+97444622724,http://www.qnb.com.qa,QA,QAT,QATAR
524259,MASTERCARD,CREDIT,TITANIUM,NATIONAL BANK OF BAHRAIN,,,BH,BHR,BAHRAIN
524266,MASTERCARD,CREDIT,WORLD ELITE,AL-RAJHI BANKING AND INVESTMENT CORPORATION,,,SA,SAU,SAUDI ARABIA
524269,MASTERCARD,CREDIT,TITANIUM,CSCBANK SAL,,,LB,LBN,LEBANON
524270,MASTERCARD,CREDIT,PLATINUM,QATAR NATIONAL BANK,+97444622724,http://www.qnb.com.qa,QA,QAT,QATAR
524273,MASTERCARD,DEBIT,STANDARD,"IRAQ ELECTRONIC GATE FOR FINANCIAL SERVICES CO, LTD.",,,IQ,IRQ,IRAQ
524278,MASTERCARD,DEBIT,STANDARD,NATIONAL BANK OF OMAN (SAOG),,,OM,OMN,OMAN
524310,MASTERCARD,CREDIT,PLATINUM,BANQUE DU CAIRE,+20222648410,http://www.bdc.com.eg,EG,EGY,EGYPT
524333,MASTERCARD,CREDIT,WORLD,DEEM FINANCE L.L.C.,,,AE,ARE,UNITED ARAB EMIRATES
524334,MASTERCARD,CREDIT,TITANIUM,BLOM BANK SAL,,,LB,LBN,LEBANON
524340,MASTERCARD,DEBIT,BUSINESS,SOHAR INTERNATIONAL BANK SAOG,,,OM,OMN,OMAN
524350,MASTERCARD,DEBIT,PLATINUM,AREEBA S.A.L,,,LB,LBN,LEBANON
524372,MASTERCARD,CREDIT,PLATINUM,HSBC BANK MIDDLE EAST,+97142241000,http://www.hsbc.ae,AE,ARE,UNITED ARAB EMIRATES
524380,MASTERCARD,CREDIT,PLATINUM,QATAR INTERNATIONAL ISLAMIC BANK,,http://www.qiib.com.qa,QA,QAT,QATAR
524388,MASTERCARD,CREDIT,PLATINUM,THE SAUDI NATIONAL BANK,,,SA,SAU,SAUDI ARABIA
524398,MASTERCARD,CREDIT,PLATINUM,FIRST ABU DHABI BANK PJSC,+971600525500,https://www.bankfab.com,AE,ARE,UNITED ARAB EMIRATES
524399,MASTERCARD,CREDIT,STANDARD,,,,AE,ARE,UNITED ARAB EMIRATES
524417,MASTERCARD,DEBIT,TITANIUM,NETWORK INTERNATIONAL LLC,,,AE,ARE,UNITED ARAB EMIRATES
524426,MASTERCARD,DEBIT,TITANIUM,JORDAN ISLAMIC BANK CO.,,,JO,JOR,JORDAN
524428,MASTERCARD,CREDIT,,,,,EG,EGY,EGYPT
524439,MASTERCARD,CREDIT,WORLD ELITE,JORDAN AHLI BANK,+96265007777,http://www.ahli.com,JO,JOR,JORDAN
524447,MASTERCARD,CREDIT,TITANIUM,ARAB BANK PLC,+20 2 19100,http://www.arabbank.jo,EG,EGY,EGYPT
524455,MASTERCARD,DEBIT,PLATINUM,NETWORK INTERNATIONAL LLC,,,AE,ARE,UNITED ARAB EMIRATES
524475,MASTERCARD,CREDIT,BUSINESS,EMIRATES NBD,+971800456,http://www.emiratesnbd.com,AE,ARE,UNITED ARAB EMIRATES
524497,MASTERCARD,CREDIT,PLATINUM,COMMERCIAL BANK OF QATAR Q.S.C,,,QA,QAT,QATAR
524500,MASTERCARD,CREDIT,TITANIUM,BAHRAIN ISLAMIC BANK B.S.C,,,BH,BHR,BAHRAIN
524502,MASTERCARD,CREDIT,TITANIUM,ABU DHABI COMMERCIAL BANK,+97126962222,http://www.adcb.com,AE,ARE,UNITED ARAB EMIRATES
524503,MASTERCARD,CREDIT,TITANIUM,MASRAF AL RAYAN,+97444253333,http://www.alrayan.com,QA,QAT,QATAR
524504,MASTERCARD,CREDIT,TITANIUM,MASHREQ BANK,971 4 424 4444,http://www.mashreqbank.com,EG,EGY,EGYPT
524510,MASTERCARD,CREDIT,TITANIUM,CREDIT CARD SERVICES JORDAN,,,JO,JOR,JORDAN
524513,MASTERCARD,CREDIT,TITANIUM,BANK MUSCAT (SAOG),,,OM,OMN,OMAN
524514,MASTERCARD,DEBIT,PLATINUM,RIYAD BANK,,http://www.riyadbank.com,SA,SAU,SAUDI ARABIA
524515,MASTERCARD,CREDIT,TITANIUM,ALIZZ ISLAMIC BANK SAOG,,,OM,OMN,OMAN
524520,MASTERCARD,CREDIT,TITANIUM,BLOM BANK SAL,,,LB,LBN,LEBANON
524524,MASTERCARD,CREDIT,TITANIUM,ABU DHABI ISLAMIC BANK,,http://www.adib.ae,EG,EGY,EGYPT
524530,MASTERCARD,CREDIT,TITANIUM,STANDARD CHARTERED BANK,+971600522288,https://www.sc.com,AE,ARE,UNITED ARAB EMIRATES
524548,MASTERCARD,CREDIT,PLATINUM,BANQUE MISR,+20223912150,http://www.banquemisr.com,EG,EGY,EGYPT
524558,MASTERCARD,DEBIT,PREPAID,"IRAQ ELECTRONIC GATE FOR FINANCIAL SERVICES CO, LTD.",,,IQ,IRQ,IRAQ
524592,MASTERCARD,DEBIT,PREPAID PLATINUM TRAVEL,AL-TABADUL FOR ELECTRONIC AND FINANCIAL TECHNOLOGIES,,,IQ,IRQ,IRAQ
524616,MASTERCARD,DEBIT,PREPAID WORLD,LARI EXCHANGE,,,AE,ARE,UNITED ARAB EMIRATES
524646,MASTERCARD,CREDIT,PLATINUM,ARAB NATIONAL BANK,,,SA,SAU,SAUDI ARABIA
524668,MASTERCARD,CREDIT,STANDARD,AREEBA S.A.L,,,LB,LBN,LEBANON
524690,MASTERCARD,DEBIT,STANDARD,ARAB FINANCIAL SERVICES COMPANY B.S.C. (C),,,EG,EGY,EGYPT
524692,MASTERCARD,DEBIT,STANDARD,THE NATIONAL BANK PLC,,,PS,PSE,"PALESTINIAN TERRITORY, OCCUPIED"
524696,MASTERCARD,CREDIT,EXECUTIVE BUSINESS,EMIRATES NATIONAL BANK OF DUBAI S.A.E,,,EG,EGY,EGYPT
524729,MASTERCARD,DEBIT,STANDARD,MIDDLE EAST PAYMENT SERVICES LIMITED CO.,,,IQ,IRQ,IRAQ
524739,MASTERCARD,CREDIT,PLATINUM,MAWARID FINANCE PJSC,,,AE,ARE,UNITED ARAB EMIRATES
524745,MASTERCARD,DEBIT,STANDARD,QATAR NATIONAL BANK,,http://www.qnb.com.qa,KW,KWT,KUWAIT
524815,MASTERCARD,CREDIT,STANDARD,"SUEZ CANAL BANK, S.A.E.",,,EG,EGY,EGYPT
524833,MASTERCARD,CREDIT,PLATINUM,QATAR INTERNATIONAL ISLAMIC BANK,,http://www.qiib.com.qa,QA,QAT,QATAR
524842,MASTERCARD,CREDIT,WORLD ELITE,ARAB PAYMENT SERVICES,,,IQ,IRQ,IRAQ
524844,MASTERCARD,CREDIT,CORPORATE PURCHASING,"BURGAN BANK, S.A.K.",+9651804080,http://www.burgan.com,KW,KWT,KUWAIT
524845,MASTERCARD,DEBIT,PLATINUM,SOCIETE ARABE INTERNATIONALE DE BANQUE,,,EG,EGY,EGYPT
524883,MASTERCARD,DEBIT,WORLD ELITE,NETWORK INTERNATIONAL LLC,,,AE,ARE,UNITED ARAB EMIRATES
524940,MASTERCARD,DEBIT,PREPAID RELOADABLE,ARAB NATIONAL BANK,,,SA,SAU,SAUDI ARABIA
524975,MASTERCARD,CREDIT,,NETWORK INTERNATIONAL LLC,,,AE,ARE,UNITED ARAB EMIRATES
524998,MASTERCARD,DEBIT,PREPAID BUSINESS,"NAYAX ISRAEL, LTD.",,,IL,ISR,ISRAEL
525106,MASTERCARD,CREDIT,BUSINESS,BAHRAIN ISLAMIC BANK B.S.C,,,BH,BHR,BAHRAIN
525114,MASTERCARD,DEBIT,STANDARD,SOHAR INTERNATIONAL BANK SAOG,,,OM,OMN,OMAN
525115,MASTERCARD,CREDIT,STANDARD,CAIRO AMMAN BANK PLC,,,PS,PSE,"PALESTINIAN TERRITORY, OCCUPIED"
525121,MASTERCARD,DEBIT,TITANIUM,SOHAR INTERNATIONAL BANK SAOG,,,OM,OMN,OMAN
525169,MASTERCARD,DEBIT,PREPAID RELOADABLE,ONE GLOBAL SMART SERVICES COMPANY WLL,,,BH,BHR,BAHRAIN
525174,MASTERCARD,DEBIT,STANDARD,SOHAR INTERNATIONAL BANK SAOG,,,OM,OMN,OMAN
525323,MASTERCARD,CREDIT,CORPORATE,HSBC BANK MIDDLE EAST,+97142241000,http://www.hsbc.ae,AE,ARE,UNITED ARAB EMIRATES
525333,MASTERCARD,CREDIT,STANDARD,NETWORK INTERNATIONAL PAYMENT SERVICES,,,EG,EGY,EGYPT
525336,MASTERCARD,CREDIT,GOLD,BANK HAPOALIM B.M.,,,IL,ISR,ISRAEL
525349,MASTERCARD,DEBIT,STANDARD,YANA BANKING SERVICES COMPANY,,,IQ,IRQ,IRAQ
525350,MASTERCARD,DEBIT,PREPAID,EMIRATES NBD,+971800456,http://www.emiratesnbd.com,AE,ARE,UNITED ARAB EMIRATES
525360,MASTERCARD,DEBIT,PREPAID,ARAB FINANCIAL SERVICES COMPANY B.S.C. (C),,,BH,BHR,BAHRAIN
525369,MASTERCARD,CREDIT,PLATINUM,CREDIT LIBANAIS S.A.L.,+9611900111,http://www.creditlibanais.com.lb,LB,LBN,LEBANON
525434,MASTERCARD,CREDIT,STANDARD,CAPITAL BANK OF JORDAN,,,JO,JOR,JORDAN
525472,MASTERCARD,CREDIT,WORLD ELITE,CREDIT CARD SERVICES JORDAN,,,JO,JOR,JORDAN
525512,MASTERCARD,CREDIT,TITANIUM,ARAB PAYMENT SERVICES,,,IQ,IRQ,IRAQ
525520,MASTERCARD,CREDIT,WORLD,SOHAR INTERNATIONAL BANK SAOG,,,OM,OMN,OMAN
525528,MASTERCARD,DEBIT,BUSINESS,WARBA BANK K.S.C,,,KW,KWT,KUWAIT
525531,MASTERCARD,DEBIT,PREPAID PLATINUM TRAVEL,JORDAN KUWAIT BANK,,http://www.jordan-kuwait-bank.com,JO,JOR,JORDAN
525550,MASTERCARD,CREDIT,WORLD ELITE,BANQUE DU CAIRE,+20222648410,http://www.bdc.com.eg,EG,EGY,EGYPT
525555,MASTERCARD,DEBIT,PREPAID PLATINUM TRAVEL,AREEBA S.A.L,,,LB,LBN,LEBANON
525570,MASTERCARD,DEBIT,PLATINUM,SOHAR INTERNATIONAL BANK SAOG,,,OM,OMN,OMAN
525572,MASTERCARD,DEBIT,PREPAID,SHARJAH ISLAMIC BANK PJSC,+97165999999,http://www.sib.ae,AE,ARE,UNITED ARAB EMIRATES
525580,MASTERCARD,DEBIT,PREPAID,INTERNATIONAL ISLAMIC BANK,,,IQ,IRQ,IRAQ
525601,MASTERCARD,CREDIT,PLATINUM,ABU DHABI COMMERCIAL BANK,+97126962222,http://www.adcb.com,AE,ARE,UNITED ARAB EMIRATES
525614,MASTERCARD,DEBIT,STANDARD,JORDAN COMMERCIAL BANK,+96265203000,http://www.jcbank.com.jo,JO,JOR,JORDAN
525645,MASTERCARD,CREDIT,STANDARD,MASHREQ BANK,,http://www.mashreqbank.com,QA,QAT,QATAR
525660,MASTERCARD,DEBIT,STANDARD,"IRAQ ELECTRONIC GATE FOR FINANCIAL SERVICES CO, LTD.",,,IQ,IRQ,IRAQ
525677,MASTERCARD,CREDIT,,,,,SY,SYR,SYRIAN ARAB REPUBLIC
525688,MASTERCARD,CREDIT,STANDARD,THE SAUDI NATIONAL BANK,,,SA,SAU,SAUDI ARABIA
525715,MASTERCARD,CREDIT,TITANIUM,"SUEZ CANAL BANK, S.A.E.",,,EG,EGY,EGYPT
525774,MASTERCARD,CREDIT,WORLD,NATIONAL BANK OF BAHRAIN,,,BH,BHR,BAHRAIN
525787,MASTERCARD,DEBIT,STANDARD,"IRAQ ELECTRONIC GATE FOR FINANCIAL SERVICES CO, LTD.",,,IQ,IRQ,IRAQ
525788,MASTERCARD,CREDIT,GOLD,QATAR INTERNATIONAL ISLAMIC BANK,,http://www.qiib.com.qa,QA,QAT,QATAR
525792,MASTERCARD,CREDIT,WORLD,QATAR ISLAMIC BANK,,,QA,QAT,QATAR
525811,MASTERCARD,DEBIT,,,,,IQ,IRQ,IRAQ
525836,MASTERCARD,CREDIT,GOLD,BANQUE MISR,+20223912150,http://www.banquemisr.com,EG,EGY,EGYPT
525851,MASTERCARD,CREDIT,TITANIUM,AREEBA S.A.L,,,LB,LBN,LEBANON
525862,MASTERCARD,DEBIT,PREPAID,ARAB PAYMENT SERVICES,,,IQ,IRQ,IRAQ
525878,MASTERCARD,DEBIT,,,,,BH,BHR,BAHRAIN
525889,MASTERCARD,CREDIT,STANDARD,ARAB FINANCIAL SERVICES COMPANY B.S.C. (C),,,IQ,IRQ,IRAQ
525900,MASTERCARD,CREDIT,TITANIUM,BANK OF PALESTINE LTD.,,,PS,PSE,"PALESTINIAN TERRITORY, OCCUPIED"
525924,MASTERCARD,DEBIT,PREPAID,CSCBANK SAL,,,LB,LBN,LEBANON
525937,MASTERCARD,DEBIT,STANDARD,UNITED BANK S.E.A.,,,EG,EGY,EGYPT
526039,MASTERCARD,CREDIT,TITANIUM,NATIONAL BANK OF RAS AL-KHAIMAH (RAKBANK),,,AE,ARE,UNITED ARAB EMIRATES
526040,MASTERCARD,DEBIT,PLATINUM,QATAR NATIONAL BANK,+97444622724,http://www.qnb.com.qa,QA,QAT,QATAR
526050,MASTERCARD,DEBIT,PREPAID PLATINUM TRAVEL,THE HOUSING BANK FOR TRADE & FINANCE,,,JO,JOR,JORDAN
526084,MASTERCARD,CREDIT,PLATINUM,RIYAD BANK,,http://www.riyadbank.com,SA,SAU,SAUDI ARABIA
526113,MASTERCARD,CREDIT,PLATINUM,ABU DHABI COMMERCIAL BANK,+97126962222,http://www.adcb.com,AE,ARE,UNITED ARAB EMIRATES
526129,MASTERCARD,DEBIT,PLATINUM,NATIONAL BANK OF BAHRAIN,,,AE,ARE,UNITED ARAB EMIRATES
526136,MASTERCARD,CREDIT,WORLD,CAPITAL BANK OF JORDAN,,,JO,JOR,JORDAN
526137,MASTERCARD,CREDIT,BUSINESS,BANK HAPOALIM B.M.,,,IL,ISR,ISRAEL
526150,MASTERCARD,DEBIT,PREPAID,NATIONAL BANK OF OMAN (SAOG),,,OM,OMN,OMAN
526157,MASTERCARD,DEBIT,PREPAID,INTERNATIONAL SMART CARD LLC,,,IQ,IRQ,IRAQ
526195,MASTERCARD,CREDIT,CORPORATE,HSBC BANK MIDDLE EAST,+97317569999,http://www.hsbc.ae,BH,BHR,BAHRAIN
526206,MASTERCARD,DEBIT,BUSINESS,GULF BANK K.S.C.,,http://www.gulfbank.com,KW,KWT,KUWAIT
526243,MASTERCARD,CREDIT,PLATINUM,ABU DHABI COMMERCIAL BANK,+97126962222,http://www.adcb.com,AE,ARE,UNITED ARAB EMIRATES
526277,MASTERCARD,DEBIT,PREPAID,FIRST ABU DHABI BANK PJSC,+971600525500,https://www.bankfab.com,AE,ARE,UNITED ARAB EMIRATES
526298,MASTERCARD,CREDIT,CORPORATE,HSBC BANK MIDDLE EAST,+97142241000,http://www.hsbc.ae,AE,ARE,UNITED ARAB EMIRATES
526330,MASTERCARD,DEBIT,STANDARD,SOCIETE GENERALE DE BANQUE AU LIBAN S.A.L.,1274477777,http://www.sgbl.com.lb,LB,LBN,LEBANON
526371,MASTERCARD,CREDIT,CORPORATE,HSBC BANK MIDDLE EAST,+974 4441 6663 A851+A851,http://www.hsbc.ae,QA,QAT,QATAR
526402,MASTERCARD,DEBIT,STANDARD,BANQUE DU CAIRE,+20222648410,http://www.bdc.com.eg,EG,EGY,EGYPT
526403,MASTERCARD,DEBIT,STANDARD,NATIONAL BANK OF EGYPT,,http://www.nbe.com.eg,EG,EGY,EGYPT
526405,MASTERCARD,DEBIT,STANDARD,AREEBA S.A.L,,,LB,LBN,LEBANON
526406,MASTERCARD,DEBIT,PREPAID,AREEBA S.A.L,,,LB,LBN,LEBANON
526407,MASTERCARD,DEBIT,PREPAID,AREEBA S.A.L,,,LB,LBN,LEBANON
526408,MASTERCARD,DEBIT,WORLD REWARDS,ABU DHABI COMMERCIAL BANK,+97126962222,http://www.adcb.com,AE,ARE,UNITED ARAB EMIRATES
526409,MASTERCARD,DEBIT,STANDARD,AREEBA S.A.L,,,LB,LBN,LEBANON
526417,MASTERCARD,DEBIT,PREPAID,BANQUE DU CAIRE,+20222648410,http://www.bdc.com.eg,EG,EGY,EGYPT
526420,MASTERCARD,DEBIT,PREPAID,COMMERCIAL INTERNATIONAL BANK (EGYPT) S.A.E.,971 - 4 - 3589381,http://www.cibeg.com,EG,EGY,EGYPT
526432,MASTERCARD,DEBIT,STANDARD,AREEBA S.A.L,,,LB,LBN,LEBANON
526433,MASTERCARD,DEBIT,STANDARD,FRANSABANK S.A.L.,,http://www.fransabank.com,SY,SYR,SYRIAN ARAB REPUBLIC
526437,MASTERCARD,DEBIT,PREPAID,AHLI BANK OF KUWAIT,,,EG,EGY,EGYPT
526439,MASTERCARD,DEBIT,STANDARD,COMMERCIAL INTERNATIONAL BANK (EGYPT) S.A.E.,971 - 4 - 3589381,http://www.cibeg.com,EG,EGY,EGYPT
526450,MASTERCARD,DEBIT,PREMIUM,KUWAIT FINANCE HOUSE K.S.C.,+9651803333,http://www.kfh.com,KW,KWT,KUWAIT
526463,MASTERCARD,DEBIT,PREPAID,BANQUE DU CAIRE,+20222648410,http://www.bdc.com.eg,EG,EGY,EGYPT
526488,MASTERCARD,CREDIT,STANDARD,SAMBA FINANCIAL GROUP,+9718001242000,http://www.samba.com,AE,ARE,UNITED ARAB EMIRATES
526525,MASTERCARD,CREDIT,PLATINUM,"IRAQ ELECTRONIC GATE FOR FINANCIAL SERVICES CO, LTD.",,,IQ,IRQ,IRAQ
526556,MASTERCARD,DEBIT,STANDARD,QATAR NATIONAL BANK,+97444622724,http://www.qnb.com.qa,QA,QAT,QATAR
526597,MASTERCARD,CREDIT,,COMMERCIAL BANK OF KUWAIT S.A.K.,,,KW,KWT,KUWAIT
526707,MASTERCARD,DEBIT,STANDARD,NETWORK INTERNATIONAL LLC,,,AE,ARE,UNITED ARAB EMIRATES
526710,MASTERCARD,DEBIT,WORLD,,,,OM,OMN,OMAN
526716,MASTERCARD,DEBIT,PREPAID,COMMERCIAL INTERNATIONAL BANK (EGYPT) S.A.E.,971 - 4 - 3589381,http://www.cibeg.com,EG,EGY,EGYPT
526717,MASTERCARD,CREDIT,TITANIUM,COMMERCIAL INTERNATIONAL BANK (EGYPT) S.A.E.,971 - 4 - 3589381,http://www.cibeg.com,EG,EGY,EGYPT
526729,MASTERCARD,DEBIT,STANDARD,DOHA BANK Q.S.C,,,QA,QAT,QATAR
526746,MASTERCARD,DEBIT,TITANIUM,JORDAN KUWAIT BANK,,http://www.jordan-kuwait-bank.com,JO,JOR,JORDAN
526747,MASTERCARD,DEBIT,PREPAID,COMMERCIAL INTERNATIONAL BANK (EGYPT) S.A.E.,971 - 4 - 3589381,http://www.cibeg.com,EG,EGY,EGYPT
526774,MASTERCARD,CREDIT,STANDARD,BBAC S.A.L.,,,LB,LBN,LEBANON
526780,MASTERCARD,CREDIT,STANDARD,COMMERCIAL INTERNATIONAL BANK (EGYPT) S.A.E.,971 - 4 - 3589381,http://www.cibeg.com,EG,EGY,EGYPT
526813,MASTERCARD,CREDIT,TITANIUM,NATIONAL BANK OF OMAN (SAOG),,,OM,OMN,OMAN
526816,MASTERCARD,CREDIT,STANDARD,NATIONAL BANK OF OMAN (SAOG),,,OM,OMN,OMAN
526842,MASTERCARD,CREDIT,WORLD,ARAB BANK FOR INVESTMENT & FOREIGN TRADE,,,AE,ARE,UNITED ARAB EMIRATES
526844,MASTERCARD,CREDIT,PLATINUM,FIRST ABU DHABI BANK PJSC,,https://www.bankfab.com,AE,ARE,UNITED ARAB EMIRATES
526850,MASTERCARD,DEBIT,PREPAID,QATAR NATIONAL BANK,+97444622724,http://www.qnb.com.qa,QA,QAT,QATAR
526860,MASTERCARD,DEBIT,STANDARD,ITHMAAR BANK B.S.C.,,,BH,BHR,BAHRAIN
526884,MASTERCARD,CREDIT,TITANIUM,SOCIETE ARABE INTERNATIONALE DE BANQUE,,,EG,EGY,EGYPT
526890,MASTERCARD,CREDIT,,CANADA TRUST COMPANY,,,IQ,IRQ,IRAQ
526896,MASTERCARD,CREDIT,CORPORATE EXECUTIVE,COMMERCIAL BANK OF QATAR Q.S.C,,,QA,QAT,QATAR
526902,MASTERCARD,DEBIT,PLATINUM,CSCBANK SAL,,,LB,LBN,LEBANON
526904,MASTERCARD,DEBIT,PLATINUM,QATAR NATIONAL BANK,+97444622724,http://www.qnb.com.qa,QA,QAT,QATAR
526909,MASTERCARD,DEBIT,PLATINUM,AREEBA S.A.L,,,LB,LBN,LEBANON
526917,MASTERCARD,DEBIT,PLATINUM,ABU DHABI COMMERCIAL BANK,+97126962222,http://www.adcb.com,AE,ARE,UNITED ARAB EMIRATES
526928,MASTERCARD,DEBIT,PLATINUM,FRANSABANK SAL,,,LB,LBN,LEBANON
526932,MASTERCARD,CREDIT,STANDARD,CSCBANK SAL,,,LB,LBN,LEBANON
526970,MASTERCARD,CREDIT,GOLD,ARAB FINANCIAL SERVICES COMPANY B.S.C. (C),,,EG,EGY,EGYPT
526987,MASTERCARD,CREDIT,STANDARD,INTERNATIONAL SMART CARD LLC,,,IQ,IRQ,IRAQ
527016,MASTERCARD,CREDIT,WORLD FOR BUSINESS,RIYAD BANK,,http://www.riyadbank.com,SA,SAU,SAUDI ARABIA
527017,MASTERCARD,CREDIT,PLATINUM,BAHRAIN COMMERCIAL FACILITIES COMPANY BSC,,,BH,BHR,BAHRAIN
527023,MASTERCARD,CREDIT,STANDARD,RIYAD BANK,,http://www.riyadbank.com,SA,SAU,SAUDI ARABIA
527026,MASTERCARD,DEBIT,PREPAID PLATINUM TRAVEL,AL-TAIF ISLAMIC BANK FOR INVESTMENT & FINANCE,,,IQ,IRQ,IRAQ
527038,MASTERCARD,CREDIT,GOLD,ARAB JORDAN INVESTMENT BANK,,,JO,JOR,JORDAN
527040,MASTERCARD,CREDIT,STANDARD,"IRAQ ELECTRONIC GATE FOR FINANCIAL SERVICES CO, LTD.",,,IQ,IRQ,IRAQ
527088,MASTERCARD,DEBIT,PLATINUM,"IRAQ ELECTRONIC GATE FOR FINANCIAL SERVICES CO, LTD.",,,IQ,IRQ,IRAQ
527091,MASTERCARD,DEBIT,TITANIUM,"IRAQ ELECTRONIC GATE FOR FINANCIAL SERVICES CO, LTD.",,,IQ,IRQ,IRAQ
527109,MASTERCARD,CREDIT,TITANIUM,ARAB AFRICAN INTERNATIONAL BANK,+20224886679,http://www.aaib.com,EG,EGY,EGYPT
527124,MASTERCARD,DEBIT,PREPAID,JORDAN COMMERCIAL BANK,+96265203000,http://www.jcbank.com.jo,JO,JOR,JORDAN
527134,MASTERCARD,CREDIT,TITANIUM,"IRAQ ELECTRONIC GATE FOR FINANCIAL SERVICES CO, LTD.",,,IQ,IRQ,IRAQ
527142,MASTERCARD,DEBIT,STANDARD,ARAB JORDAN INVESTMENT BANK,,,JO,JOR,JORDAN
527155,MASTERCARD,CREDIT,WORLD,MIDDLE EAST PAYMENT SERVICES LIMITED CO.,,,PS,PSE,"PALESTINIAN TERRITORY, OCCUPIED"
527158,MASTERCARD,DEBIT,PLATINUM,DUKHAN BANK Q.P.S.C.,,,QA,QAT,QATAR
527160,MASTERCARD,DEBIT,STANDARD,"IRAQ ELECTRONIC GATE FOR FINANCIAL SERVICES CO, LTD.",,,IQ,IRQ,IRAQ
527167,MASTERCARD,CREDIT,GOLD,"IRAQ ELECTRONIC GATE FOR FINANCIAL SERVICES CO, LTD.",,,IQ,IRQ,IRAQ
527225,MASTERCARD,CREDIT,PLATINUM,ARAB JORDAN INVESTMENT BANK,,,JO,JOR,JORDAN
527235,MASTERCARD,CREDIT,PLATINUM,"IRAQ ELECTRONIC GATE FOR FINANCIAL SERVICES CO, LTD.",,,IQ,IRQ,IRAQ
527262,MASTERCARD,CREDIT,WORLD ELITE,GULF BANK K.S.C.,,http://www.gulfbank.com,KW,KWT,KUWAIT
527271,MASTERCARD,DEBIT,PREPAID PLATINUM TRAVEL,COMMERCIAL INTERNATIONAL BANK (EGYPT) S.A.E.,971 - 4 - 3589381,http://www.cibeg.com,EG,EGY,EGYPT
527277,MASTERCARD,DEBIT,STANDARD,CAIRO AMMAN BANK PLC,,,JO,JOR,JORDAN
527279,MASTERCARD,CREDIT,TITANIUM,NATIONAL BANK OF RAS AL-KHAIMAH (RAKBANK),,,AE,ARE,UNITED ARAB EMIRATES
527280,MASTERCARD,CREDIT,TITANIUM,MIDDLE EAST PAYMENT SERVICES LIMITED CO.,,,PS,PSE,"PALESTINIAN TERRITORY, OCCUPIED"
527281,MASTERCARD,CREDIT,TITANIUM,CAIRO AMMAN BANK PLC,,,JO,JOR,JORDAN
527283,MASTERCARD,DEBIT,PREPAID PLATINUM TRAVEL,DUKHAN BANK Q.P.S.C.,,,QA,QAT,QATAR
527294,MASTERCARD,DEBIT,STANDARD,HOUSING & DEVELOPMENT BANK,,,EG,EGY,EGYPT
527307,MASTERCARD,CREDIT,WORLD,"BURGAN BANK, S.A.K.",+9651804080,http://www.burgan.com,KW,KWT,KUWAIT
527326,MASTERCARD,DEBIT,PREPAID,DUBAI ISLAMIC BANK PJSC,,,AE,ARE,UNITED ARAB EMIRATES
527342,MASTERCARD,DEBIT,PREPAID PLATINUM TRAVEL,EMIRATES NBD,+971800456,http://www.emiratesnbd.com,AE,ARE,UNITED ARAB EMIRATES
527358,MASTERCARD,DEBIT,PREPAID BUSINESS,NATIONAL BANK OF OMAN (SAOG),,,OM,OMN,OMAN
527373,MASTERCARD,DEBIT,PREPAID,BANQUE DU CAIRE,+20222648410,http://www.bdc.com.eg,EG,EGY,EGYPT
527384,MASTERCARD,DEBIT,PREPAID PLATINUM TRAVEL,QATAR NATIONAL BANK,+97444622724,http://www.qnb.com.qa,QA,QAT,QATAR
527385,MASTERCARD,DEBIT,PREPAID PLATINUM TRAVEL,SHARJAH ISLAMIC BANK PJSC,+97165999999,http://www.sib.ae,AE,ARE,UNITED ARAB EMIRATES
527408,MASTERCARD,DEBIT,STANDARD,SOCIETE GENERALE DE BANQUE AU LIBAN S.A.L.,1274477777,http://www.sgbl.com.lb,LB,LBN,LEBANON
527416,MASTERCARD,CREDIT,STANDARD,NATIONAL BANK OF EGYPT,,http://www.nbe.com.eg,EG,EGY,EGYPT
527422,MASTERCARD,CREDIT,STANDARD,NATIONAL BANK OF EGYPT,,http://www.nbe.com.eg,EG,EGY,EGYPT
527432,MASTERCARD,DEBIT,STANDARD,NATIONAL BANK OF BAHRAIN,,,BH,BHR,BAHRAIN
527478,MASTERCARD,DEBIT,TITANIUM,CREDIT LIBANAIS S.A.L.,+9611900111,http://www.creditlibanais.com.lb,LB,LBN,LEBANON
527525,MASTERCARD,DEBIT,PREPAID BUSINESS,"BURGAN BANK, S.A.K.",+9651804080,http://www.burgan.com,KW,KWT,KUWAIT
527526,MASTERCARD,CREDIT,STANDARD,"BURGAN BANK, S.A.K.",+9651804080,http://www.burgan.com,KW,KWT,KUWAIT
527566,MASTERCARD,CREDIT,WORLD ELITE EXCLUSIVE,INTERNATIONAL SMART CARD LLC,,,IQ,IRQ,IRAQ
527568,MASTERCARD,CREDIT,PLATINUM,FINANCE HOUSE L.L.C.,,,AE,ARE,UNITED ARAB EMIRATES
527570,MASTERCARD,DEBIT,STANDARD,SOCIETE GENERALE DE BANQUE AU LIBAN S.A.L.,1274477777,http://www.sgbl.com.lb,LB,LBN,LEBANON
527582,MASTERCARD,CREDIT,PLATINUM,QATAR NATIONAL BANK,+97444622724,http://www.qnb.com.qa,QA,QAT,QATAR
527633,MASTERCARD,CREDIT,WORLD,JORDAN COMMERCIAL BANK,+96265203000,http://www.jcbank.com.jo,JO,JOR,JORDAN
527639,MASTERCARD,DEBIT,PREPAID,SHARJAH ISLAMIC BANK PJSC,+97165999999,http://www.sib.ae,AE,ARE,UNITED ARAB EMIRATES
527642,MASTERCARD,DEBIT,PREPAID,JORDAN AHLI BANK,+96265007777,http://www.ahli.com,JO,JOR,JORDAN
527652,MASTERCARD,CREDIT,GOLD,"IRAQ ELECTRONIC GATE FOR FINANCIAL SERVICES CO, LTD.",,,IQ,IRQ,IRAQ
527687,MASTERCARD,DEBIT,PREPAID RELOADABLE,MIDDLE EAST PAYMENT SERVICES,,,JO,JOR,JORDAN
527709,MASTERCARD,CREDIT,PLATINUM,AREEBA S.A.L,,,LB,LBN,LEBANON
527711,MASTERCARD,CREDIT,STANDARD,ARAB PAYMENT SERVICES,,,IQ,IRQ,IRAQ
527727,MASTERCARD,CREDIT,BUSINESS,BANK HAPOALIM B.M.,,,IL,ISR,ISRAEL
527742,MASTERCARD,DEBIT,STANDARD,AREEBA S.A.L,,,LB,LBN,LEBANON
527747,MASTERCARD,CREDIT,WORLD ELITE,NATIONAL BANK OF RAS AL-KHAIMAH (RAKBANK),,,AE,ARE,UNITED ARAB EMIRATES
527755,MASTERCARD,CREDIT,TITANIUM,DUBAI ISLAMIC BANK PJSC,,,AE,ARE,UNITED ARAB EMIRATES
527758,MASTERCARD,DEBIT,PREPAID RELOADABLE,MIDDLE EAST PAYMENT SERVICES LIMITED CO.,,,JO,JOR,JORDAN
527762,MASTERCARD,DEBIT,PREPAID,"EGYPTIAN BANKS CO. FOR TECHNOLOGICAL ADVANCEMENT, S.A.E.",,,EG,EGY,EGYPT
527769,MASTERCARD,CREDIT,PLATINUM,SOCIETE ARABE INTERNATIONALE DE BANQUE,,,EG,EGY,EGYPT
527787,MASTERCARD,CREDIT,STANDARD,"MAX IT FINANCE, LTD.",,,IL,ISR,ISRAEL
527799,MASTERCARD,DEBIT,PREPAID PLATINUM TRAVEL,KUWAIT FINANCE HOUSE K.S.C.,+9651803333,http://www.kfh.com,KW,KWT,KUWAIT
527896,MASTERCARD,CREDIT,STANDARD,NATIONAL BANK OF OMAN (SAOG),,,OM,OMN,OMAN
528010,MASTERCARD,DEBIT,PREPAID,CREDIT CARD SERVICES JORDAN,,,JO,JOR,JORDAN
528162,MASTERCARD,CREDIT,CORPORATE WORLD,BANK DHOFAR SAOG,,,OM,OMN,OMAN
528203,MASTERCARD,CREDIT,STANDARD,NATIONAL BANK OF RAS AL-KHAIMAH (RAKBANK),,,AE,ARE,UNITED ARAB EMIRATES
528214,MASTERCARD,DEBIT,PREPAID,AHLI BANK OF KUWAIT,,,EG,EGY,EGYPT
528218,MASTERCARD,CREDIT,BUSINESS,ISRACARD LTD.,,,IL,ISR,ISRAEL
528243,MASTERCARD,DEBIT,PREPAID,NOOR BANK PJSC,,,AE,ARE,UNITED ARAB EMIRATES
528262,MASTERCARD,DEBIT,PREPAID,MIDDLE EAST PAYMENT SERVICES LIMITED CO.,,,JO,JOR,JORDAN
528266,MASTERCARD,DEBIT,PREPAID,JORDAN AHLI BANK,+96265007777,http://www.ahli.com,JO,JOR,JORDAN
528276,MASTERCARD,DEBIT,PREPAID,SOCIETE ARABE INTERNATIONALE DE BANQUE,,,EG,EGY,EGYPT
528428,MASTERCARD,DEBIT,WORLD,NATIONAL BANK OF RAS AL-KHAIMAH (RAKBANK),,,AE,ARE,UNITED ARAB EMIRATES
528455,MASTERCARD,DEBIT,PREPAID BUSINESS,NYMCARD PAYMENT SERVICES LLC,,,AE,ARE,UNITED ARAB EMIRATES
528470,MASTERCARD,CREDIT,PLATINUM,THE NATIONAL BANK PLC,,,PS,PSE,"PALESTINIAN TERRITORY, OCCUPIED"
528479,MASTERCARD,CREDIT,WORLD,SAMBA FINANCIAL GROUP,+9668001242000,http://www.samba.com,SA,SAU,SAUDI ARABIA
528485,MASTERCARD,DEBIT,STANDARD,THE HOUSING BANK FOR TRADE & FINANCE,,,JO,JOR,JORDAN
528493,MASTERCARD,DEBIT,STANDARD,CSCBANK SAL,,,LB,LBN,LEBANON
528496,MASTERCARD,DEBIT,TITANIUM,BLOM BANK SAL,,,LB,LBN,LEBANON
528499,MASTERCARD,CREDIT,PLATINUM,BANKMED SAL,,,LB,LBN,LEBANON
528500,MASTERCARD,DEBIT,PREPAID,NETWORK INTERNATIONAL LLC,,,AE,ARE,UNITED ARAB EMIRATES
528508,MASTERCARD,DEBIT,PREPAID RELOADABLE,MIDDLE EAST PAYMENT SERVICES LIMITED CO.,,,JO,JOR,JORDAN
528512,MASTERCARD,DEBIT,PREPAID RELOADABLE,MIDDLE EAST PAYMENT SERVICES LIMITED CO.,,,JO,JOR,JORDAN
528526,MASTERCARD,CREDIT,STANDARD,ARAB FINANCIAL SERVICES COMPANY B.S.C. (C),,,EG,EGY,EGYPT
528540,MASTERCARD,CREDIT,WORLD,BOUBYAN BANK,,,KW,KWT,KUWAIT
528548,MASTERCARD,DEBIT,PREPAID BUSINESS,NETWORK INTERNATIONAL LLC,,,AE,ARE,UNITED ARAB EMIRATES
528558,MASTERCARD,CREDIT,PLATINUM,MASHREQ BANK,+97143632250,http://www.mashreqbank.com,AE,ARE,UNITED ARAB EMIRATES
528561,MASTERCARD,CREDIT,WORLD,NETWORK INTERNATIONAL LLC,,,AE,ARE,UNITED ARAB EMIRATES
528578,MASTERCARD,DEBIT,PREPAID,"IRAQ ELECTRONIC GATE FOR FINANCIAL SERVICES CO, LTD.",,,IQ,IRQ,IRAQ
528586,MASTERCARD,DEBIT,PREPAID,ARAB FINANCIAL SERVICES COMPANY B.S.C. (C),,,BH,BHR,BAHRAIN
528597,MASTERCARD,CREDIT,STANDARD,THE SAUDI NATIONAL BANK,,,SA,SAU,SAUDI ARABIA
528603,MASTERCARD,CREDIT,TITANIUM,COMMERCIAL INTERNATIONAL BANK (EGYPT) S.A.E.,971 - 4 - 3589381,http://www.cibeg.com,EG,EGY,EGYPT
528617,MASTERCARD,CREDIT,PLATINUM,QATAR NATIONAL BANK,+97444622724,http://www.qnb.com.qa,QA,QAT,QATAR
528646,MASTERCARD,DEBIT,STANDARD,BANK AUDI S.A.L.,,,LB,LBN,LEBANON
528647,MASTERCARD,DEBIT,STANDARD,NATIONAL BANK OF OMAN (SAOG),,,OM,OMN,OMAN
528660,MASTERCARD,DEBIT,PREPAID PLATINUM TRAVEL,FIRST ABU DHABI BANK PJSC,+971600525500,https://www.bankfab.com,AE,ARE,UNITED ARAB EMIRATES
528662,MASTERCARD,DEBIT,STANDARD,NATIONAL BANK OF EGYPT,,http://www.nbe.com.eg,EG,EGY,EGYPT
528666,MASTERCARD,DEBIT,TITANIUM,EMIRATES NATIONAL BANK OF DUBAI S.A.E,,,EG,EGY,EGYPT
528669,MASTERCARD,DEBIT,STANDARD,NATIONAL BANK OF OMAN (SAOG),,,OM,OMN,OMAN
528671,MASTERCARD,DEBIT,STANDARD,KURDISTAN INTERNATIONAL BANK FOR INVESTMENT AND DEVELOPMENT INC. P.S.C,,,IQ,IRQ,IRAQ
528693,MASTERCARD,CREDIT,TITANIUM,BANK NIZWA SAOG,,,OM,OMN,OMAN
528714,MASTERCARD,DEBIT,PREPAID WORLD,,,,IQ,IRQ,IRAQ
528803,MASTERCARD,DEBIT,PREPAID PLATINUM TRAVEL,"BURGAN BANK, S.A.K.",+9651804080,http://www.burgan.com,KW,KWT,KUWAIT
528807,MASTERCARD,CREDIT,PLATINUM,ARAB FINANCIAL SERVICES COMPANY B.S.C. (C),,,EG,EGY,EGYPT
528810,MASTERCARD,CREDIT,PLATINUM,CSCBANK SAL,,,LB,LBN,LEBANON
528823,MASTERCARD,CREDIT,CORPORATE PURCHASING,NETWORK INTERNATIONAL LLC,,,AE,ARE,UNITED ARAB EMIRATES
528922,MASTERCARD,CREDIT,TITANIUM,CAIRO AMMAN BANK PLC,,,PS,PSE,"PALESTINIAN TERRITORY, OCCUPIED"
528954,MASTERCARD,CREDIT,PLATINUM,BAHRAIN ISLAMIC BANK B.S.C,,,BH,BHR,BAHRAIN
529011,MASTERCARD,DEBIT,PREPAID,WORLD ISLAMIC BANK FOR INVESTMENT AND FINANCING,,,IQ,IRQ,IRAQ
529016,MASTERCARD,CREDIT,WORLD,NETWORK INTERNATIONAL LLC,,,AE,ARE,UNITED ARAB EMIRATES
529058,MASTERCARD,DEBIT,STANDARD,ARAB PAYMENT SERVICES,,,IQ,IRQ,IRAQ
529061,MASTERCARD,CREDIT,STANDARD,BANK MUSCAT (SAOG),,,OM,OMN,OMAN
529072,MASTERCARD,DEBIT,PREPAID PLATINUM TRAVEL,AL AHLI BANK OF KUWAIT (KSC),,,KW,KWT,KUWAIT
529074,MASTERCARD,DEBIT,PREPAID PLATINUM TRAVEL,COMMERCIAL BANK OF KUWAIT S.A.K.,,,KW,KWT,KUWAIT
529078,MASTERCARD,DEBIT,PREPAID PLATINUM TRAVEL,FIRST ABU DHABI BANK PJSC,+971600525500,https://www.bankfab.com,AE,ARE,UNITED ARAB EMIRATES
529090,MASTERCARD,CREDIT,TITANIUM,SHARJAH ISLAMIC BANK PJSC,+97165999999,http://www.sib.ae,AE,ARE,UNITED ARAB EMIRATES
529094,MASTERCARD,CREDIT,CORPORATE PURCHASING,ABU DHABI COMMERCIAL BANK,+97126962222,http://www.adcb.com,AE,ARE,UNITED ARAB EMIRATES
529095,MASTERCARD,DEBIT,PREPAID RELOADABLE,QATAR NATIONAL BANK,+97444622724,http://www.qnb.com.qa,QA,QAT,QATAR
529106,MASTERCARD,CREDIT,PLATINUM,AL HILAL BANK PJSC,,,AE,ARE,UNITED ARAB EMIRATES
529113,MASTERCARD,CREDIT,PLATINUM,AHLI BANK OF KUWAIT,,,EG,EGY,EGYPT
529116,MASTERCARD,CREDIT,TITANIUM,AHLI BANK OF KUWAIT,,,EG,EGY,EGYPT
529120,MASTERCARD,CREDIT,WORLD ELITE,"CITIBANK, N.A.",,https://www.citi.com,AE,ARE,UNITED ARAB EMIRATES
529128,MASTERCARD,CREDIT,PLATINUM,BANKMED SAL,,,LB,LBN,LEBANON
529135,MASTERCARD,DEBIT,PREPAID,DIGITAL FINANCIAL SERVICES LLC,,,AE,ARE,UNITED ARAB EMIRATES
529141,MASTERCARD,DEBIT,PREPAID PLATINUM TRAVEL,NYMCARD PAYMENT SERVICES LLC,,,AE,ARE,UNITED ARAB EMIRATES
529143,MASTERCARD,CREDIT,TITANIUM,BANQUE MISR,+20223912150,http://www.banquemisr.com,EG,EGY,EGYPT
529157,MASTERCARD,CREDIT,STANDARD,ALINMA BANK,,,SA,SAU,SAUDI ARABIA
529178,MASTERCARD,CREDIT,TITANIUM,ALINMA BANK,,,SA,SAU,SAUDI ARABIA
529180,MASTERCARD,CREDIT,CORPORATE WORLD,ARAB BANK FOR INVESTMENT & FOREIGN TRADE,,,AE,ARE,UNITED ARAB EMIRATES
529191,MASTERCARD,CREDIT,WORLD,MIDDLE EAST PAYMENT SERVICES LIMITED CO.,,,JO,JOR,JORDAN
529192,MASTERCARD,DEBIT,PLATINUM,ABU DHABI COMMERCIAL BANK,+97126962222,http://www.adcb.com,AE,ARE,UNITED ARAB EMIRATES
529202,MASTERCARD,CREDIT,STANDARD,NATIONAL BANK OF EGYPT,,http://www.nbe.com.eg,EG,EGY,EGYPT
529232,MASTERCARD,DEBIT,PREPAID PLATINUM TRAVEL,TULAN BEST MARKETING COMPANY,,,JO,JOR,JORDAN
529249,MASTERCARD,CREDIT,TITANIUM,MIDDLE EAST PAYMENT SERVICES LIMITED CO.,,,JO,JOR,JORDAN
529261,MASTERCARD,CREDIT,STANDARD,"SUEZ CANAL BANK, S.A.E.",,,EG,EGY,EGYPT
529271,MASTERCARD,DEBIT,PREPAID RELOADABLE,RIYAD BANK,,http://www.riyadbank.com,SA,SAU,SAUDI ARABIA
529283,MASTERCARD,CREDIT,STANDARD,BAHRAIN ISLAMIC BANK B.S.C,,,BH,BHR,BAHRAIN
529297,MASTERCARD,CREDIT,PLATINUM,ISRAEL CREDIT CARDS LTD.,,,IL,ISR,ISRAEL
529298,MASTERCARD,CREDIT,PLATINUM,SAUDI INVESTMENT BANK,,,SA,SAU,SAUDI ARABIA
529341,MASTERCARD,CREDIT,TITANIUM,"SUEZ CANAL BANK, S.A.E.",,,EG,EGY,EGYPT
529342,MASTERCARD,DEBIT,BUSINESS,ABU DHABI COMMERCIAL BANK,+97126962222,http://www.adcb.com,AE,ARE,UNITED ARAB EMIRATES
529346,MASTERCARD,DEBIT,STANDARD,ARAB FINANCIAL SERVICES COMPANY B.S.C. (C),,,BH,BHR,BAHRAIN
529349,MASTERCARD,DEBIT,PREPAID RELOADABLE,TULAN BEST MARKETING COMPANY,,,JO,JOR,JORDAN
529361,MASTERCARD,CREDIT,STANDARD,CAIRO AMMAN BANK PLC,,,PS,PSE,"PALESTINIAN TERRITORY, OCCUPIED"
529406,MASTERCARD,DEBIT,PREPAID,MASHREQ BANK,971 4 424 4444,http://www.mashreqbank.com,EG,EGY,EGYPT
529415,MASTERCARD,DEBIT,STANDARD,THE SAUDI NATIONAL BANK,,,SA,SAU,SAUDI ARABIA
529499,MASTERCARD,CREDIT,STANDARD,NATIONAL BANK OF BAHRAIN,,,SA,SAU,SAUDI ARABIA
529510,MASTERCARD,DEBIT,PREPAID,NETWORK INTERNATIONAL LLC,,,AE,ARE,UNITED ARAB EMIRATES
529532,MASTERCARD,DEBIT,PREPAID,BANQUE DU CAIRE,+20222648410,http://www.bdc.com.eg,EG,EGY,EGYPT
529539,MASTERCARD,DEBIT,GOLD,BANQUE MISR,+20223912150,http://www.banquemisr.com,EG,EGY,EGYPT
529546,MASTERCARD,DEBIT,PREPAID,NATIONAL BANK OF RAS AL-KHAIMAH (RAKBANK),,,AE,ARE,UNITED ARAB EMIRATES
529549,MASTERCARD,DEBIT,PREPAID,NATIONAL BANK OF RAS AL-KHAIMAH (RAKBANK),,,AE,ARE,UNITED ARAB EMIRATES
529582,MASTERCARD,CREDIT,PLATINUM,MASHREQ BANK,971 4 424 4444,http://www.mashreqbank.com,EG,EGY,EGYPT
529606,MASTERCARD,DEBIT,PLATINUM,NATIONAL BANK OF RAS AL-KHAIMAH (RAKBANK),,,AE,ARE,UNITED ARAB EMIRATES
529607,MASTERCARD,DEBIT,TITANIUM,EMIRATES NATIONAL BANK OF DUBAI S.A.E,,,EG,EGY,EGYPT
529613,MASTERCARD,DEBIT,TITANIUM,CSCBANK SAL,,,IQ,IRQ,IRAQ
529614,MASTERCARD,DEBIT,STANDARD,"IRAQ ELECTRONIC GATE FOR FINANCIAL SERVICES CO, LTD.",,,IQ,IRQ,IRAQ
529622,MASTERCARD,DEBIT,TITANIUM,CSCBANK SAL,,,LB,LBN,LEBANON
529624,MASTERCARD,DEBIT,TITANIUM,CREDIT CARD SERVICES JORDAN,,,JO,JOR,JORDAN
529694,MASTERCARD,CREDIT,WORLD ELITE,DUKHAN BANK Q.P.S.C.,,,QA,QAT,QATAR
529698,MASTERCARD,DEBIT,PREPAID,JORDAN ISLAMIC BANK CO.,,,JO,JOR,JORDAN
529722,MASTERCARD,CREDIT,GOLD,AREEBA S.A.L,,,LB,LBN,LEBANON
529724,MASTERCARD,CREDIT,GOLD,AREEBA S.A.L,,,LB,LBN,LEBANON
529741,MASTERCARD,DEBIT,STANDARD,RIYAD BANK,,http://www.riyadbank.com,SA,SAU,SAUDI ARABIA
529749,MASTERCARD,CREDIT,WORLD ELITE,FRANSABANK SAL,,,LB,LBN,LEBANON
529773,MASTERCARD,DEBIT,TITANIUM,SOCIETE ARABE INTERNATIONALE DE BANQUE,,,EG,EGY,EGYPT
529792,MASTERCARD,DEBIT,PREPAID PLATINUM TRAVEL,ABU DHABI ISLAMIC BANK,,http://www.adib.ae,EG,EGY,EGYPT
529797,MASTERCARD,CREDIT,,,,,SY,SYR,SYRIAN ARAB REPUBLIC
529809,MASTERCARD,CREDIT,GOLD,ARAB FINANCIAL SERVICES COMPANY B.S.C. (C),,,IQ,IRQ,IRAQ
529865,MASTERCARD,CREDIT,GOLD,ELAF ISLAMIC BANK,,,IQ,IRQ,IRAQ
529895,MASTERCARD,CREDIT,WORLD,FRANSABANK S.A.L.,+9611340180,http://www.fransabank.com,LB,LBN,LEBANON
529908,MASTERCARD,CREDIT,STANDARD,BANK AUDI S.A.L.,,,JO,JOR,JORDAN
529909,MASTERCARD,DEBIT,PREPAID,EMIRATES NATIONAL BANK OF DUBAI S.A.E,,,EG,EGY,EGYPT
529929,MASTERCARD,CREDIT,STANDARD,NATIONAL BANK OF BAHRAIN B. S. C.,,,AE,ARE,UNITED ARAB EMIRATES
529954,MASTERCARD,DEBIT,PREPAID,AREEBA S.A.L,,,LB,LBN,LEBANON
529977,MASTERCARD,CREDIT,STANDARD,FRANSABANK SAL,,,LB,LBN,LEBANON
529983,MASTERCARD,DEBIT,PREPAID,ARAB AFRICAN INTERNATIONAL BANK,+20224886679,http://www.aaib.com,EG,EGY,EGYPT
530008,MASTERCARD,DEBIT,PREPAID,DUBAI ISLAMIC BANK PJSC,,,AE,ARE,UNITED ARAB EMIRATES
530031,MASTERCARD,DEBIT,PREPAID,CREDIT LIBANAIS S.A.L.,+9611900111,http://www.creditlibanais.com.lb,LB,LBN,LEBANON
530060,MASTERCARD,DEBIT,WORLD,FIRST ABU DHABI BANK PJSC,,https://www.bankfab.com,SA,SAU,SAUDI ARABIA
530065,MASTERCARD,CREDIT,CORPORATE WORLD,QATAR ISLAMIC BANK,,,QA,QAT,QATAR
530263,MASTERCARD,DEBIT,PREPAID,"IRAQ ELECTRONIC GATE FOR FINANCIAL SERVICES CO, LTD.",,,IQ,IRQ,IRAQ
530280,MASTERCARD,CREDIT,WORLD ELITE,NETWORK INTERNATIONAL LLC,,,AE,ARE,UNITED ARAB EMIRATES
530321,MASTERCARD,DEBIT,STANDARD,"IRAQ ELECTRONIC GATE FOR FINANCIAL SERVICES CO, LTD.",,,IQ,IRQ,IRAQ
530322,MASTERCARD,DEBIT,PREPAID RELOADABLE,MIDDLE EAST PAYMENT SERVICES LIMITED CO.,,,JO,JOR,JORDAN
530323,MASTERCARD,CREDIT,TITANIUM,WORLD ISLAMIC BANK FOR INVESTMENT AND FINANCING,,,IQ,IRQ,IRAQ
530348,MASTERCARD,CREDIT,PLATINUM,KUWAIT FINANCE HOUSE K.S.C.,+9651803333,http://www.kfh.com,KW,KWT,KUWAIT
530349,MASTERCARD,DEBIT,PREPAID,CAPITAL BANK OF JORDAN,,,JO,JOR,JORDAN
530351,MASTERCARD,DEBIT,WORLD,BARWA BANK,+97444088888,http://www.barwa.com.qa,QA,QAT,QATAR
530361,MASTERCARD,CREDIT,STANDARD,BANQUE MISR,+20223912150,http://www.banquemisr.com,EG,EGY,EGYPT
530393,MASTERCARD,CREDIT,BUSINESS,CREDIT LIBANAIS S.A.L.,+9611900111,http://www.creditlibanais.com.lb,LB,LBN,LEBANON
530398,MASTERCARD,CREDIT,TITANIUM,AREEBA S.A.L,,,LB,LBN,LEBANON
530447,MASTERCARD,CREDIT,PLATINUM,NATIONAL BANK OF KUWAIT (S.A.K.),,,EG,EGY,EGYPT
530449,MASTERCARD,CREDIT,PLATINUM,COMMERCIAL INTERNATIONAL BANK (EGYPT) S.A.E.,971 - 4 - 3589381,http://www.cibeg.com,EG,EGY,EGYPT
530466,MASTERCARD,CREDIT,PLATINUM,MASHREQ BANK,+97143632250,http://www.mashreqbank.com,AE,ARE,UNITED ARAB EMIRATES
530481,MASTERCARD,CREDIT,PLATINUM,ALINMA BANK,,,SA,SAU,SAUDI ARABIA
530502,MASTERCARD,CREDIT,PLATINUM,KUWAIT FINANCE HOUSE K.S.C.,+9651803333,http://www.kfh.com,KW,KWT,KUWAIT
530507,MASTERCARD,DEBIT,PREPAID,"IRAQ ELECTRONIC GATE FOR FINANCIAL SERVICES CO, LTD.",,,IQ,IRQ,IRAQ
530509,MASTERCARD,DEBIT,STANDARD,ARAB AFRICAN INTERNATIONAL BANK,+20224886679,http://www.aaib.com,EG,EGY,EGYPT
530540,MASTERCARD,DEBIT,,BANQUE LIBANO - FRANCAISE SAL,,,LB,LBN,LEBANON
530560,MASTERCARD,DEBIT,PREPAID,FIRST ABU DHABI BANK PJSC,+971600525500,https://www.bankfab.com,AE,ARE,UNITED ARAB EMIRATES
530563,MASTERCARD,CREDIT,STANDARD,FIRST ABU DHABI BANK PJSC,+971600525500,https://www.bankfab.com,AE,ARE,UNITED ARAB EMIRATES
530564,MASTERCARD,CREDIT,STANDARD,NETWORK INTERNATIONAL LLC,,,EG,EGY,EGYPT
530571,MASTERCARD,DEBIT,PREPAID RELOADABLE,NATIONAL BANK OF RAS AL-KHAIMAH (RAKBANK),,,AE,ARE,UNITED ARAB EMIRATES
530583,MASTERCARD,DEBIT,PREPAID BUSINESS,UAE EXCHANGE CENTRE LLC,+97142617575,http://www.uaeexchange.com,AE,ARE,UNITED ARAB EMIRATES
530644,MASTERCARD,CREDIT,PLATINUM,NATIONAL BANK OF RAS AL-KHAIMAH (RAKBANK),,,AE,ARE,UNITED ARAB EMIRATES
530669,MASTERCARD,DEBIT,PREPAID,WARBA BANK K.S.C,,,KW,KWT,KUWAIT
530689,MASTERCARD,DEBIT,PLATINUM,NATIONAL BANK OF BAHRAIN,,,BH,BHR,BAHRAIN
530732,MASTERCARD,DEBIT,PREPAID PLATINUM TRAVEL,QATAR INTERNATIONAL ISLAMIC BANK,,http://www.qiib.com.qa,QA,QAT,QATAR
530761,MASTERCARD,CREDIT,STANDARD,BANQUE LIBANO - FRANCAISE SAL,,,LB,LBN,LEBANON
530762,MASTERCARD,CREDIT,GOLD,BANQUE LIBANO - FRANCAISE SAL,,,LB,LBN,LEBANON
530763,MASTERCARD,CREDIT,STANDARD,BANQUE LIBANO - FRANCAISE S.A.L.,,,LB,LBN,LEBANON
530765,MASTERCARD,DEBIT,,BANQUE LIBANO - FRANCAISE SAL,,,LB,LBN,LEBANON
530766,MASTERCARD,DEBIT,TITANIUM,COMMERCIAL BANK OF QATAR Q.S.C,,,QA,QAT,QATAR
530768,MASTERCARD,CREDIT,GOLD,BANQUE LIBANO-FRANCAISE SAL/COMMERCE & FINANCE S.A.L.,,,LB,LBN,LEBANON
530774,MASTERCARD,CREDIT,WORLD,QATAR NATIONAL BANK,+97444622724,http://www.qnb.com.qa,QA,QAT,QATAR
530775,MASTERCARD,DEBIT,PREPAID,"MAX IT FINANCE, LTD.",,,IL,ISR,ISRAEL
530776,MASTERCARD,CREDIT,WORLD,QATAR NATIONAL BANK,+97444622724,http://www.qnb.com.qa,QA,QAT,QATAR
530792,MASTERCARD,CREDIT,WORLD,ARAB NATIONAL BANK,,,SA,SAU,SAUDI ARABIA
530828,MASTERCARD,DEBIT,PREPAID,FIRST ABU DHABI BANK PJSC,+20225204375,https://www.bankfab.com,EG,EGY,EGYPT
530840,MASTERCARD,CREDIT,GOLD,QATAR NATIONAL BANK AL-AHLI S.A.E,,,EG,EGY,EGYPT
530843,MASTERCARD,CREDIT,PLATINUM,ALAWWAL BANK,,,SA,SAU,SAUDI ARABIA
530906,MASTERCARD,DEBIT,WORLD,SAMBA FINANCIAL GROUP,+9668001242000,http://www.samba.com,SA,SAU,SAUDI ARABIA
530916,MASTERCARD,CREDIT,WORLD ELITE EXCLUSIVE,AREEBA S.A.L,,,LB,LBN,LEBANON
530918,MASTERCARD,CREDIT,PLATINUM,NETWORK INTERNATIONAL LLC,,,AE,ARE,UNITED ARAB EMIRATES
530923,MASTERCARD,DEBIT,PREPAID BUSINESS,ARAB FINANCIAL SERVICES COMPANY B.S.C. (C),,,EG,EGY,EGYPT
530926,MASTERCARD,DEBIT,PREPAID,ARAB FINANCIAL SERVICES COMPANY B.S.C. (C),,,EG,EGY,EGYPT
530930,MASTERCARD,CREDIT,B2B,WEX BANK,,http://www.wexinc.com,AE,ARE,UNITED ARAB EMIRATES
530933,MASTERCARD,CREDIT,STANDARD,CSCBANK SAL,,,LB,LBN,LEBANON
530937,MASTERCARD,CREDIT,STANDARD,DEEM FINANCE L.L.C.,,,AE,ARE,UNITED ARAB EMIRATES
531039,MASTERCARD,CREDIT,MIXED BIN,BANK ALBILAD,,,SA,SAU,SAUDI ARABIA
531042,MASTERCARD,CREDIT,PLATINUM,AREEBA S.A.L,,,LB,LBN,LEBANON
531074,MASTERCARD,CREDIT,,,,,AE,ARE,UNITED ARAB EMIRATES
531084,MASTERCARD,CREDIT,PLATINUM,BANK HAPOALIM B.M.,,,IL,ISR,ISRAEL
531092,MASTERCARD,DEBIT,PREPAID,CAIRO AMMAN BANK PLC,,,PS,PSE,"PALESTINIAN TERRITORY, OCCUPIED"
531095,MASTERCARD,DEBIT,TITANIUM,SAMBA FINANCIAL GROUP,+9668001242000,http://www.samba.com,SA,SAU,SAUDI ARABIA
531114,MASTERCARD,CREDIT,TITANIUM,SOCIETE GENERALE DE BANQUE AU LIBAN S.A.L.,1274477777,http://www.sgbl.com.lb,LB,LBN,LEBANON
531121,MASTERCARD,DEBIT,GOLD,YANA BANKING SERVICES COMPANY,,,IQ,IRQ,IRAQ
531131,MASTERCARD,CREDIT,STANDARD,CSCBANK SAL,,,LB,LBN,LEBANON
531132,MASTERCARD,CREDIT,STANDARD,CSCBANK SAL,,,LB,LBN,LEBANON
531134,MASTERCARD,CREDIT,STANDARD,CSCBANK SAL,,,LB,LBN,LEBANON
531135,MASTERCARD,CREDIT,STANDARD,CSCBANK SAL,,,LB,LBN,LEBANON
531136,MASTERCARD,CREDIT,STANDARD,CSCBANK SAL,,,LB,LBN,LEBANON
531139,MASTERCARD,DEBIT,PREPAID,CSCBANK SAL,,,LB,LBN,LEBANON
531143,MASTERCARD,DEBIT,PREPAID,NETWORK INTERNATIONAL LLC,,,EG,EGY,EGYPT
531151,MASTERCARD,DEBIT,PREPAID,CSCBANK SAL,,,LB,LBN,LEBANON
531153,MASTERCARD,DEBIT,PREPAID GOLD PAYROLL,THE SAUDI NATIONAL BANK,,,SA,SAU,SAUDI ARABIA
531156,MASTERCARD,DEBIT,PREPAID,BANQUE DU CAIRE,+20222648410,http://www.bdc.com.eg,EG,EGY,EGYPT
531163,MASTERCARD,DEBIT,PREPAID,NATIONAL BANK OF EGYPT,,http://www.nbe.com.eg,EG,EGY,EGYPT
531183,MASTERCARD,CREDIT,WORLD ELITE,CREDIT LIBANAIS S.A.L.,+9611900111,http://www.creditlibanais.com.lb,LB,LBN,LEBANON
531184,MASTERCARD,CREDIT,STANDARD,CSCBANK SAL,,,LB,LBN,LEBANON
531186,MASTERCARD,CREDIT,STANDARD,CREDIT CARD SERVICES JORDAN,,,JO,JOR,JORDAN
531196,MASTERCARD,DEBIT,PLATINUM,FIRST ABU DHABI BANK PJSC,,https://www.bankfab.com,SA,SAU,SAUDI ARABIA
531248,MASTERCARD,CREDIT,PLATINUM,AREEBA S.A.L,,,LB,LBN,LEBANON
531275,MASTERCARD,CREDIT,WORLD ELITE,DUBAI ISLAMIC BANK PJSC,,,AE,ARE,UNITED ARAB EMIRATES
531279,MASTERCARD,DEBIT,PLATINUM,BLOM BANK SAL,,,LB,LBN,LEBANON
531329,MASTERCARD,DEBIT,STANDARD,GULF BANK K.S.C.,,http://www.gulfbank.com,KW,KWT,KUWAIT
531347,MASTERCARD,CREDIT,TITANIUM,NETWORK INTERNATIONAL LLC,,,EG,EGY,EGYPT
531391,MASTERCARD,DEBIT,PREPAID,DEEM FINANCE L.L.C.,,,AE,ARE,UNITED ARAB EMIRATES
531392,MASTERCARD,CREDIT,WORLD,AREEBA S.A.L,,,LB,LBN,LEBANON
531395,MASTERCARD,DEBIT,PREPAID RELOADABLE,AL-TABADUL FOR ELECTRONIC AND FINANCIAL TECHNOLOGIES,,,IQ,IRQ,IRAQ
531398,MASTERCARD,CREDIT,PLATINUM,DEEM FINANCE L.L.C.,,,AE,ARE,UNITED ARAB EMIRATES
531408,MASTERCARD,DEBIT,PREPAID PLATINUM TRAVEL,INFINIOS FINANCIAL SERVICES B.S.C. CLOSED,,,BH,BHR,BAHRAIN
531415,MASTERCARD,CREDIT,WORLD,AHLI UNITED BANK B.S.C.,+97317710559,http://www.ahliunited.com,BH,BHR,BAHRAIN
531424,MASTERCARD,DEBIT,PREPAID,QATAR NATIONAL BANK AL-AHLI S.A.E,,,EG,EGY,EGYPT
531443,MASTERCARD,DEBIT,PREPAID,BANQUE MISR,+20223912150,http://www.banquemisr.com,EG,EGY,EGYPT
531447,MASTERCARD,DEBIT,PREPAID,ALEXBANK,1 9 0 3 3,http://www.alexbank.com,EG,EGY,EGYPT
531451,MASTERCARD,CREDIT,GOLD,NETWORK INTERNATIONAL LLC,,,AE,ARE,UNITED ARAB EMIRATES
531465,MASTERCARD,CREDIT,WORLD ELITE,NATIONAL BANK OF RAS AL-KHAIMAH (RAKBANK),,,AE,ARE,UNITED ARAB EMIRATES
531470,MASTERCARD,DEBIT,STANDARD,GULF BANK K.S.C.,,http://www.gulfbank.com,KW,KWT,KUWAIT
531471,MASTERCARD,DEBIT,STANDARD,GULF BANK K.S.C.,,http://www.gulfbank.com,KW,KWT,KUWAIT
531483,MASTERCARD,CREDIT,PLATINUM,KUWAIT FINANCE HOUSE K.S.C.,+9651803333,http://www.kfh.com,KW,KWT,KUWAIT
531505,MASTERCARD,CREDIT,PLATINUM,THE SAUDI NATIONAL BANK,,,SA,SAU,SAUDI ARABIA
531574,MASTERCARD,DEBIT,TITANIUM,QATAR NATIONAL BANK AL-AHLI S.A.E,,,EG,EGY,EGYPT
531580,MASTERCARD,CREDIT,CORPORATE,HSBC BANK MIDDLE EAST,+97142241000,http://www.hsbc.ae,AE,ARE,UNITED ARAB EMIRATES
531595,MASTERCARD,CREDIT,STANDARD,MIDDLE EAST PAYMENT SERVICES LIMITED CO.,,,JO,JOR,JORDAN
531611,MASTERCARD,DEBIT,PREPAID PLATINUM TRAVEL,"BURGAN BANK, S.A.K.",+9651804080,http://www.burgan.com,KW,KWT,KUWAIT
531644,MASTERCARD,DEBIT,PLATINUM,GULF BANK K.S.C.,,http://www.gulfbank.com,KW,KWT,KUWAIT
531648,MASTERCARD,DEBIT,TITANIUM,CAIRO AMMAN BANK PLC,,,PS,PSE,"PALESTINIAN TERRITORY, OCCUPIED"
531652,MASTERCARD,DEBIT,PREPAID,BANQUE MISR,,http://www.banquemisr.com,EG,EGY,EGYPT
531653,MASTERCARD,CREDIT,TITANIUM,AREEBA S.A.L,,,LB,LBN,LEBANON
531675,MASTERCARD,CREDIT,WORLD,AHLI BANK Q.S.C.,(974) 4232222,http://www.ahlibank.com.qa,QA,QAT,QATAR
531677,MASTERCARD,CREDIT,PLATINUM,ABU DHABI ISLAMIC BANK,,http://www.adib.ae,EG,EGY,EGYPT
531707,MASTERCARD,DEBIT,PREPAID PLATINUM TRAVEL,ASIAHAWALA FOR NON-BANKING FINANCIAL SERVICES,,,IQ,IRQ,IRAQ
531709,MASTERCARD,DEBIT,PREPAID RELOADABLE,QATAR NATIONAL BANK,+97444622724,http://www.qnb.com.qa,QA,QAT,QATAR
531716,MASTERCARD,CREDIT,CORPORATE,SOCIETE GENERALE DE BANQUE AU LIBAN S.A.L.,1274477777,http://www.sgbl.com.lb,LB,LBN,LEBANON
531727,MASTERCARD,CREDIT,CORPORATE EXECUTIVE,BAHRAIN COMMERCIAL FACILITIES COMPANY BSC,,,BH,BHR,BAHRAIN
531752,MASTERCARD,DEBIT,PLATINUM,NETWORK INTERNATIONAL LLC,,,AE,ARE,UNITED ARAB EMIRATES
531780,MASTERCARD,CREDIT,WORLD FLEX,WIO BANK P.J.S.C,,,AE,ARE,UNITED ARAB EMIRATES
531781,MASTERCARD,DEBIT,PRIVATE LABEL,FINITIONE,,,IL,ISR,ISRAEL
531795,MASTERCARD,DEBIT,,,,,QA,QAT,QATAR
531801,MASTERCARD,DEBIT,STANDARD,QATAR NATIONAL BANK,+97444622724,http://www.qnb.com.qa,QA,QAT,QATAR
531805,MASTERCARD,DEBIT,STANDARD,COMMERCIAL INTERNATIONAL BANK (EGYPT) S.A.E.,971 - 4 - 3589381,http://www.cibeg.com,EG,EGY,EGYPT
531812,MASTERCARD,DEBIT,STANDARD,CSCBANK S.A.L.,961) 1 742 555,http://www.ccm.com.lb,JO,JOR,JORDAN
531862,MASTERCARD,DEBIT,PREPAID PLATINUM TRAVEL,"BURGAN BANK, S.A.K.",+9651804080,http://www.burgan.com,KW,KWT,KUWAIT
531947,MASTERCARD,CREDIT,WORLD ELITE,CAPITAL BANK OF JORDAN,,,JO,JOR,JORDAN
532013,MASTERCARD,DEBIT,PLATINUM,SAMBA FINANCIAL GROUP,+9668001242000,http://www.samba.com,SA,SAU,SAUDI ARABIA
532033,MASTERCARD,DEBIT,WORLD,NETWORK INTERNATIONAL LLC,,,AE,ARE,UNITED ARAB EMIRATES
532034,MASTERCARD,CREDIT,WORLD,QATAR NATIONAL BANK,,http://www.qnb.com.qa,SA,SAU,SAUDI ARABIA
532076,MASTERCARD,DEBIT,STANDARD,MIDDLE EAST PAYMENT SERVICES LIMITED CO.,,,IQ,IRQ,IRAQ
532081,MASTERCARD,DEBIT,PREPAID,YANA BANKING SERVICES COMPANY,,,IQ,IRQ,IRAQ
532100,MASTERCARD,DEBIT,STANDARD,ITHMAAR BANK B.S.C.,,,BH,BHR,BAHRAIN
532116,MASTERCARD,DEBIT,PREPAID WORLD,MIDDLE EAST PAYMENT SERVICES LIMITED CO.,,,JO,JOR,JORDAN
532120,MASTERCARD,DEBIT,PREPAID,KURDISTAN INTERNATIONAL BANK FOR INVESTMENT AND DEVELOPMENT INC. P.S.C,,,IQ,IRQ,IRAQ
532124,MASTERCARD,CREDIT,TITANIUM,NETWORK INTERNATIONAL LLC,,,AE,ARE,UNITED ARAB EMIRATES
532129,MASTERCARD,DEBIT,PLATINUM,FIRST ABU DHABI BANK PJSC,+971600525500,https://www.bankfab.com,AE,ARE,UNITED ARAB EMIRATES
532133,MASTERCARD,CREDIT,,,,,OM,OMN,OMAN
532144,MASTERCARD,DEBIT,STANDARD,NETWORK INTERNATIONAL PAYMENT SERVICES,,,EG,EGY,EGYPT
532157,MASTERCARD,CREDIT,PLATINUM,NETWORK INTERNATIONAL PAYMENT SERVICES,,,EG,EGY,EGYPT
532158,MASTERCARD,DEBIT,PREPAID RELOADABLE,NETWORK INTERNATIONAL LLC,,,AE,ARE,UNITED ARAB EMIRATES
532163,MASTERCARD,CREDIT,PLATINUM,YANA BANKING SERVICES COMPANY,,,IQ,IRQ,IRAQ
532166,MASTERCARD,CREDIT,,NATIONAL COMMERCIAL BANK,96626464060,,SA,SAU,SAUDI ARABIA
532181,MASTERCARD,CREDIT,PLATINUM,FIRST ABU DHABI BANK PJSC,+971600525500,https://www.bankfab.com,AE,ARE,UNITED ARAB EMIRATES
532199,MASTERCARD,DEBIT,PREPAID PLATINUM TRAVEL,WARBA BANK K.S.C,,,KW,KWT,KUWAIT
532202,MASTERCARD,DEBIT,PREPAID,"IRAQ ELECTRONIC GATE FOR FINANCIAL SERVICES CO, LTD.",,,IQ,IRQ,IRAQ
532235,MASTERCARD,CREDIT,PLATINUM,ARAB NATIONAL BANK,,,SA,SAU,SAUDI ARABIA
532280,MASTERCARD,DEBIT,WORLD ELITE,NATIONAL BANK OF EGYPT,,http://www.nbe.com.eg,EG,EGY,EGYPT
532302,MASTERCARD,DEBIT,PREPAID RELOADABLE,DOHA BANK Q.S.C,,,QA,QAT,QATAR
532311,MASTERCARD,DEBIT,WORLD ELITE,NATIONAL BANK OF BAHRAIN,,,BH,BHR,BAHRAIN
532314,MASTERCARD,CREDIT,,,,,SY,SYR,SYRIAN ARAB REPUBLIC
532316,MASTERCARD,CREDIT,,,,,SY,SYR,SYRIAN ARAB REPUBLIC
532335,MASTERCARD,DEBIT,PREPAID,"BURGAN BANK, S.A.K.",+9651804080,http://www.burgan.com,KW,KWT,KUWAIT
532337,MASTERCARD,DEBIT,PREPAID,"BURGAN BANK, S.A.K.",+9651804080,http://www.burgan.com,KW,KWT,KUWAIT
532339,MASTERCARD,DEBIT,PREPAID,"BURGAN BANK, S.A.K.",+9651804080,http://www.burgan.com,KW,KWT,KUWAIT
532341,MASTERCARD,DEBIT,PREPAID,"BURGAN BANK, S.A.K.",+9651804080,http://www.burgan.com,KW,KWT,KUWAIT
532425,MASTERCARD,DEBIT,PREPAID,SHARJAH ISLAMIC BANK PJSC,+97165999999,http://www.sib.ae,AE,ARE,UNITED ARAB EMIRATES
532437,MASTERCARD,CREDIT,BUSINESS,QATAR NATIONAL BANK AL-AHLI S.A.E,,,EG,EGY,EGYPT
532439,MASTERCARD,CREDIT,STANDARD,"IRAQ ELECTRONIC GATE FOR FINANCIAL SERVICES CO, LTD.",,,IQ,IRQ,IRAQ
532446,MASTERCARD,CREDIT,WORLD,THE SAUDI NATIONAL BANK,,,SA,SAU,SAUDI ARABIA
532448,MASTERCARD,CREDIT,WORLD,THE SAUDI NATIONAL BANK,,,SA,SAU,SAUDI ARABIA
532449,MASTERCARD,CREDIT,STANDARD,EMIRATES NATIONAL BANK OF DUBAI S.A.E,,,EG,EGY,EGYPT
532465,MASTERCARD,DEBIT,PREPAID,ARAB FINANCIAL SERVICES COMPANY B.S.C. (C),,,BH,BHR,BAHRAIN
532478,MASTERCARD,CREDIT,STANDARD,AHLI BANK OF KUWAIT,,,EG,EGY,EGYPT
532493,MASTERCARD,DEBIT,PREPAID PLATINUM TRAVEL,"BURGAN BANK, S.A.K.",+9651804080,http://www.burgan.com,KW,KWT,KUWAIT
532536,MASTERCARD,DEBIT,PLATINUM,NYMCARD PAYMENT SERVICES LLC,,,AE,ARE,UNITED ARAB EMIRATES
532551,MASTERCARD,DEBIT,STANDARD,AHLI BANK OF KUWAIT,,,EG,EGY,EGYPT
532598,MASTERCARD,CREDIT,WORLD,NETWORK INTERNATIONAL LLC,,,AE,ARE,UNITED ARAB EMIRATES
532610,MASTERCARD,CREDIT,STANDARD,ISRACARD LTD.,,,IL,ISR,ISRAEL
532611,MASTERCARD,CREDIT,BUSINESS,ISRACARD LTD.,,,IL,ISR,ISRAEL
532612,MASTERCARD,CREDIT,CORPORATE,ISRACARD LTD.,,,IL,ISR,ISRAEL
532613,MASTERCARD,CREDIT,MIXED PRODUCT,ISRACARD LTD.,,,IL,ISR,ISRAEL
532614,MASTERCARD,DEBIT,STANDARD,ISRACARD LTD.,,,IL,ISR,ISRAEL
532615,MASTERCARD,DEBIT,STANDARD,ISRACARD LTD.,,,IL,ISR,ISRAEL
532616,MASTERCARD,CREDIT,MIXED PRODUCT,ISRACARD LTD.,,,IL,ISR,ISRAEL
532617,MASTERCARD,CREDIT,MIXED PRODUCT,ISRACARD LTD.,,,IL,ISR,ISRAEL
532618,MASTERCARD,CREDIT,WORLD,ISRACARD LTD.,,,IL,ISR,ISRAEL
532619,MASTERCARD,CREDIT,STANDARD,ISRACARD LTD.,,,IL,ISR,ISRAEL
532660,MASTERCARD,DEBIT,PLATINUM,ABU DHABI COMMERCIAL BANK,+97126962222,http://www.adcb.com,AE,ARE,UNITED ARAB EMIRATES
532664,MASTERCARD,DEBIT,PLATINUM,AREEBA S.A.L,,,EG,EGY,EGYPT
532665,MASTERCARD,DEBIT,PLATINUM,ABU DHABI COMMERCIAL BANK,+97126962222,http://www.adcb.com,AE,ARE,UNITED ARAB EMIRATES
532667,MASTERCARD,DEBIT,PLATINUM,DUBAI ISLAMIC BANK PJSC,,,AE,ARE,UNITED ARAB EMIRATES
532671,MASTERCARD,DEBIT,PLATINUM,FIRST ABU DHABI BANK PJSC,+971600525500,https://www.bankfab.com,AE,ARE,UNITED ARAB EMIRATES
532672,MASTERCARD,DEBIT,PLATINUM,COMMERCIAL BANK OF KUWAIT S.A.K.,,,KW,KWT,KUWAIT
532674,MASTERCARD,DEBIT,PLATINUM,KUWAIT FINANCE HOUSE K.S.C.,+9651803333,http://www.kfh.com,KW,KWT,KUWAIT
532675,MASTERCARD,DEBIT,BUSINESS,GULF BANK K.S.C.,,http://www.gulfbank.com,KW,KWT,KUWAIT
532677,MASTERCARD,DEBIT,PLATINUM,AHLI UNITED BANK B.S.C.,+97317710559,http://www.ahliunited.com,BH,BHR,BAHRAIN
532686,MASTERCARD,DEBIT,TITANIUM,JORDAN KUWAIT BANK,,http://www.jordan-kuwait-bank.com,JO,JOR,JORDAN
532688,MASTERCARD,DEBIT,PLATINUM,ABU DHABI COMMERCIAL BANK,+97126962222,http://www.adcb.com,AE,ARE,UNITED ARAB EMIRATES
532689,MASTERCARD,DEBIT,PLATINUM,ABU DHABI COMMERCIAL BANK,+97126962222,http://www.adcb.com,AE,ARE,UNITED ARAB EMIRATES
532703,MASTERCARD,DEBIT,PREPAID PLATINUM TRAVEL,ITHMAAR BANK B.S.C.,,,BH,BHR,BAHRAIN
532704,MASTERCARD,DEBIT,WORLD,DUKHAN BANK Q.P.S.C.,,,QA,QAT,QATAR
532712,MASTERCARD,DEBIT,PLATINUM,NETWORK INTERNATIONAL LLC,,,AE,ARE,UNITED ARAB EMIRATES
532714,MASTERCARD,DEBIT,PLATINUM,ARAB FINANCIAL SERVICES COMPANY B.S.C. (C),,,BH,BHR,BAHRAIN
532715,MASTERCARD,DEBIT,WORLD,QATAR NATIONAL BANK,+97444622724,http://www.qnb.com.qa,QA,QAT,QATAR
532716,MASTERCARD,DEBIT,TITANIUM,QATAR NATIONAL BANK,+97444622724,http://www.qnb.com.qa,QA,QAT,QATAR
532719,MASTERCARD,DEBIT,STANDARD,COMMERCIAL BANK OF DUBAI,+97126268400,http://www.cbd.ae,AE,ARE,UNITED ARAB EMIRATES
532720,MASTERCARD,DEBIT,PREMIUM,ALINMA BANK,,,SA,SAU,SAUDI ARABIA
532723,MASTERCARD,DEBIT,PLATINUM,SHARJAH ISLAMIC BANK PJSC,+97165999999,http://www.sib.ae,AE,ARE,UNITED ARAB EMIRATES
532730,MASTERCARD,DEBIT,PLATINUM,COMMERCIAL BANK INTERNATIONAL,+97142275265,http://www.cbiuae.com,AE,ARE,UNITED ARAB EMIRATES
532733,MASTERCARD,DEBIT,PREPAID PLATINUM TRAVEL,AREEBA S.A.L,,,LB,LBN,LEBANON
532735,MASTERCARD,DEBIT,PLATINUM,STANDARD CHARTERED BANK,+971600522288,https://www.sc.com,AE,ARE,UNITED ARAB EMIRATES
532749,MASTERCARD,DEBIT,PLATINUM,WARBA BANK K.S.C,,,KW,KWT,KUWAIT
532768,MASTERCARD,CREDIT,GOLD,WORLD ISLAMIC BANK FOR INVESTMENT AND FINANCING,,,IQ,IRQ,IRAQ
532786,MASTERCARD,CREDIT,PLATINUM,EMIRATES NBD,+971800456,http://www.emiratesnbd.com,AE,ARE,UNITED ARAB EMIRATES
532788,MASTERCARD,DEBIT,BUSINESS,SAMBA FINANCIAL GROUP,+9668001242000,http://www.samba.com,SA,SAU,SAUDI ARABIA
532806,MASTERCARD,DEBIT,PREPAID BUSINESS,FINANCE HOUSE L.L.C.,,,AE,ARE,UNITED ARAB EMIRATES
532818,MASTERCARD,CREDIT,STANDARD,FIRST ABU DHABI BANK PJSC,+971600525500,https://www.bankfab.com,AE,ARE,UNITED ARAB EMIRATES
532934,MASTERCARD,CREDIT,PLATINUM,MAWARID FINANCE PJSC,,,AE,ARE,UNITED ARAB EMIRATES
532970,MASTERCARD,CREDIT,CORPORATE,"CITIBANK, N.A.",,https://www.citi.com,EG,EGY,EGYPT
532993,MASTERCARD,DEBIT,UNEMBOSSED,WARBA BANK K.S.C,,,KW,KWT,KUWAIT
533002,MASTERCARD,DEBIT,PREPAID,CSCBANK SAL,,,IQ,IRQ,IRAQ
533010,MASTERCARD,DEBIT,STANDARD,QATAR NATIONAL BANK,,http://www.qnb.com.qa,SY,SYR,SYRIAN ARAB REPUBLIC
533012,MASTERCARD,CREDIT,WORLD ELITE,NATIONAL BANK OF RAS AL-KHAIMAH (RAKBANK),,,AE,ARE,UNITED ARAB EMIRATES
533063,MASTERCARD,DEBIT,PREPAID,AL-TABADUL FOR ELECTRONIC AND FINANCIAL TECHNOLOGIES,,,IQ,IRQ,IRAQ
533103,MASTERCARD,DEBIT,WORLD,QATAR ISLAMIC BANK,,,QA,QAT,QATAR
533106,MASTERCARD,DEBIT,WORLD,QATAR NATIONAL BANK,+97444622724,http://www.qnb.com.qa,QA,QAT,QATAR
533113,MASTERCARD,DEBIT,WORLD,FIRST ABU DHABI BANK PJSC,+971600525500,https://www.bankfab.com,AE,ARE,UNITED ARAB EMIRATES
533117,MASTERCARD,DEBIT,WORLD,NATIONAL BANK OF OMAN (SAOG),,,OM,OMN,OMAN
533123,MASTERCARD,DEBIT,WORLD,COMMERCIAL BANK OF QATAR Q.S.C,,,QA,QAT,QATAR
533168,MASTERCARD,CREDIT,WORLD,"CITIBANK, N.A.",,https://www.citi.com,AE,ARE,UNITED ARAB EMIRATES
533172,MASTERCARD,CREDIT,CORPORATE,ALAWWAL BANK,,,SA,SAU,SAUDI ARABIA
533175,MASTERCARD,CREDIT,CORPORATE,ARAB FINANCIAL SERVICES COMPANY B.S.C. (C),,,JO,JOR,JORDAN
533176,MASTERCARD,CREDIT,CORPORATE,ARAB FINANCIAL SERVICES COMPANY B.S.C. (C),,,AE,ARE,UNITED ARAB EMIRATES
533177,MASTERCARD,CREDIT,CORPORATE,ARAB FINANCIAL SERVICES COMPANY B.S.C. (C),,,QA,QAT,QATAR
533191,MASTERCARD,DEBIT,PREPAID,FIRST ABU DHABI BANK PJSC,+971600525500,https://www.bankfab.com,AE,ARE,UNITED ARAB EMIRATES
533215,MASTERCARD,CREDIT,PLATINUM,NATIONAL BANK OF KUWAIT (S.A.K.),,,KW,KWT,KUWAIT
533222,MASTERCARD,CREDIT,WORLD BUSINESS,AREEBA S.A.L,,,LB,LBN,LEBANON
533311,MASTERCARD,DEBIT,PREPAID WORLD,JORDANIAN ELAF FOR INTEGRATED SOLUTIONS,,,JO,JOR,JORDAN
533316,MASTERCARD,CREDIT,,,,,SY,SYR,SYRIAN ARAB REPUBLIC
533320,MASTERCARD,CREDIT,STANDARD,JORDAN COMMERCIAL BANK,+96265203000,http://www.jcbank.com.jo,JO,JOR,JORDAN
533408,MASTERCARD,CREDIT,PLATINUM,"BURGAN BANK, S.A.K.",+9651804080,http://www.burgan.com,KW,KWT,KUWAIT
533410,MASTERCARD,DEBIT,PREPAID,CAPITAL BANK OF JORDAN,,,IQ,IRQ,IRAQ
533421,MASTERCARD,DEBIT,WORLD,AL BARAKA ISLAMIC BANK B.S.C. (CLOSED),,,BH,BHR,BAHRAIN
533425,MASTERCARD,DEBIT,PREPAID,AREEBA S.A.L,,,IQ,IRQ,IRAQ
533513,MASTERCARD,DEBIT,,,,,EG,EGY,EGYPT
533518,MASTERCARD,CREDIT,TITANIUM,COMMERCIAL INTERNATIONAL BANK (EGYPT) S.A.E.,971 - 4 - 3589381,http://www.cibeg.com,EG,EGY,EGYPT
533528,MASTERCARD,DEBIT,,,,,EG,EGY,EGYPT
533537,MASTERCARD,DEBIT,PREPAID,ARAB AFRICAN INTERNATIONAL BANK,+20224886679,http://www.aaib.com,EG,EGY,EGYPT
533539,MASTERCARD,DEBIT,PREPAID,SHARJAH ISLAMIC BANK PJSC,+97165999999,http://www.sib.ae,AE,ARE,UNITED ARAB EMIRATES
533574,MASTERCARD,DEBIT,PREPAID,DUBAI ISLAMIC BANK PJSC,,,AE,ARE,UNITED ARAB EMIRATES
533584,MASTERCARD,DEBIT,PREPAID,COMMERCIAL INTERNATIONAL BANK (EGYPT) S.A.E.,971 - 4 - 3589381,http://www.cibeg.com,EG,EGY,EGYPT
533605,MASTERCARD,DEBIT,PREPAID,NATIONAL BANK OF RAS AL-KHAIMAH (RAKBANK),,,AE,ARE,UNITED ARAB EMIRATES
533607,MASTERCARD,DEBIT,PREPAID PLATINUM TRAVEL,NATIONAL BANK OF KUWAIT (S.A.K.),,,KW,KWT,KUWAIT
533647,MASTERCARD,DEBIT,PREPAID,MIDDLE EAST PAYMENT SERVICES LIMITED CO.,,,JO,JOR,JORDAN
533698,MASTERCARD,CREDIT,TITANIUM,DEEM FINANCE L.L.C.,,,AE,ARE,UNITED ARAB EMIRATES
533741,MASTERCARD,CREDIT,WORLD,CSCBANK SAL,,,IQ,IRQ,IRAQ
533745,MASTERCARD,CREDIT,TITANIUM,BANK MUSCAT (SAOG),,,OM,OMN,OMAN
533746,MASTERCARD,CREDIT,PLATINUM,BOUBYAN BANK,,,KW,KWT,KUWAIT
533748,MASTERCARD,CREDIT,TITANIUM,ARAB FINANCIAL SERVICES COMPANY B.S.C. (C),,,EG,EGY,EGYPT
533750,MASTERCARD,CREDIT,TITANIUM,CSCBANK SAL,,,LB,LBN,LEBANON
533753,MASTERCARD,CREDIT,PLATINUM,BANK LEUMI LE-ISRAEL BM,,,IL,ISR,ISRAEL
533757,MASTERCARD,CREDIT,TITANIUM,COMMERCIAL BANK OF KUWAIT S.A.K.,,,KW,KWT,KUWAIT
533758,MASTERCARD,CREDIT,TITANIUM,CSCBANK SAL,,,LB,LBN,LEBANON
533761,MASTERCARD,CREDIT,TITANIUM,CSCBANK SAL,,,LB,LBN,LEBANON
533767,MASTERCARD,CREDIT,TITANIUM,NATIONAL BANK OF RAS AL-KHAIMAH (RAKBANK),,,AE,ARE,UNITED ARAB EMIRATES
533769,MASTERCARD,CREDIT,TITANIUM,GULF BANK K.S.C.,,http://www.gulfbank.com,KW,KWT,KUWAIT
533770,MASTERCARD,DEBIT,PREPAID BUSINESS,GULF BANK K.S.C.,,http://www.gulfbank.com,KW,KWT,KUWAIT
533771,MASTERCARD,CREDIT,TITANIUM,AHLI UNITED BANK B.S.C.,+97317710559,http://www.ahliunited.com,BH,BHR,BAHRAIN
533776,MASTERCARD,CREDIT,TITANIUM,BANK DHOFAR SAOG,,,OM,OMN,OMAN
533777,MASTERCARD,CREDIT,TITANIUM,ABU DHABI ISLAMIC BANK,,http://www.adib.ae,EG,EGY,EGYPT
533778,MASTERCARD,CREDIT,TITANIUM,KUWAIT INTERNATIONAL BANK,+9651866866,http://www.kib.com.kw,KW,KWT,KUWAIT
533781,MASTERCARD,CREDIT,TITANIUM,"BANK OF BEIRUT, SAL",,,LB,LBN,LEBANON
533782,MASTERCARD,CREDIT,TITANIUM,"BANK OF BEIRUT, SAL",,,LB,LBN,LEBANON
533783,MASTERCARD,CREDIT,TITANIUM,"BANK OF BEIRUT, SAL",,,LB,LBN,LEBANON
533784,MASTERCARD,CREDIT,TITANIUM,NETWORK INTERNATIONAL LLC,,,AE,ARE,UNITED ARAB EMIRATES
533788,MASTERCARD,CREDIT,TITANIUM,GULF BANK K.S.C.,,http://www.gulfbank.com,KW,KWT,KUWAIT
533789,MASTERCARD,DEBIT,TITANIUM,FIRST ABU DHABI BANK PJSC,+20225204375,https://www.bankfab.com,EG,EGY,EGYPT
533791,MASTERCARD,CREDIT,TITANIUM,NATIONAL BANK OF RAS AL-KHAIMAH (RAKBANK),,,AE,ARE,UNITED ARAB EMIRATES
533795,MASTERCARD,DEBIT,PREPAID GOLD PAYROLL,AL-TABADUL FOR ELECTRONIC AND FINANCIAL TECHNOLOGIES,,,IQ,IRQ,IRAQ
533812,MASTERCARD,DEBIT,PREPAID,NETWORK INTERNATIONAL LLC,,,AE,ARE,UNITED ARAB EMIRATES
533813,MASTERCARD,DEBIT,PREPAID,NATIONAL BANK OF EGYPT,,http://www.nbe.com.eg,EG,EGY,EGYPT
533819,MASTERCARD,DEBIT,PREPAID,COMMERCIAL BANK INTERNATIONAL,+97142275265,http://www.cbiuae.com,AE,ARE,UNITED ARAB EMIRATES
533833,MASTERCARD,CREDIT,BUSINESS,ISRAEL CREDIT CARDS LTD.,,,IL,ISR,ISRAEL
533841,MASTERCARD,DEBIT,PREPAID,"EGYPTIAN BANKS CO. FOR TECHNOLOGICAL ADVANCEMENT, S.A.E.",,,EG,EGY,EGYPT
533861,MASTERCARD,DEBIT,PREPAID,UAE EXCHANGE CENTRE LLC,+97142617575,http://www.uaeexchange.com,AE,ARE,UNITED ARAB EMIRATES
533940,MASTERCARD,CREDIT,WORLD,RIYAD BANK,,http://www.riyadbank.com,SA,SAU,SAUDI ARABIA
533960,MASTERCARD,CREDIT,STANDARD,ARAB FINANCIAL SERVICES COMPANY B.S.C. (C),,,BH,BHR,BAHRAIN
533964,MASTERCARD,CREDIT,WORLD ELITE,THE SAUDI NATIONAL BANK,,,SA,SAU,SAUDI ARABIA
533988,MASTERCARD,DEBIT,PREPAID,JORDAN AHLI BANK,+96265007777,http://www.ahli.com,JO,JOR,JORDAN
534138,MASTERCARD,DEBIT,PREPAID,"EGYPTIAN BANKS CO. FOR TECHNOLOGICAL ADVANCEMENT, S.A.E.",,,EG,EGY,EGYPT
534143,MASTERCARD,DEBIT,PREPAID RELOADABLE,ALQASEH FOR FINANCIAL SERVICES AND ELECTRONIC PAYMENT,,,IQ,IRQ,IRAQ
534157,MASTERCARD,CREDIT,,,,,SY,SYR,SYRIAN ARAB REPUBLIC
534159,MASTERCARD,CREDIT,PLATINUM,ABU DHABI COMMERCIAL BANK,+97126962222,http://www.adcb.com,AE,ARE,UNITED ARAB EMIRATES
534168,MASTERCARD,CREDIT,CORPORATE WORLD,BAHRAIN ISLAMIC BANK B.S.C,,,BH,BHR,BAHRAIN
534186,MASTERCARD,CREDIT,GOLD,NATIONAL COMMERCIAL BANK,,,SA,SAU,SAUDI ARABIA
534192,MASTERCARD,CREDIT,GOLD,"SUEZ CANAL BANK, S.A.E.",,,EG,EGY,EGYPT
534227,MASTERCARD,DEBIT,STANDARD,BANK NIZWA SAOG,,,OM,OMN,OMAN
534236,MASTERCARD,DEBIT,PREPAID RELOADABLE,"ISRAEL POSTAL BANK COMPANY, LTD.",,,IL,ISR,ISRAEL
534257,MASTERCARD,CREDIT,PLATINUM,FINANCE HOUSE L.L.C.,,,AE,ARE,UNITED ARAB EMIRATES
534295,MASTERCARD,CREDIT,PLATINUM,SAMBA FINANCIAL GROUP,+9718001242000,http://www.samba.com,AE,ARE,UNITED ARAB EMIRATES
534298,MASTERCARD,CREDIT,,,,,SY,SYR,SYRIAN ARAB REPUBLIC
534318,MASTERCARD,DEBIT,PREPAID,AM BANK S.A.L.,,,LB,LBN,LEBANON
534329,MASTERCARD,CREDIT,PLATINUM,NATIONAL BANK OF RAS AL-KHAIMAH (RAKBANK),,,AE,ARE,UNITED ARAB EMIRATES
534349,MASTERCARD,DEBIT,PREPAID,DUBAI ISLAMIC BANK PJSC,,,AE,ARE,UNITED ARAB EMIRATES
534398,MASTERCARD,DEBIT,STANDARD,AREEBA S.A.L,,,LB,LBN,LEBANON
534412,MASTERCARD,DEBIT,STANDARD,ELAF ISLAMIC BANK,,,IQ,IRQ,IRAQ
534416,MASTERCARD,DEBIT,STANDARD,YANA BANKING SERVICES COMPANY,,,IQ,IRQ,IRAQ
534417,MASTERCARD,DEBIT,STANDARD,BANK NIZWA SAOG,,,OM,OMN,OMAN
534418,MASTERCARD,DEBIT,STANDARD,CAIRO AMMAN BANK PLC,,,JO,JOR,JORDAN
534419,MASTERCARD,DEBIT,STANDARD,SOCIETE ARABE INTERNATIONALE DE BANQUE,,,EG,EGY,EGYPT
534421,MASTERCARD,DEBIT,STANDARD,AREEBA S.A.L,,,LB,LBN,LEBANON
534427,MASTERCARD,DEBIT,PREPAID,NATIONAL BANK OF RAS AL-KHAIMAH (RAKBANK),,,AE,ARE,UNITED ARAB EMIRATES
534428,MASTERCARD,DEBIT,PREPAID,COMMERCIAL INTERNATIONAL BANK (EGYPT) S.A.E.,971 - 4 - 3589381,http://www.cibeg.com,EG,EGY,EGYPT
534453,MASTERCARD,DEBIT,PLATINUM,"SUEZ CANAL BANK, S.A.E.",,,EG,EGY,EGYPT
534459,MASTERCARD,DEBIT,STANDARD,"IRAQ ELECTRONIC GATE FOR FINANCIAL SERVICES CO, LTD.",,,IQ,IRQ,IRAQ
534463,MASTERCARD,CREDIT,STANDARD,ARAB FINANCIAL SERVICES COMPANY B.S.C. (C),,,IQ,IRQ,IRAQ
534470,MASTERCARD,DEBIT,PREPAID,ARAB FINANCIAL SERVICES COMPANY B.S.C. (C),,,IQ,IRQ,IRAQ
534480,MASTERCARD,DEBIT,PREPAID WORLD,ARAB NATIONAL BANK,,,SA,SAU,SAUDI ARABIA
534524,MASTERCARD,CREDIT,TITANIUM,UNITED COMPANY FOR FINANCIAL SERVICES,,,SA,SAU,SAUDI ARABIA
534556,MASTERCARD,CREDIT,WORLD ELITE,CAPITAL BANK OF JORDAN,,,JO,JOR,JORDAN
534576,MASTERCARD,DEBIT,PREPAID PLATINUM TRAVEL,TULAN BEST MARKETING COMPANY,,,JO,JOR,JORDAN
534583,MASTERCARD,CREDIT,PLATINUM,ARAB FINANCIAL SERVICES COMPANY B.S.C. (C),,,IQ,IRQ,IRAQ
534589,MASTERCARD,DEBIT,PREPAID PLATINUM TRAVEL,TULAN BEST MARKETING COMPANY,,,JO,JOR,JORDAN
534590,MASTERCARD,CREDIT,STANDARD,MIDDLE EAST PAYMENT SERVICES LIMITED CO.,,,JO,JOR,JORDAN
534626,MASTERCARD,CREDIT,PLATINUM,NETWORK INTERNATIONAL LLC,,,AE,ARE,UNITED ARAB EMIRATES
534630,MASTERCARD,CREDIT,GOLD,YANA BANKING SERVICES COMPANY,,,IQ,IRQ,IRAQ
534634,MASTERCARD,CREDIT,WORLD,AL BARAKA ISLAMIC BANK B.S.C. (CLOSED),,,BH,BHR,BAHRAIN
534673,MASTERCARD,CREDIT,STANDARD,CREDIT LIBANAIS S.A.L.,+9611900111,http://www.creditlibanais.com.lb,LB,LBN,LEBANON
534675,MASTERCARD,CREDIT,TITANIUM,NETWORK INTERNATIONAL LLC,,,AE,ARE,UNITED ARAB EMIRATES
534686,MASTERCARD,CREDIT,CORPORATE,"SUEZ CANAL BANK, S.A.E.",,,EG,EGY,EGYPT
534725,MASTERCARD,CREDIT,PLATINUM,BANK LEUMI LE-ISRAEL BM,,,IL,ISR,ISRAEL
534744,MASTERCARD,DEBIT,PREPAID,SOCIETE ARABE INTERNATIONALE DE BANQUE,,,EG,EGY,EGYPT
534746,MASTERCARD,CREDIT,TITANIUM,FIRST ABU DHABI BANK PJSC,+20225204375,https://www.bankfab.com,EG,EGY,EGYPT
534787,MASTERCARD,DEBIT,WORLD,BARWA BANK,+97444088888,http://www.barwa.com.qa,QA,QAT,QATAR
534797,MASTERCARD,CREDIT,PLATINUM,THE SAUDI NATIONAL BANK,,,SA,SAU,SAUDI ARABIA
534837,MASTERCARD,DEBIT,STANDARD,JORDAN AHLI BANK,+96265007777,http://www.ahli.com,JO,JOR,JORDAN
534977,MASTERCARD,DEBIT,PREPAID,"IRAQ ELECTRONIC GATE FOR FINANCIAL SERVICES CO, LTD.",,,IQ,IRQ,IRAQ
535021,MASTERCARD,DEBIT,PLATINUM,NATIONAL BANK OF RAS AL-KHAIMAH (RAKBANK),,,AE,ARE,UNITED ARAB EMIRATES
535039,MASTERCARD,DEBIT,STANDARD,CSCBANK SAL,,,IQ,IRQ,IRAQ
535090,MASTERCARD,CREDIT,PLATINUM,CAPITAL BANK OF JORDAN,,,JO,JOR,JORDAN
535107,MASTERCARD,CREDIT,WORLD,FIRST ABU DHABI BANK PJSC,+971600525500,https://www.bankfab.com,AE,ARE,UNITED ARAB EMIRATES
535110,MASTERCARD,DEBIT,STANDARD,"MAX IT FINANCE, LTD.",,,IL,ISR,ISRAEL
535311,MASTERCARD,CREDIT,PLATINUM,THE SAUDI NATIONAL BANK,,,SA,SAU,SAUDI ARABIA
535529,MASTERCARD,DEBIT,STANDARD,ISRAEL CREDIT CARDS LTD.,,,IL,ISR,ISRAEL
535530,MASTERCARD,DEBIT,STANDARD,ISRAEL DISCOUNT BANK LTD.,,,IL,ISR,ISRAEL
535738,MASTERCARD,DEBIT,STANDARD,BANK HAPOALIM B.M.,,,IL,ISR,ISRAEL
535757,MASTERCARD,DEBIT,STANDARD,ISRACARD LTD.,,,IL,ISR,ISRAEL
535821,MASTERCARD,CREDIT,GOLD,CREDIT LIBANAIS S.A.L.,+9611900111,http://www.creditlibanais.com.lb,LB,LBN,LEBANON
535825,MASTERCARD,DEBIT,TITANIUM,THE SAUDI NATIONAL BANK,,,SA,SAU,SAUDI ARABIA
535849,MASTERCARD,DEBIT,STANDARD,COMMERCIAL BANK OF QATAR Q.S.C,,,QA,QAT,QATAR
535868,MASTERCARD,DEBIT,PREMIUM,COMMERCIAL BANK OF QATAR Q.S.C,,,QA,QAT,QATAR
535922,MASTERCARD,DEBIT,PREPAID,"IRAQ ELECTRONIC GATE FOR FINANCIAL SERVICES CO, LTD.",,,IQ,IRQ,IRAQ
535945,MASTERCARD,DEBIT,PLATINUM,COMMERCIAL INTERNATIONAL BANK (EGYPT) S.A.E.,971 - 4 - 3589381,http://www.cibeg.com,EG,EGY,EGYPT
535951,MASTERCARD,CREDIT,,,,,SY,SYR,SYRIAN ARAB REPUBLIC
535952,MASTERCARD,DEBIT,STANDARD,CSCBANK SAL,,,LB,LBN,LEBANON
535954,MASTERCARD,DEBIT,STANDARD,ABU DHABI ISLAMIC BANK,,http://www.adib.ae,EG,EGY,EGYPT
535966,MASTERCARD,DEBIT,STANDARD,GULF BANK K.S.C.,,http://www.gulfbank.com,KW,KWT,KUWAIT
535967,MASTERCARD,DEBIT,STANDARD,BANQUE LIBANO - FRANCAISE S.A.L.,,,LB,LBN,LEBANON
535979,MASTERCARD,CREDIT,CORPORATE,HSBC BANK MIDDLE EAST,+97142241000,http://www.hsbc.ae,AE,ARE,UNITED ARAB EMIRATES
535981,MASTERCARD,DEBIT,PLATINUM,NATIONAL BANK OF OMAN (SAOG),,,OM,OMN,OMAN
535987,MASTERCARD,DEBIT,WORLD ELITE,FIRST ABU DHABI BANK PJSC,+971600525500,https://www.bankfab.com,AE,ARE,UNITED ARAB EMIRATES
535989,MASTERCARD,DEBIT,WORLD,RIYAD BANK,,http://www.riyadbank.com,SA,SAU,SAUDI ARABIA
535996,MASTERCARD,DEBIT,WORLD,FIRST ABU DHABI BANK PJSC,+971600525500,https://www.bankfab.com,AE,ARE,UNITED ARAB EMIRATES
536023,MASTERCARD,DEBIT,WORLD,RIYAD BANK,,http://www.riyadbank.com,SA,SAU,SAUDI ARABIA
536026,MASTERCARD,DEBIT,,BANK NIZWA SAOG,,,OM,OMN,OMAN
536028,MASTERCARD,DEBIT,TITANIUM,ALIZZ ISLAMIC BANK SAOG,,,OM,OMN,OMAN
536033,MASTERCARD,DEBIT,PLATINUM,NATIONAL BANK OF OMAN (SAOG),,,OM,OMN,OMAN
536044,MASTERCARD,DEBIT,PREPAID RELOADABLE,QATAR ISLAMIC BANK,,,QA,QAT,QATAR
536047,MASTERCARD,CREDIT,WORLD,"BURGAN BANK, S.A.K.",+9651804080,http://www.burgan.com,KW,KWT,KUWAIT
536084,MASTERCARD,DEBIT,PREPAID PLATINUM TRAVEL,INFINIOS FINANCIAL SERVICES B.S.C. CLOSED,,,BH,BHR,BAHRAIN
536103,MASTERCARD,DEBIT,PREPAID,MASTERCARD - PROCESSING MEA,,,AE,ARE,UNITED ARAB EMIRATES
536122,MASTERCARD,DEBIT,PREPAID PLATINUM TRAVEL,JORDAN KUWAIT BANK,,http://www.jordan-kuwait-bank.com,JO,JOR,JORDAN
536152,MASTERCARD,CREDIT,BUSINESS,BANK LEUMI LE-ISRAEL BM,,,IL,ISR,ISRAEL
536162,MASTERCARD,DEBIT,STANDARD,CAIRO AMMAN BANK PLC,,,PS,PSE,"PALESTINIAN TERRITORY, OCCUPIED"
536195,MASTERCARD,DEBIT,WORLD,ABU DHABI ISLAMIC BANK,,http://www.adib.ae,EG,EGY,EGYPT
536214,MASTERCARD,CREDIT,BUSINESS,NYMCARD PAYMENT SERVICES LLC,,,AE,ARE,UNITED ARAB EMIRATES
536237,MASTERCARD,DEBIT,PREPAID,JORDANIAN ELAF FOR INTEGRATED SOLUTIONS,,,JO,JOR,JORDAN
536253,MASTERCARD,CREDIT,WORLD BUSINESS,JORDAN AHLI BANK,+96265007777,http://www.ahli.com,JO,JOR,JORDAN
536259,MASTERCARD,DEBIT,PREPAID BUSINESS,FINANCE HOUSE L.L.C.,,,AE,ARE,UNITED ARAB EMIRATES
536272,MASTERCARD,CREDIT,BUSINESS,NATIONAL BANK OF RAS AL-KHAIMAH (RAKBANK),,,AE,ARE,UNITED ARAB EMIRATES
536282,MASTERCARD,CREDIT,WORLD ELITE,ARAB BANK PLC,+97022953333,http://www.arabbank.jo,PS,PSE,"PALESTINIAN TERRITORY, OCCUPIED"
536290,MASTERCARD,CREDIT,WORLD,CAIRO AMMAN BANK PLC,,,JO,JOR,JORDAN
536292,MASTERCARD,CREDIT,WORLD,INVESTBANK PLC,,,JO,JOR,JORDAN
536295,MASTERCARD,CREDIT,WORLD ELITE,ABU DHABI COMMERCIAL BANK,+97126962222,http://www.adcb.com,AE,ARE,UNITED ARAB EMIRATES
536299,MASTERCARD,CREDIT,WORLD,CAIRO AMMAN BANK PLC,,,PS,PSE,"PALESTINIAN TERRITORY, OCCUPIED"
536317,MASTERCARD,CREDIT,WORLD,NATIONAL BANK OF RAS AL-KHAIMAH (RAKBANK),,,AE,ARE,UNITED ARAB EMIRATES
536321,MASTERCARD,CREDIT,WORLD,NETWORK INTERNATIONAL LLC,,,EG,EGY,EGYPT
536322,MASTERCARD,CREDIT,WORLD,KUWAIT FINANCE HOUSE K.S.C.,+9651803333,http://www.kfh.com,KW,KWT,KUWAIT
536325,MASTERCARD,CREDIT,WORLD,WARBA BANK K.S.C,,,KW,KWT,KUWAIT
536329,MASTERCARD,CREDIT,WORLD,ALIZZ ISLAMIC BANK SAOG,,,OM,OMN,OMAN
536331,MASTERCARD,DEBIT,STANDARD,MIDDLE EAST PAYMENT SERVICES LIMITED CO.,,,PS,PSE,"PALESTINIAN TERRITORY, OCCUPIED"
536332,MASTERCARD,DEBIT,STANDARD,"EGYPTIAN BANKS CO. FOR TECHNOLOGICAL ADVANCEMENT, S.A.E.",,,EG,EGY,EGYPT
536335,MASTERCARD,DEBIT,STANDARD,DUKHAN BANK Q.P.S.C.,,,QA,QAT,QATAR
536336,MASTERCARD,DEBIT,STANDARD,NATIONAL BANK OF KUWAIT (S.A.K.),,,EG,EGY,EGYPT
536339,MASTERCARD,DEBIT,STANDARD,CAIRO AMMAN BANK PLC,,,PS,PSE,"PALESTINIAN TERRITORY, OCCUPIED"
536341,MASTERCARD,DEBIT,STANDARD,"EGYPTIAN BANKS CO. FOR TECHNOLOGICAL ADVANCEMENT, S.A.E.",,,EG,EGY,EGYPT
536346,MASTERCARD,DEBIT,STANDARD,CAIRO AMMAN BANK PLC,,,JO,JOR,JORDAN
536369,MASTERCARD,CREDIT,GOLD,THE SAUDI NATIONAL BANK,,,SA,SAU,SAUDI ARABIA
536403,MASTERCARD,DEBIT,PREPAID RELOADABLE,YANA BANKING SERVICES COMPANY,,,IQ,IRQ,IRAQ
536406,MASTERCARD,CREDIT,STANDARD,ISRAEL CREDIT CARDS LTD.,,,IL,ISR,ISRAEL
536407,MASTERCARD,DEBIT,STANDARD,ISRAEL CREDIT CARDS LTD.,,,IL,ISR,ISRAEL
536434,MASTERCARD,DEBIT,PREPAID GOLD PAYROLL,PAYBY TECHNOLOGY PROJECTS LLC,,,AE,ARE,UNITED ARAB EMIRATES
536495,MASTERCARD,DEBIT,PREPAID PLATINUM TRAVEL,"IRAQ ELECTRONIC GATE FOR FINANCIAL SERVICES CO, LTD.",,,IQ,IRQ,IRAQ
536509,MASTERCARD,CREDIT,STANDARD,DEEM FINANCE L.L.C.,,,AE,ARE,UNITED ARAB EMIRATES
536524,MASTERCARD,DEBIT,STANDARD,GULF BANK K.S.C.,,http://www.gulfbank.com,KW,KWT,KUWAIT
536547,MASTERCARD,DEBIT,BUSINESS,QATAR NATIONAL BANK,+97444622724,http://www.qnb.com.qa,QA,QAT,QATAR
536567,MASTERCARD,CREDIT,WORLD ELITE FLEX,THE SAUDI NATIONAL BANK,,,SA,SAU,SAUDI ARABIA
536572,MASTERCARD,DEBIT,PREPAID RELOADABLE,THE BANK OF JORDAN,,,JO,JOR,JORDAN
536573,MASTERCARD,DEBIT,PREPAID,DUBAI ISLAMIC BANK PJSC,,,AE,ARE,UNITED ARAB EMIRATES
536578,MASTERCARD,DEBIT,PREPAID BUSINESS,MIDDLE EAST PAYMENT SERVICES LIMITED CO.,,,JO,JOR,JORDAN
536581,MASTERCARD,DEBIT,PREPAID BUSINESS,SAUDI BRITISH BANK,,http://www.sabb.com,SA,SAU,SAUDI ARABIA
536625,MASTERCARD,DEBIT,PLATINUM,CSCBANK SAL,,,LB,LBN,LEBANON
536626,MASTERCARD,CREDIT,PLATINUM,CSCBANK SAL,,,LB,LBN,LEBANON
536627,MASTERCARD,DEBIT,WORLD ELITE,FIRST ABU DHABI BANK PJSC,+971600525500,https://www.bankfab.com,AE,ARE,UNITED ARAB EMIRATES
536647,MASTERCARD,CREDIT,TITANIUM,SOCIETE ARABE INTERNATIONALE DE BANQUE,,,EG,EGY,EGYPT
536653,MASTERCARD,CREDIT,TITANIUM,AAFAQ ISLAMIC FINANCE PSC,,,AE,ARE,UNITED ARAB EMIRATES
536674,MASTERCARD,CREDIT,STANDARD,"IRAQ ELECTRONIC GATE FOR FINANCIAL SERVICES CO, LTD.",,,IQ,IRQ,IRAQ
536675,MASTERCARD,DEBIT,PREPAID,ELAF ISLAMIC BANK,,,IQ,IRQ,IRAQ
536680,MASTERCARD,CREDIT,PLATINUM,"CITIBANK, N.A.",,https://www.citi.com,AE,ARE,UNITED ARAB EMIRATES
536686,MASTERCARD,CREDIT,PLATINUM,"SUEZ CANAL BANK, S.A.E.",,,EG,EGY,EGYPT
536753,MASTERCARD,DEBIT,PREPAID,PAYMENT INTERNATIONAL ENTERPRISE BSC,,,BH,BHR,BAHRAIN
536773,MASTERCARD,DEBIT,STANDARD,"EGYPTIAN BANKS CO. FOR TECHNOLOGICAL ADVANCEMENT, S.A.E.",,,EG,EGY,EGYPT
536779,MASTERCARD,DEBIT,PREPAID,JORDAN KUWAIT BANK,,http://www.jordan-kuwait-bank.com,JO,JOR,JORDAN
536792,MASTERCARD,DEBIT,STANDARD,FIRST ABU DHABI BANK PJSC,+20225204375,https://www.bankfab.com,EG,EGY,EGYPT
536813,MASTERCARD,CREDIT,PLATINUM,ARAB NATIONAL BANK,,,SA,SAU,SAUDI ARABIA
536857,MASTERCARD,CREDIT,WORLD,ABU DHABI ISLAMIC BANK,,http://www.adib.ae,EG,EGY,EGYPT
536868,MASTERCARD,DEBIT,STANDARD,NETWORK INTERNATIONAL LLC,,,AE,ARE,UNITED ARAB EMIRATES
536905,MASTERCARD,DEBIT,TITANIUM,"EGYPTIAN BANKS CO. FOR TECHNOLOGICAL ADVANCEMENT, S.A.E.",,,EG,EGY,EGYPT
536906,MASTERCARD,DEBIT,TITANIUM,CAIRO AMMAN BANK PLC,,,PS,PSE,"PALESTINIAN TERRITORY, OCCUPIED"
536911,MASTERCARD,DEBIT,STANDARD,KURDISTAN INTERNATIONAL BANK FOR INVESTMENT AND DEVELOPMENT INC. P.S.C,,,IQ,IRQ,IRAQ
536923,MASTERCARD,CREDIT,PLATINUM,"BANK OF BEIRUT, SAL",,,LB,LBN,LEBANON
536926,MASTERCARD,CREDIT,PLATINUM,"BANK OF BEIRUT, SAL",,,LB,LBN,LEBANON
536968,MASTERCARD,CREDIT,STANDARD,KUWAIT INTERNATIONAL BANK,+9651866866,http://www.kib.com.kw,KW,KWT,KUWAIT
537013,MASTERCARD,DEBIT,STANDARD,ARAB FINANCIAL SERVICES COMPANY B.S.C. (C),,,IQ,IRQ,IRAQ
537015,MASTERCARD,DEBIT,STANDARD,COMMERCIAL BANK OF KUWAIT S.A.K.,,,KW,KWT,KUWAIT
537016,MASTERCARD,DEBIT,STANDARD,KUWAIT FINANCE HOUSE K.S.C.,+9651803333,http://www.kfh.com,KW,KWT,KUWAIT
537017,MASTERCARD,DEBIT,TITANIUM,ARAB AFRICAN INTERNATIONAL BANK,+20224886679,http://www.aaib.com,EG,EGY,EGYPT
537020,MASTERCARD,DEBIT,STANDARD,CREDIT CARD SERVICES JORDAN,,,JO,JOR,JORDAN
537023,MASTERCARD,DEBIT,STANDARD,BANQUE MISR,+20223912150,http://www.banquemisr.com,EG,EGY,EGYPT
537026,MASTERCARD,CREDIT,,,,,SY,SYR,SYRIAN ARAB REPUBLIC
537036,MASTERCARD,CREDIT,PLATINUM,FIRST ABU DHABI BANK PJSC,,https://www.bankfab.com,SA,SAU,SAUDI ARABIA
537038,MASTERCARD,DEBIT,PREPAID,NATIONAL BANK OF RAS AL-KHAIMAH (RAKBANK),,,AE,ARE,UNITED ARAB EMIRATES
537048,MASTERCARD,CREDIT,WORLD ELITE,AM BANK S.A.L.,,,LB,LBN,LEBANON
537052,MASTERCARD,DEBIT,STANDARD,AM BANK S.A.L.,,,LB,LBN,LEBANON
537055,MASTERCARD,CREDIT,PLATINUM,"SUEZ CANAL BANK, S.A.E.",,,EG,EGY,EGYPT
537070,MASTERCARD,CREDIT,TITANIUM,NETWORK INTERNATIONAL LLC,,,AE,ARE,UNITED ARAB EMIRATES
537077,MASTERCARD,DEBIT,TITANIUM,"SUEZ CANAL BANK, S.A.E.",,,EG,EGY,EGYPT
537079,MASTERCARD,DEBIT,BUSINESS,NATIONAL BANK OF RAS AL-KHAIMAH (RAKBANK),,,AE,ARE,UNITED ARAB EMIRATES
537114,MASTERCARD,DEBIT,PREPAID BUSINESS,NATIONAL BANK OF RAS AL-KHAIMAH (RAKBANK),,,AE,ARE,UNITED ARAB EMIRATES
537141,MASTERCARD,DEBIT,PREPAID PLATINUM TRAVEL,TULAN BEST MARKETING COMPANY,,,JO,JOR,JORDAN
537147,MASTERCARD,DEBIT,STANDARD,BANK LEUMI LE-ISRAEL BM,,,IL,ISR,ISRAEL
537163,MASTERCARD,DEBIT,GOLD,BLOM BANK SAL,,,LB,LBN,LEBANON
537178,MASTERCARD,CREDIT,WORLD,STANDARD CHARTERED BANK,+97317531532,https://www.sc.com,BH,BHR,BAHRAIN
537194,MASTERCARD,CREDIT,WORLD,PALESTINE ISLAMIC BANK,,,PS,PSE,"PALESTINIAN TERRITORY, OCCUPIED"
537207,MASTERCARD,DEBIT,PREPAID,UAE EXCHANGE CENTRE LLC,+97142617575,http://www.uaeexchange.com,AE,ARE,UNITED ARAB EMIRATES
537209,MASTERCARD,DEBIT,PREPAID PLATINUM TRAVEL,AL AHLI BANK OF KUWAIT (KSC),,,KW,KWT,KUWAIT
537272,MASTERCARD,DEBIT,PREPAID RELOADABLE,NATIONAL BANK OF KUWAIT (S.A.K.),,,KW,KWT,KUWAIT
537279,MASTERCARD,DEBIT,PREPAID RELOADABLE,INFINIOS FINANCIAL SERVICES B.S.C. CLOSED,,,BH,BHR,BAHRAIN
537432,MASTERCARD,DEBIT,STANDARD,ISRAEL CREDIT CARDS LTD.,,,IL,ISR,ISRAEL
537616,MASTERCARD,DEBIT,WORLD,NATIONAL BANK OF EGYPT,,http://www.nbe.com.eg,EG,EGY,EGYPT
537626,MASTERCARD,CREDIT,PLATINUM,BANK HAPOALIM B.M.,,,IL,ISR,ISRAEL
537641,MASTERCARD,CREDIT,WORLD ELITE,"CITIBANK, N.A.",,https://www.citi.com,AE,ARE,UNITED ARAB EMIRATES
537655,MASTERCARD,DEBIT,PREPAID,NYMCARD PAYMENT SERVICES LLC,,,AE,ARE,UNITED ARAB EMIRATES
537658,MASTERCARD,DEBIT,STANDARD,THE BANK OF JORDAN,,,JO,JOR,JORDAN
537678,MASTERCARD,CREDIT,WORLD FOR BUSINESS,RIYAD BANK,,http://www.riyadbank.com,SA,SAU,SAUDI ARABIA
537680,MASTERCARD,DEBIT,UNEMBOSSED,BANK LEUMI LE-ISRAEL BM,,,IL,ISR,ISRAEL
537700,MASTERCARD,CREDIT,WORLD ELITE,"CITIBANK, N.A.",,https://www.citi.com,AE,ARE,UNITED ARAB EMIRATES
537707,MASTERCARD,CREDIT,WORLD,ABU DHABI ISLAMIC BANK P.J.S.C.,,,AE,ARE,UNITED ARAB EMIRATES
537728,MASTERCARD,CREDIT,WORLD,ARAB FINANCIAL SERVICES COMPANY B.S.C. (C),,,BH,BHR,BAHRAIN
537767,MASTERCARD,DEBIT,TITANIUM,RIYAD BANK,,http://www.riyadbank.com,SA,SAU,SAUDI ARABIA
537790,MASTERCARD,CREDIT,WORLD ELITE,NATIONAL BANK OF KUWAIT (S.A.K.),,,KW,KWT,KUWAIT
537791,MASTERCARD,CREDIT,WORLD ELITE,CSCBANK SAL,,,LB,LBN,LEBANON
537794,MASTERCARD,CREDIT,WORLD,JORDAN COMMERCIAL BANK,+96265203000,http://www.jcbank.com.jo,JO,JOR,JORDAN
537797,MASTERCARD,CREDIT,WORLD ELITE,ALIZZ ISLAMIC BANK SAOG,,,OM,OMN,OMAN
537799,MASTERCARD,CREDIT,WORLD ELITE,SAMBA FINANCIAL GROUP,+9668001242000,http://www.samba.com,SA,SAU,SAUDI ARABIA
537806,MASTERCARD,CREDIT,WORLD ELITE,ARAB BANK FOR INVESTMENT & FOREIGN TRADE,,,AE,ARE,UNITED ARAB EMIRATES
537807,MASTERCARD,CREDIT,WORLD ELITE,ARAB BANK FOR INVESTMENT & FOREIGN TRADE,,,AE,ARE,UNITED ARAB EMIRATES
537808,MASTERCARD,CREDIT,WORLD ELITE,FIRST ABU DHABI BANK PJSC,+971600525500,https://www.bankfab.com,AE,ARE,UNITED ARAB EMIRATES
537809,MASTERCARD,CREDIT,WORLD ELITE,FRANSABANK SAL,,,LB,LBN,LEBANON
537813,MASTERCARD,CREDIT,WORLD ELITE,CREDIMAX BSC (CLOSED),,,BH,BHR,BAHRAIN
537814,MASTERCARD,CREDIT,WORLD ELITE,ABU DHABI COMMERCIAL BANK,+97126962222,http://www.adcb.com,AE,ARE,UNITED ARAB EMIRATES
537827,MASTERCARD,DEBIT,PREPAID PLATINUM TRAVEL,INFINIOS FINANCIAL SERVICES B.S.C. CLOSED,,,BH,BHR,BAHRAIN
537837,MASTERCARD,CREDIT,BUSINESS,ITHMAAR BANK B.S.C.,,,BH,BHR,BAHRAIN
537856,MASTERCARD,DEBIT,BUSINESS,AREEBA S.A.L,,,LB,LBN,LEBANON
537878,MASTERCARD,CREDIT,PLATINUM,THE SAUDI NATIONAL BANK,,,SA,SAU,SAUDI ARABIA
537882,MASTERCARD,CREDIT,WORLD ELITE FLEX,AHLI UNITED BANK B.S.C.,+97317710559,http://www.ahliunited.com,BH,BHR,BAHRAIN
537896,MASTERCARD,DEBIT,PREPAID,ASIAHAWALA FOR NON-BANKING FINANCIAL SERVICES,,,IQ,IRQ,IRAQ
537951,MASTERCARD,CREDIT,WORLD,FIRST ABU DHABI BANK PJSC,+20225204375,https://www.bankfab.com,EG,EGY,EGYPT
537979,MASTERCARD,DEBIT,PREPAID,DUBAI ISLAMIC BANK PJSC,,,AE,ARE,UNITED ARAB EMIRATES
537983,MASTERCARD,CREDIT,PLATINUM,NATIONAL BANK OF RAS AL-KHAIMAH (RAKBANK),,,AE,ARE,UNITED ARAB EMIRATES
537995,MASTERCARD,CREDIT,PLATINUM,AL BARAKA ISLAMIC BANK B.S.C. (CLOSED),,,BH,BHR,BAHRAIN
537996,MASTERCARD,DEBIT,PREPAID PLATINUM TRAVEL,NATIONAL BANK OF OMAN (SAOG),,,OM,OMN,OMAN
537999,MASTERCARD,CREDIT,PLATINUM,FIRST ABU DHABI BANK PJSC,+971600525500,https://www.bankfab.com,AE,ARE,UNITED ARAB EMIRATES
538000,MASTERCARD,DEBIT,PREPAID PLATINUM TRAVEL,INFINIOS FINANCIAL SERVICES B.S.C. CLOSED,,,BH,BHR,BAHRAIN
538006,MASTERCARD,CREDIT,PLATINUM,CAIRO AMMAN BANK PLC,,,JO,JOR,JORDAN
538094,MASTERCARD,DEBIT,PREPAID,NATIONAL BANK OF RAS AL-KHAIMAH (RAKBANK),,,AE,ARE,UNITED ARAB EMIRATES
538105,MASTERCARD,DEBIT,STANDARD,COMMERCIAL INTERNATIONAL BANK (EGYPT) S.A.E.,971 - 4 - 3589381,http://www.cibeg.com,EG,EGY,EGYPT
538123,MASTERCARD,DEBIT,STANDARD,NATIONAL BANK OF RAS AL-KHAIMAH (RAKBANK),,,AE,ARE,UNITED ARAB EMIRATES
538135,MASTERCARD,CREDIT,PLATINUM,BANQUE SAUDI FRANSI,966 1 289 9999 OR 966 1 874 4000,http://www.alfransi.com.sa,SA,SAU,SAUDI ARABIA
538155,MASTERCARD,DEBIT,,MASTERCARD - PROCESSING MEA,,,AE,ARE,UNITED ARAB EMIRATES
538166,MASTERCARD,CREDIT,WORLD ELITE,ARAB BANK PLC,+97144450000,http://www.arabbank.jo,AE,ARE,UNITED ARAB EMIRATES
538167,MASTERCARD,CREDIT,PLATINUM,EMIRATES NBD,+971800456,http://www.emiratesnbd.com,AE,ARE,UNITED ARAB EMIRATES
538169,MASTERCARD,CREDIT,WORLD ELITE,AAFAQ ISLAMIC FINANCE PSC,,,AE,ARE,UNITED ARAB EMIRATES
538180,MASTERCARD,CREDIT,PLATINUM,MASHREQ BANK,,http://www.mashreqbank.com,QA,QAT,QATAR
538189,MASTERCARD,CREDIT,EXECUTIVE BUSINESS,JORDANIAN ELAF FOR INTEGRATED SOLUTIONS,,,JO,JOR,JORDAN
538194,MASTERCARD,CREDIT,WORLD,EMIRATES NBD,+971800456,http://www.emiratesnbd.com,AE,ARE,UNITED ARAB EMIRATES
538331,MASTERCARD,DEBIT,,,,,IL,ISR,ISRAEL
538404,MASTERCARD,DEBIT,PREPAID,"ISRAEL POSTAL BANK COMPANY, LTD.",,,IL,ISR,ISRAEL
538415,MASTERCARD,DEBIT,PREPAID PLATINUM TRAVEL,EMIRATES NBD,+971800456,http://www.emiratesnbd.com,AE,ARE,UNITED ARAB EMIRATES
538425,MASTERCARD,DEBIT,PREPAID,COMMERCIAL BANK OF DUBAI,+97126268400,http://www.cbd.ae,AE,ARE,UNITED ARAB EMIRATES
538434,MASTERCARD,DEBIT,PREPAID,DUBAI ISLAMIC BANK PJSC,,,AE,ARE,UNITED ARAB EMIRATES
538448,MASTERCARD,DEBIT,PREPAID,EMIRATES NBD,+971800456,http://www.emiratesnbd.com,AE,ARE,UNITED ARAB EMIRATES
538461,MASTERCARD,DEBIT,PREPAID,EMIRATES NBD,+971800456,http://www.emiratesnbd.com,AE,ARE,UNITED ARAB EMIRATES
538462,MASTERCARD,DEBIT,PREPAID,EMIRATES NBD,+971800456,http://www.emiratesnbd.com,AE,ARE,UNITED ARAB EMIRATES
538463,MASTERCARD,DEBIT,PREPAID RELOADABLE,"ISRAEL POSTAL BANK COMPANY, LTD.",,,IL,ISR,ISRAEL
538464,MASTERCARD,DEBIT,PREPAID,"ISRAEL POSTAL BANK COMPANY, LTD.",,,IL,ISR,ISRAEL
538494,MASTERCARD,DEBIT,,,,,JO,JOR,JORDAN
538609,MASTERCARD,DEBIT,PREPAID,DUBAI ISLAMIC BANK PJSC,,,AE,ARE,UNITED ARAB EMIRATES
538610,MASTERCARD,DEBIT,PREPAID PLATINUM TRAVEL,COMMERCIAL BANK OF QATAR Q.S.C,,,QA,QAT,QATAR
538611,MASTERCARD,DEBIT,PREPAID PLATINUM TRAVEL,DUKHAN BANK Q.P.S.C.,,,QA,QAT,QATAR
538711,MASTERCARD,CREDIT,CORPORATE WORLD,ARAB BANK FOR INVESTMENT & FOREIGN TRADE,,,AE,ARE,UNITED ARAB EMIRATES
538721,MASTERCARD,DEBIT,PREPAID PLATINUM TRAVEL,CREDIMAX BSC (CLOSED),,,BH,BHR,BAHRAIN
538776,MASTERCARD,CREDIT,BUSINESS,ARAB NATIONAL BANK,,,SA,SAU,SAUDI ARABIA
538792,MASTERCARD,DEBIT,PREPAID BUSINESS,ALQASEH FOR FINANCIAL SERVICES AND ELECTRONIC PAYMENT,,,IQ,IRQ,IRAQ
538793,MASTERCARD,DEBIT,PLATINUM,CREDIT LIBANAIS S.A.L.,+9611900111,http://www.creditlibanais.com.lb,LB,LBN,LEBANON
538845,MASTERCARD,DEBIT,STANDARD,THE BANK OF JORDAN,,,PS,PSE,"PALESTINIAN TERRITORY, OCCUPIED"
538854,MASTERCARD,CREDIT,,,,,SA,SAU,SAUDI ARABIA
538864,MASTERCARD,CREDIT,WORLD ELITE,NATIONAL BANK OF EGYPT,,http://www.nbe.com.eg,EG,EGY,EGYPT
538871,MASTERCARD,DEBIT,TITANIUM,CAIRO AMMAN BANK PLC,,,JO,JOR,JORDAN
538881,MASTERCARD,CREDIT,WORLD BUSINESS,JORDANIAN ELAF FOR INTEGRATED SOLUTIONS,,,JO,JOR,JORDAN
538987,MASTERCARD,CREDIT,PLATINUM,ARAB JORDAN INVESTMENT BANK,,,JO,JOR,JORDAN
539034,MASTERCARD,CREDIT,GOLD,THE SAUDI NATIONAL BANK,,,SA,SAU,SAUDI ARABIA
539035,MASTERCARD,CREDIT,STANDARD,THE SAUDI NATIONAL BANK,,,SA,SAU,SAUDI ARABIA
539065,MASTERCARD,CREDIT,WORLD FOR BUSINESS,BANK AL ETIHAD,,,JO,JOR,JORDAN
539096,MASTERCARD,DEBIT,PREPAID,BANQUE LIBANO - FRANCAISE SAL,,,LB,LBN,LEBANON
539104,MASTERCARD,DEBIT,PREPAID,NATIONAL BANK OF EGYPT,,http://www.nbe.com.eg,EG,EGY,EGYPT
539150,MASTERCARD,DEBIT,TITANIUM,BANK NIZWA SAOG,,,OM,OMN,OMAN
539167,MASTERCARD,DEBIT,PREPAID,ALEXBANK,1 9 0 3 3,http://www.alexbank.com,EG,EGY,EGYPT
539179,MASTERCARD,DEBIT,PREPAID,BANK DHOFAR SAOG,,,OM,OMN,OMAN
539182,MASTERCARD,DEBIT,PREPAID,FINANCE HOUSE L.L.C.,,,AE,ARE,UNITED ARAB EMIRATES
539187,MASTERCARD,DEBIT,PREPAID,AL JANOOB ISLAMIC BANK FOR INVESTMENT AND FINANCE,,,IQ,IRQ,IRAQ
539188,MASTERCARD,DEBIT,TITANIUM,BANK NIZWA SAOG,,,OM,OMN,OMAN
539193,MASTERCARD,DEBIT,PLATINUM,ARAB BANK FOR INVESTMENT & FOREIGN TRADE,,,AE,ARE,UNITED ARAB EMIRATES
539200,MASTERCARD,DEBIT,STANDARD,FRANSABANK S.A.L.,,http://www.fransabank.com,IQ,IRQ,IRAQ
539207,MASTERCARD,DEBIT,TITANIUM,ABU DHABI ISLAMIC BANK,,http://www.adib.ae,EG,EGY,EGYPT
539213,MASTERCARD,CREDIT,PLATINUM,BANK LEUMI LE-ISRAEL BM,,,IL,ISR,ISRAEL
539255,MASTERCARD,DEBIT,PREPAID,CSCBANK SAL,,,IQ,IRQ,IRAQ
539256,MASTERCARD,CREDIT,WORLD ELITE,BANK OF PALESTINE LTD.,,,PS,PSE,"PALESTINIAN TERRITORY, OCCUPIED"
539259,MASTERCARD,DEBIT,PREPAID,"IDT FINANCIAL SERVICES, LTD.",,http://www.idtfinance.com,IL,ISR,ISRAEL
539264,MASTERCARD,CREDIT,WORLD FOR BUSINESS,DOHA BANK Q.S.C,,,QA,QAT,QATAR
539269,MASTERCARD,CREDIT,WORLD FOR BUSINESS,SOCIETE GENERALE DE BANQUE AU LIBAN S.A.L.,1274477777,http://www.sgbl.com.lb,LB,LBN,LEBANON
539281,MASTERCARD,DEBIT,TITANIUM,KUWAIT INTERNATIONAL BANK,+9651866866,http://www.kib.com.kw,KW,KWT,KUWAIT
539386,MASTERCARD,DEBIT,PREPAID,COMMERCIAL BANK OF QATAR Q.S.C,,,QA,QAT,QATAR
539399,MASTERCARD,CREDIT,TITANIUM,NATIONAL BANK OF EGYPT,,http://www.nbe.com.eg,EG,EGY,EGYPT
539402,MASTERCARD,CREDIT,WORLD ELITE FOR BUSINESS,ALEXBANK,1 9 0 3 3,http://www.alexbank.com,EG,EGY,EGYPT
539433,MASTERCARD,CREDIT,BUSINESS,ALEXBANK,1 9 0 3 3,http://www.alexbank.com,EG,EGY,EGYPT
539436,MASTERCARD,DEBIT,STANDARD,AL HILAL BANK PJSC,,,AE,ARE,UNITED ARAB EMIRATES
539438,MASTERCARD,DEBIT,PREPAID,COMMERCIAL INTERNATIONAL BANK (EGYPT) S.A.E.,971 - 4 - 3589381,http://www.cibeg.com,EG,EGY,EGYPT
539450,MASTERCARD,CREDIT,STANDARD,"IRAQ ELECTRONIC GATE FOR FINANCIAL SERVICES CO, LTD.",,,IQ,IRQ,IRAQ
539462,MASTERCARD,DEBIT,WORLD,AL HILAL BANK PJSC,,,AE,ARE,UNITED ARAB EMIRATES
539491,MASTERCARD,DEBIT,PREPAID,BANQUE MISR,+20223912150,http://www.banquemisr.com,EG,EGY,EGYPT
539493,MASTERCARD,DEBIT,PLATINUM,COMMERCIAL INTERNATIONAL BANK (EGYPT) S.A.E.,971 - 4 - 3589381,http://www.cibeg.com,EG,EGY,EGYPT
539519,MASTERCARD,DEBIT,PREPAID PLATINUM TRAVEL,COMMERCIAL INTERNATIONAL BANK (EGYPT) S.A.E.,971 - 4 - 3589381,http://www.cibeg.com,EG,EGY,EGYPT
539540,MASTERCARD,DEBIT,BUSINESS,BANK NIZWA SAOG,,,OM,OMN,OMAN
539548,MASTERCARD,DEBIT,PREPAID,,,,AE,ARE,UNITED ARAB EMIRATES
539552,MASTERCARD,CREDIT,TITANIUM,AGRICULTURAL BANK EGYPT,,,EG,EGY,EGYPT
539560,MASTERCARD,DEBIT,PREPAID PLATINUM TRAVEL,MPOWER (INTERNAL ONLY),,,AE,ARE,UNITED ARAB EMIRATES
539566,MASTERCARD,CREDIT,PLATINUM,NETWORK INTERNATIONAL LLC,,,AE,ARE,UNITED ARAB EMIRATES
539573,MASTERCARD,DEBIT,PREPAID BUSINESS,MPOWER (INTERNAL ONLY),,,AE,ARE,UNITED ARAB EMIRATES
539575,MASTERCARD,DEBIT,PREPAID BUSINESS,MPOWER (INTERNAL ONLY),,,SA,SAU,SAUDI ARABIA
539584,MASTERCARD,DEBIT,PREPAID PLATINUM TRAVEL,MPOWER (INTERNAL ONLY),,,SA,SAU,SAUDI ARABIA
539606,MASTERCARD,CREDIT,PLATINUM,"INTERNATIONAL CARD CO., LTD.",,http://www.kartee.com.jo,JO,JOR,JORDAN
539624,MASTERCARD,DEBIT,PREPAID,NOOR ISLAMIC BANK,+97144268888,,AE,ARE,UNITED ARAB EMIRATES
539628,MASTERCARD,DEBIT,PREPAID,NOOR BANK PJSC,,,AE,ARE,UNITED ARAB EMIRATES
539648,MASTERCARD,CREDIT,PLATINUM,ARAB FINANCIAL SERVICES COMPANY B.S.C. (C),,,BH,BHR,BAHRAIN
539711,MASTERCARD,DEBIT,WORLD,AHLI UNITED BANK B.S.C.,+97317710559,http://www.ahliunited.com,BH,BHR,BAHRAIN
539737,MASTERCARD,CREDIT,CORPORATE,GULF INTERNATIONAL BANK BSC,,,SA,SAU,SAUDI ARABIA
539819,MASTERCARD,DEBIT,PREPAID PLATINUM TRAVEL,NATIONAL BANK OF KUWAIT (S.A.K.),,,KW,KWT,KUWAIT
539826,MASTERCARD,DEBIT,PREPAID RELOADABLE,MIDDLE EAST PAYMENT SERVICES LIMITED CO.,,,JO,JOR,JORDAN
539829,MASTERCARD,CREDIT,STANDARD,SOCIETE ARABE INTERNATIONALE DE BANQUE,,,EG,EGY,EGYPT
539830,MASTERCARD,CREDIT,WORLD ELITE,HSBC BANK MIDDLE EAST,+97142241000,http://www.hsbc.ae,AE,ARE,UNITED ARAB EMIRATES
539854,MASTERCARD,DEBIT,PREPAID,INTERNATIONAL SMART CARD LLC,,,IQ,IRQ,IRAQ
539859,MASTERCARD,CREDIT,PLATINUM,RIYAD BANK,,http://www.riyadbank.com,SA,SAU,SAUDI ARABIA
539864,MASTERCARD,DEBIT,WORLD,COMMERCIAL INTERNATIONAL BANK (EGYPT) S.A.E.,971 - 4 - 3589381,http://www.cibeg.com,EG,EGY,EGYPT
539872,MASTERCARD,DEBIT,PREPAID,EMIRATES NATIONAL BANK OF DUBAI S.A.E,,,EG,EGY,EGYPT
539878,MASTERCARD,CREDIT,STANDARD,INTERNATIONAL SMART CARD LLC,,,IQ,IRQ,IRAQ
539885,MASTERCARD,CREDIT,WORLD FLEX,NATIONAL BANK OF BAHRAIN,,,BH,BHR,BAHRAIN
539887,MASTERCARD,CREDIT,WORLD,COMMERCIAL BANK OF KUWAIT S.A.K.,,,KW,KWT,KUWAIT
539890,MASTERCARD,CREDIT,STANDARD,FIRST ABU DHABI BANK PJSC,+20225204375,https://www.bankfab.com,EG,EGY,EGYPT
539895,MASTERCARD,CREDIT,TITANIUM,ARAB AFRICAN INTERNATIONAL BANK,+20224886679,http://www.aaib.com,EG,EGY,EGYPT
539920,MASTERCARD,DEBIT,STANDARD,SOCIETE GENERALE DE BANQUE AU LIBAN S.A.L.,1274477777,http://www.sgbl.com.lb,LB,LBN,LEBANON
539926,MASTERCARD,DEBIT,STANDARD,JORDAN COMMERCIAL BANK,+96265203000,http://www.jcbank.com.jo,JO,JOR,JORDAN
539931,MASTERCARD,DEBIT,STANDARD,ALAWWAL BANK,,,SA,SAU,SAUDI ARABIA
539935,MASTERCARD,DEBIT,STANDARD,BANQUE MISR,+20223912150,http://www.banquemisr.com,EG,EGY,EGYPT
539937,MASTERCARD,DEBIT,STANDARD,BANQUE MISR,+20223912150,http://www.banquemisr.com,EG,EGY,EGYPT
539939,MASTERCARD,DEBIT,STANDARD,COMMERCIAL BANK OF DUBAI,+97126268400,http://www.cbd.ae,AE,ARE,UNITED ARAB EMIRATES
539951,MASTERCARD,CREDIT,PLATINUM,FIRST ABU DHABI BANK PJSC,,https://www.bankfab.com,SA,SAU,SAUDI ARABIA
539961,MASTERCARD,CREDIT,STANDARD,THE HOUSING BANK FOR TRADE & FINANCE,,,JO,JOR,JORDAN
539963,MASTERCARD,CREDIT,STANDARD,CSCBANK SAL,,,LB,LBN,LEBANON
539969,MASTERCARD,DEBIT,WORLD,AL BARAKA ISLAMIC BANK B.S.C. (CLOSED),,,BH,BHR,BAHRAIN
539980,MASTERCARD,DEBIT,TITANIUM,COMMERCIAL BANK INTERNATIONAL,+97142275265,http://www.cbiuae.com,AE,ARE,UNITED ARAB EMIRATES
539985,MASTERCARD,DEBIT,,CREDIT AGRICOLE EGYPT,,,EG,EGY,EGYPT
539987,MASTERCARD,DEBIT,STANDARD,FIRST ABU DHABI BANK PJSC,+971600525500,https://www.bankfab.com,AE,ARE,UNITED ARAB EMIRATES
539999,MASTERCARD,DEBIT,TITANIUM,DUBAI ISLAMIC BANK PJSC,,,AE,ARE,UNITED ARAB EMIRATES
540000,MASTERCARD,CREDIT,GOLD,SAMBA FINANCIAL GROUP,+9668001242000,http://www.samba.com,SA,SAU,SAUDI ARABIA
540013,MASTERCARD,DEBIT,STANDARD,BANK HAPOALIM B.M.,,,IL,ISR,ISRAEL
540030,MASTERCARD,CREDIT,STANDARD,SOCIETE GENERALE DE BANQUE AU LIBAN S.A.L.,1274477777,http://www.sgbl.com.lb,LB,LBN,LEBANON
540044,MASTERCARD,CREDIT,CORPORATE,HSBC BANK MIDDLE EAST,+96880074722,http://www.hsbc.ae,OM,OMN,OMAN
540048,MASTERCARD,CREDIT,CORPORATE PURCHASING,HSBC BANK MIDDLE EAST,+96880074722,http://www.hsbc.ae,OM,OMN,OMAN
540090,MASTERCARD,CREDIT,WORLD ELITE,ABU DHABI ISLAMIC BANK P.J.S.C.,,,AE,ARE,UNITED ARAB EMIRATES
540099,MASTERCARD,DEBIT,PREPAID,"NAYAX ISRAEL, LTD.",,,IL,ISR,ISRAEL
540102,MASTERCARD,CREDIT,,,,,SY,SYR,SYRIAN ARAB REPUBLIC
540121,MASTERCARD,CREDIT,EXECUTIVE BUSINESS,ABU DHABI ISLAMIC BANK P.J.S.C.,,,AE,ARE,UNITED ARAB EMIRATES
540124,MASTERCARD,CREDIT,STANDARD,ISRACARD LTD.,,,IL,ISR,ISRAEL
540134,MASTERCARD,DEBIT,PREPAID,CSC OVERSEAS DEVELOPMENT LIMITED IRAQ BRANCH,,,IQ,IRQ,IRAQ
540156,MASTERCARD,DEBIT,PREPAID,HOUSING & DEVELOPMENT BANK,,,EG,EGY,EGYPT
540226,MASTERCARD,DEBIT,PREPAID,"BANK OF JERUSALEM, LTD.",,,IL,ISR,ISRAEL
540227,MASTERCARD,DEBIT,PREPAID,"BANK OF JERUSALEM, LTD.",,,IL,ISR,ISRAEL
540236,MASTERCARD,CREDIT,PLATINUM,SAUDI AWWAL BANK,,,SA,SAU,SAUDI ARABIA
540254,MASTERCARD,DEBIT,PREPAID PLATINUM TRAVEL,BLOM BANK SAL,,,LB,LBN,LEBANON
540261,MASTERCARD,CREDIT,STANDARD,GULF BANK K.S.C.,1.800.223.2060,http://www.gulfbank.com,KW,KWT,KUWAIT
540273,MASTERCARD,CREDIT,PLATINUM,CREDIMAX BSC (CLOSED),,,BH,BHR,BAHRAIN
540281,MASTERCARD,CREDIT,PLATINUM,KUWAIT FINANCE HOUSE K.S.C.,+9651803333,http://www.kfh.com,KW,KWT,KUWAIT
540307,MASTERCARD,CREDIT,STANDARD,UNITED BANK S.E.A.,,,EG,EGY,EGYPT
540333,MASTERCARD,DEBIT,WORLD ELITE,SOCIETE ARABE INTERNATIONALE DE BANQUE,,,EG,EGY,EGYPT
540381,MASTERCARD,DEBIT,PREPAID BUSINESS,INFINIOS FINANCIAL SERVICES B.S.C. CLOSED,,,BH,BHR,BAHRAIN
540496,MASTERCARD,DEBIT,PREPAID,TULAN BEST MARKETING COMPANY,,,JO,JOR,JORDAN
540498,MASTERCARD,CREDIT,STANDARD,CAIRO AMMAN BANK PLC,,,JO,JOR,JORDAN
540549,MASTERCARD,CREDIT,CORPORATE PURCHASING,BANK MUSCAT (SAOG),,,OM,OMN,OMAN
540607,MASTERCARD,CREDIT,,BANQUE MISR,+20223912150,http://www.banquemisr.com,EG,EGY,EGYPT
540611,MASTERCARD,CREDIT,GOLD,JORDAN AHLI BANK,+96265007777,http://www.ahli.com,JO,JOR,JORDAN
540612,MASTERCARD,CREDIT,STANDARD,JORDAN AHLI BANK,+96265007777,http://www.ahli.com,JO,JOR,JORDAN
540613,MASTERCARD,CREDIT,GOLD,THE SAUDI NATIONAL BANK,,,SA,SAU,SAUDI ARABIA
540632,MASTERCARD,CREDIT,STANDARD,BANQUE MISR,+20223912150,http://www.banquemisr.com,EG,EGY,EGYPT
540645,MASTERCARD,DEBIT,BUSINESS,PAYBY TECHNOLOGY PROJECTS LLC,,,AE,ARE,UNITED ARAB EMIRATES
540649,MASTERCARD,CREDIT,PLATINUM,WARBA BANK K.S.C,,,KW,KWT,KUWAIT
540651,MASTERCARD,CREDIT,STANDARD,COMMERCIAL BANK OF QATAR Q.S.C,,,QA,QAT,QATAR
540678,MASTERCARD,CREDIT,WORLD,EMIRATES NBD,+971800456,http://www.emiratesnbd.com,AE,ARE,UNITED ARAB EMIRATES
540683,MASTERCARD,CREDIT,PLATINUM,ARAB FINANCIAL SERVICES COMPANY B.S.C. (C),,,BH,BHR,BAHRAIN
540710,MASTERCARD,CREDIT,,LEBANON AND GULF BANK SAL,+9611965000,http://www.lgbbank.com,LB,LBN,LEBANON
540729,MASTERCARD,CREDIT,MIXED PRODUCT,NATIONAL BANK OF BAHRAIN,,,BH,BHR,BAHRAIN
540759,MASTERCARD,DEBIT,PREPAID,"BURGAN BANK, S.A.K.",+9651804080,http://www.burgan.com,KW,KWT,KUWAIT
540762,MASTERCARD,CREDIT,GOLD,JORDAN KUWAIT BANK,,http://www.jordan-kuwait-bank.com,JO,JOR,JORDAN
540787,MASTERCARD,CREDIT,GOLD,BANQUE MISR,+20223912150,http://www.banquemisr.com,EG,EGY,EGYPT
540808,MASTERCARD,DEBIT,PREPAID,EMIRATES NATIONAL BANK OF DUBAI S.A.E,,,EG,EGY,EGYPT
540896,MASTERCARD,DEBIT,PREPAID RELOADABLE,THE VAULTS INTERNATIONAL PAYMENT LLC,,,AE,ARE,UNITED ARAB EMIRATES
540898,MASTERCARD,CREDIT,WORLD,EMIRATES NBD,+971800456,http://www.emiratesnbd.com,AE,ARE,UNITED ARAB EMIRATES
540901,MASTERCARD,CREDIT,GOLD,ABU DHABI COMMERCIAL BANK,+97126962222,http://www.adcb.com,AE,ARE,UNITED ARAB EMIRATES
540902,MASTERCARD,CREDIT,PLATINUM,SAMBA FINANCIAL GROUP,+9668001242000,http://www.samba.com,SA,SAU,SAUDI ARABIA
540909,MASTERCARD,CREDIT,GOLD,HSBC BANK MIDDLE EAST,+97142241000,http://www.hsbc.ae,AE,ARE,UNITED ARAB EMIRATES
540910,MASTERCARD,CREDIT,CORPORATE PURCHASING,HSBC BANK MIDDLE EAST,+96880074722,http://www.hsbc.ae,OM,OMN,OMAN
540911,MASTERCARD,CREDIT,CORPORATE,HSBC BANK MIDDLE EAST,+96880074722,http://www.hsbc.ae,OM,OMN,OMAN
540978,MASTERCARD,CREDIT,TITANIUM,EMIRATES NBD,+971800456,http://www.emiratesnbd.com,AE,ARE,UNITED ARAB EMIRATES
540987,MASTERCARD,DEBIT,PREPAID,UNITED BANK LIMITED (UBL),,http://www.ubl.com.pk,QA,QAT,QATAR
540995,MASTERCARD,DEBIT,PREPAID,ARAB PAYMENT SERVICES,,,IQ,IRQ,IRAQ
541007,MASTERCARD,DEBIT,PREPAID WORLD,GULF INTERNATIONAL BANK BSC,,,SA,SAU,SAUDI ARABIA
541043,MASTERCARD,CREDIT,BUSINESS,TWEEQ INTERNATIONAL COMPANY,,,SA,SAU,SAUDI ARABIA
541059,MASTERCARD,CREDIT,STANDARD,CSCBANK S.A.L.,+9611871245,http://www.ccm.com.lb,LB,LBN,LEBANON
541061,MASTERCARD,DEBIT,PREPAID,ARAB FINANCIAL SERVICES COMPANY B.S.C. (C),,,AE,ARE,UNITED ARAB EMIRATES
541107,MASTERCARD,CREDIT,,GULF BANK K.S.C.,1.800.223.2060,http://www.gulfbank.com,KW,KWT,KUWAIT
541136,MASTERCARD,DEBIT,PREPAID BUSINESS,NOOR BANK PJSC,,,AE,ARE,UNITED ARAB EMIRATES
541148,MASTERCARD,CREDIT,WORLD,BANK DHOFAR SAOG,,,OM,OMN,OMAN
541189,MASTERCARD,DEBIT,PREPAID BUSINESS,JORDANIAN ELAF FOR INTEGRATED SOLUTIONS,,,JO,JOR,JORDAN
541200,MASTERCARD,DEBIT,STANDARD,INTERNATIONAL SMART CARD LLC,,,IQ,IRQ,IRAQ
541218,MASTERCARD,CREDIT,WORLD ELITE,BAHRAIN COMMERCIAL FACILITIES COMPANY BSC,,,BH,BHR,BAHRAIN
541261,MASTERCARD,CREDIT,STANDARD,BANKMED SAL,,,LB,LBN,LEBANON
541312,MASTERCARD,CREDIT,STANDARD,NATIONAL BANK OF KUWAIT (S.A.K.),,,KW,KWT,KUWAIT
541313,MASTERCARD,CREDIT,TITANIUM,NATIONAL BANK OF KUWAIT (S.A.K.),,,KW,KWT,KUWAIT
541318,MASTERCARD,CREDIT,TITANIUM,NATIONAL BANK OF KUWAIT (S.A.K.),,,KW,KWT,KUWAIT
541350,MASTERCARD,DEBIT,WORLD ELITE,WARBA BANK K.S.C,,,KW,KWT,KUWAIT
541424,MASTERCARD,DEBIT,WORLD,"SUEZ CANAL BANK, S.A.E.",,,EG,EGY,EGYPT
541478,MASTERCARD,CREDIT,WORLD ELITE,AAFAQ ISLAMIC FINANCE PSC,,,AE,ARE,UNITED ARAB EMIRATES
541494,MASTERCARD,CREDIT,STANDARD,ARAB BANK FOR INVESTMENT & FOREIGN TRADE,,,AE,ARE,UNITED ARAB EMIRATES
541521,MASTERCARD,DEBIT,PREPAID,AAFAQ ISLAMIC FINANCE PSC,,,AE,ARE,UNITED ARAB EMIRATES
541529,MASTERCARD,CREDIT,WORLD ELITE,MIDDLE EAST PAYMENT SERVICES LIMITED CO.,,,PS,PSE,"PALESTINIAN TERRITORY, OCCUPIED"
541544,MASTERCARD,CREDIT,STANDARD,ARAB BANK FOR INVESTMENT & FOREIGN TRADE,,,AE,ARE,UNITED ARAB EMIRATES
541554,MASTERCARD,CREDIT,GOLD,NATIONAL BANK OF BAHRAIN,,,SA,SAU,SAUDI ARABIA
541566,MASTERCARD,CREDIT,PLATINUM,CREDIMAX BSC (CLOSED),,,BH,BHR,BAHRAIN
541570,MASTERCARD,DEBIT,STANDARD,"IRAQ ELECTRONIC GATE FOR FINANCIAL SERVICES CO, LTD.",,,IQ,IRQ,IRAQ
541645,MASTERCARD,CREDIT,,DOHA BANK Q.S.C.,+97444456000,http://www.dohabank.com.qa,QA,QAT,QATAR
541653,MASTERCARD,CREDIT,EXECUTIVE BUSINESS,SAUDI AWWAL BANK,,,SA,SAU,SAUDI ARABIA
541679,MASTERCARD,CREDIT,STANDARD,RIYAD BANK,,http://www.riyadbank.com,SA,SAU,SAUDI ARABIA
541684,MASTERCARD,CREDIT,PLATINUM,COMMERCIAL BANK OF QATAR Q.S.C,,,QA,QAT,QATAR
541743,MASTERCARD,DEBIT,STANDARD,"IRAQ ELECTRONIC GATE FOR FINANCIAL SERVICES CO, LTD.",,,IQ,IRQ,IRAQ
541771,MASTERCARD,CREDIT,STANDARD,BANK OF PALESTINE LTD.,,,PS,PSE,"PALESTINIAN TERRITORY, OCCUPIED"
541802,MASTERCARD,CREDIT,WORLD,RIYAD BANK,,http://www.riyadbank.com,SA,SAU,SAUDI ARABIA
541824,MASTERCARD,DEBIT,PLATINUM,NETWORK INTERNATIONAL LLC,,,AE,ARE,UNITED ARAB EMIRATES
541846,MASTERCARD,CREDIT,WORLD,MASHREQ BANK,971 4 424 4444,http://www.mashreqbank.com,EG,EGY,EGYPT
541847,MASTERCARD,CREDIT,STANDARD,ARAB FINANCIAL SERVICES COMPANY B.S.C. (C),,,QA,QAT,QATAR
541849,MASTERCARD,CREDIT,GOLD,ARAB FINANCIAL SERVICES COMPANY B.S.C. (C),,,QA,QAT,QATAR
541855,MASTERCARD,CREDIT,TITANIUM,COMMERCIAL BANK OF KUWAIT S.A.K.,,,KW,KWT,KUWAIT
541874,MASTERCARD,DEBIT,PREPAID RELOADABLE,LARI EXCHANGE,,,AE,ARE,UNITED ARAB EMIRATES
541881,MASTERCARD,CREDIT,GOLD,BANK OF PALESTINE LTD.,,,PS,PSE,"PALESTINIAN TERRITORY, OCCUPIED"
541891,MASTERCARD,CREDIT,STANDARD,NATIONAL COMMERCIAL BANK,96626464060,,SA,SAU,SAUDI ARABIA
541942,MASTERCARD,CREDIT,WORLD ELITE,QATAR NATIONAL BANK AL-AHLI S.A.E,,,EG,EGY,EGYPT
541946,MASTERCARD,CREDIT,STANDARD,BANQUE MISR,+20223912150,http://www.banquemisr.com,EG,EGY,EGYPT
541955,MASTERCARD,CREDIT,STANDARD,COMMERCIAL INTERNATIONAL BANK (EGYPT) S.A.E.,971 - 4 - 3589381,http://www.cibeg.com,EG,EGY,EGYPT
541961,MASTERCARD,CREDIT,TITANIUM,COMMERCIAL INTERNATIONAL BANK (EGYPT) S.A.E.,971 - 4 - 3589381,http://www.cibeg.com,EG,EGY,EGYPT
541988,MASTERCARD,CREDIT,GOLD,RIYAD BANK,,http://www.riyadbank.com,SA,SAU,SAUDI ARABIA
542008,MASTERCARD,CREDIT,TITANIUM,ALAWWAL BANK,,,SA,SAU,SAUDI ARABIA
542018,MASTERCARD,DEBIT,PLATINUM,ABU DHABI COMMERCIAL BANK,+97126962222,http://www.adcb.com,AE,ARE,UNITED ARAB EMIRATES
542057,MASTERCARD,CREDIT,TITANIUM,BAHRAIN COMMERCIAL FACILITIES COMPANY BSC,,,BH,BHR,BAHRAIN
542160,MASTERCARD,DEBIT,PREPAID,NATIONAL BANK OF OMAN (SAOG),,,OM,OMN,OMAN
542164,MASTERCARD,CREDIT,GOLD,CSCBANK SAL,,,LB,LBN,LEBANON
542168,MASTERCARD,CREDIT,,NETWORK INTERNATIONAL LLC,,,AE,ARE,UNITED ARAB EMIRATES
542205,MASTERCARD,CREDIT,MIXED PRODUCT,AM BANK S.A.L.,,,LB,LBN,LEBANON
542212,MASTERCARD,CREDIT,STANDARD,AM BANK S.A.L.,,,LB,LBN,LEBANON
542215,MASTERCARD,DEBIT,PREPAID,,,,LB,LBN,LEBANON
542373,MASTERCARD,CREDIT,PLATINUM,SAUDI INVESTMENT BANK,,,SA,SAU,SAUDI ARABIA
542386,MASTERCARD,CREDIT,WORLD,ISRACARD LTD.,,,IL,ISR,ISRAEL
542443,MASTERCARD,CREDIT,TITANIUM,COMMERCIAL INTERNATIONAL BANK (EGYPT) S.A.E.,971 - 4 - 3589381,http://www.cibeg.com,EG,EGY,EGYPT
542456,MASTERCARD,DEBIT,PREPAID,WORLD ISLAMIC BANK FOR INVESTMENT AND FINANCING,,,IQ,IRQ,IRAQ
542459,MASTERCARD,CREDIT,WORLD,NETWORK INTERNATIONAL LLC,,,AE,ARE,UNITED ARAB EMIRATES
542508,MASTERCARD,CREDIT,GOLD,COMMERCIAL INTERNATIONAL BANK (EGYPT) S.A.E.,971 - 4 - 3589381,http://www.cibeg.com,EG,EGY,EGYPT
542519,MASTERCARD,DEBIT,PREPAID,FINITIONE,,,IL,ISR,ISRAEL
542536,MASTERCARD,CREDIT,PLATINUM,FIRST ABU DHABI BANK PJSC,+971600525500,https://www.bankfab.com,AE,ARE,UNITED ARAB EMIRATES
542606,MASTERCARD,CREDIT,PLATINUM,THE NATIONAL BANK PLC,,,PS,PSE,"PALESTINIAN TERRITORY, OCCUPIED"
542616,MASTERCARD,DEBIT,PREPAID GOLD PAYROLL,AL HULOOL FOR MOBILE PAYMENTS,,,JO,JOR,JORDAN
542618,MASTERCARD,CREDIT,,,,,AE,ARE,UNITED ARAB EMIRATES
542629,MASTERCARD,CREDIT,STANDARD,ARAB FINANCIAL SERVICES COMPANY B.S.C. (C),,,BH,BHR,BAHRAIN
542630,MASTERCARD,CREDIT,STANDARD,EMERGING MARKETS PAYMENTS AFRICA,,,EG,EGY,EGYPT
542675,MASTERCARD,CREDIT,WORLD BUSINESS,AREEBA S.A.L,,,LB,LBN,LEBANON
542681,MASTERCARD,CREDIT,GOLD,ISRACARD LTD.,,,IL,ISR,ISRAEL
542687,MASTERCARD,DEBIT,PREPAID WORLD,STC PAY BAHRAIN BSC CLOSED,,,BH,BHR,BAHRAIN
542712,MASTERCARD,CREDIT,B2B,WEX BANK,,http://www.wexinc.com,AE,ARE,UNITED ARAB EMIRATES
542716,MASTERCARD,DEBIT,PREPAID,MIDDLE EAST PAYMENT SERVICES LIMITED CO.,,,PS,PSE,"PALESTINIAN TERRITORY, OCCUPIED"
542733,MASTERCARD,DEBIT,PREPAID BUSINESS,STC PAY BAHRAIN BSC CLOSED,,,BH,BHR,BAHRAIN
542747,MASTERCARD,CREDIT,PLATINUM,BANQUE SAUDI FRANSI,966 1 289 9999 OR 966 1 874 4000,http://www.alfransi.com.sa,SA,SAU,SAUDI ARABIA
542783,MASTERCARD,CREDIT,PLATINUM,QATAR NATIONAL BANK,+97444622724,http://www.qnb.com.qa,QA,QAT,QATAR
542789,MASTERCARD,CREDIT,STANDARD,BANK AUDI- AUDI SARADAR GROUP,+9611332130,http://www.banqueaudi.com,LB,LBN,LEBANON
542805,MASTERCARD,CREDIT,,SAMBA FINANCIAL GROUP,+9668001242000,http://www.samba.com,SA,SAU,SAUDI ARABIA
542806,MASTERCARD,CREDIT,WORLD,ARAB NATIONAL BANK,,,SA,SAU,SAUDI ARABIA
542824,MASTERCARD,CREDIT,BUSINESS,EMIRATES NBD,+971800456,http://www.emiratesnbd.com,AE,ARE,UNITED ARAB EMIRATES
542845,MASTERCARD,CREDIT,PLATINUM,BLOM BANK SAL,,,LB,LBN,LEBANON
542857,MASTERCARD,DEBIT,BUSINESS,HOUSING & DEVELOPMENT BANK,,,EG,EGY,EGYPT
542864,MASTERCARD,DEBIT,PREPAID BUSINESS,,,,SA,SAU,SAUDI ARABIA
542882,MASTERCARD,CREDIT,CORPORATE,HSBC BANK MIDDLE EAST,+97142241000,http://www.hsbc.ae,AE,ARE,UNITED ARAB EMIRATES
542894,MASTERCARD,CREDIT,,AL RAJHI BANKING AND INVESTMENT CORP.,4433 92 000 + 966 OR 33 334 601 +966,http://www.alrajhibank.com.sa,SA,SAU,SAUDI ARABIA
542910,MASTERCARD,CREDIT,STANDARD,CSCBANK S.A.L.,+9611871245,http://www.ccm.com.lb,LB,LBN,LEBANON
542920,MASTERCARD,CREDIT,STANDARD,SOCIETE GENERALE DE BANQUE AU LIBAN S.A.L.,1274477777,http://www.sgbl.com.lb,LB,LBN,LEBANON
542922,MASTERCARD,CREDIT,CORPORATE,EMIGRANT BANK,,https://emigrant.com,IL,ISR,ISRAEL
542933,MASTERCARD,CREDIT,PLATINUM,ABU DHABI COMMERCIAL BANK,+97126962222,http://www.adcb.com,AE,ARE,UNITED ARAB EMIRATES
542943,MASTERCARD,CREDIT,GOLD,ARAB PAYMENT SERVICES,,,IQ,IRQ,IRAQ
542945,MASTERCARD,CREDIT,PLATINUM,PALESTINE ISLAMIC BANK,,,PS,PSE,"PALESTINIAN TERRITORY, OCCUPIED"
542951,MASTERCARD,CREDIT,STANDARD,AM BANK S.A.L.,,,LB,LBN,LEBANON
542984,MASTERCARD,CREDIT,,ABU DHABI COMMERCIAL BANK,+97126962222,http://www.adcb.com,AE,ARE,UNITED ARAB EMIRATES
543030,MASTERCARD,CREDIT,CORPORATE,HSBC BANK MIDDLE EAST,+974 4441 6663 A851+A851,http://www.hsbc.ae,QA,QAT,QATAR
543041,MASTERCARD,CREDIT,GOLD,HSBC BANK MIDDLE EAST,+97317569999,http://www.hsbc.ae,BH,BHR,BAHRAIN
543085,MASTERCARD,DEBIT,PLATINUM,THE SAUDI NATIONAL BANK,,,SA,SAU,SAUDI ARABIA
543094,MASTERCARD,CREDIT,WORLD ELITE,NATIONAL BANK OF OMAN (SAOG),,,OM,OMN,OMAN
543120,MASTERCARD,CREDIT,MIXED PRODUCT,AHLI BANK Q.S.C.,(974) 4232222,http://www.ahlibank.com.qa,QA,QAT,QATAR
543147,MASTERCARD,CREDIT,CORPORATE PURCHASING,HSBC BANK MIDDLE EAST,+96880074722,http://www.hsbc.ae,OM,OMN,OMAN
543168,MASTERCARD,CREDIT,WORLD ELITE,COMMERCIAL INTERNATIONAL BANK (EGYPT) S.A.E.,971 - 4 - 3589381,http://www.cibeg.com,EG,EGY,EGYPT
543173,MASTERCARD,CREDIT,TITANIUM,EMIRATES NATIONAL BANK OF DUBAI S.A.E,,,EG,EGY,EGYPT
543176,MASTERCARD,CREDIT,STANDARD,CREDIT CARD SERVICES JORDAN,,,JO,JOR,JORDAN
543195,MASTERCARD,CREDIT,MIXED PRODUCT,HSBC BANK MIDDLE EAST,+97142241000,http://www.hsbc.ae,AE,ARE,UNITED ARAB EMIRATES
543199,MASTERCARD,CREDIT,PLATINUM,SAUDI AWWAL BANK,,,SA,SAU,SAUDI ARABIA
543210,MASTERCARD,CREDIT,PLATINUM,AL HILAL BANK PJSC,,,AE,ARE,UNITED ARAB EMIRATES
543224,MASTERCARD,CREDIT,CORPORATE,CREDIMAX BSC (CLOSED),,,BH,BHR,BAHRAIN
543256,MASTERCARD,CREDIT,WORLD ELITE,NATIONAL BANK OF BAHRAIN,,,BH,BHR,BAHRAIN
543277,MASTERCARD,CREDIT,MIXED PRODUCT,CREDIMAX BSC (CLOSED),,,BH,BHR,BAHRAIN
543302,MASTERCARD,CREDIT,GOLD,"INTERNATIONAL CARD CO., LTD.",,http://www.kartee.com.jo,JO,JOR,JORDAN
543319,MASTERCARD,DEBIT,PREPAID CORPORATE,"MAX IT FINANCE, LTD.",,,IL,ISR,ISRAEL
543327,MASTERCARD,DEBIT,PREPAID,"MAX IT FINANCE, LTD.",,,IL,ISR,ISRAEL
543331,MASTERCARD,DEBIT,PREPAID PLATINUM TRAVEL,MIDDLE EAST PAYMENT SERVICES LIMITED CO.,,,JO,JOR,JORDAN
543340,MASTERCARD,CREDIT,STANDARD,ARAB AFRICAN INTERNATIONAL BANK,+20224886679,http://www.aaib.com,EG,EGY,EGYPT
543357,MASTERCARD,DEBIT,PREPAID BUSINESS,ALINMA BANK,,,SA,SAU,SAUDI ARABIA
543363,MASTERCARD,DEBIT,PLATINUM,NATIONAL BANK OF KUWAIT (S.A.K.),,,KW,KWT,KUWAIT
543408,MASTERCARD,CREDIT,PLATINUM,ALAWWAL BANK,,,SA,SAU,SAUDI ARABIA
543413,MASTERCARD,CREDIT,MIXED PRODUCT,CSCBANK SAL,,,LB,LBN,LEBANON
543487,MASTERCARD,CREDIT,GOLD,FIRST ABU DHABI BANK PJSC,+971600525500,https://www.bankfab.com,AE,ARE,UNITED ARAB EMIRATES
543489,MASTERCARD,DEBIT,PLATINUM,ARAB JORDAN INVESTMENT BANK,,,JO,JOR,JORDAN
543534,MASTERCARD,CREDIT,WORLD,DOHA BANK Q.S.C,,,QA,QAT,QATAR
543547,MASTERCARD,CREDIT,BUSINESS,ABU DHABI COMMERCIAL BANK,+97126962222,http://www.adcb.com,AE,ARE,UNITED ARAB EMIRATES
543626,MASTERCARD,CREDIT,CORPORATE,HSBC BANK MIDDLE EAST,+96880074722,http://www.hsbc.ae,OM,OMN,OMAN
543631,MASTERCARD,DEBIT,,,,,EG,EGY,EGYPT
543680,MASTERCARD,CREDIT,GOLD,BANQUE MISR,+20223912150,http://www.banquemisr.com,EG,EGY,EGYPT
543681,MASTERCARD,CREDIT,STANDARD,FIRST ABU DHABI BANK PJSC,+971600525500,https://www.bankfab.com,AE,ARE,UNITED ARAB EMIRATES
543683,MASTERCARD,CREDIT,TITANIUM,SAMBA FINANCIAL GROUP,+9668001242000,http://www.samba.com,SA,SAU,SAUDI ARABIA
543688,MASTERCARD,CREDIT,TITANIUM,DUBAI ISLAMIC BANK PJSC,,,AE,ARE,UNITED ARAB EMIRATES
543689,MASTERCARD,DEBIT,PLATINUM,EMIRATES NATIONAL BANK OF DUBAI S.A.E,,,EG,EGY,EGYPT
543707,MASTERCARD,CREDIT,STANDARD,COMMERCIAL BANK OF QATAR Q.S.C,,,QA,QAT,QATAR
543712,MASTERCARD,DEBIT,PREPAID,INFINIOS FINANCIAL SERVICES B.S.C. CLOSED,,,BH,BHR,BAHRAIN
543726,MASTERCARD,DEBIT,PREPAID RELOADABLE,QATAR ISLAMIC BANK,,,QA,QAT,QATAR
543729,MASTERCARD,CREDIT,,MASHREQ BANK,+97143632250,http://www.mashreqbank.com,AE,ARE,UNITED ARAB EMIRATES
543735,MASTERCARD,DEBIT,PREPAID RELOADABLE,QATAR ISLAMIC BANK,,,QA,QAT,QATAR
543737,MASTERCARD,CREDIT,STANDARD,ABU DHABI COMMERCIAL BANK,+97126962222,http://www.adcb.com,AE,ARE,UNITED ARAB EMIRATES
543752,MASTERCARD,CREDIT,TITANIUM,AL BARAKA ISLAMIC BANK B.S.C. (CLOSED),,,BH,BHR,BAHRAIN
543757,MASTERCARD,CREDIT,STANDARD,EMIRATES NBD,+971800456,http://www.emiratesnbd.com,AE,ARE,UNITED ARAB EMIRATES
543786,MASTERCARD,DEBIT,PLATINUM,FRANSABANK SAL,,,LB,LBN,LEBANON
543801,MASTERCARD,CREDIT,GOLD,AHLI BANK OF KUWAIT,,,EG,EGY,EGYPT
543820,MASTERCARD,CREDIT,PLATINUM,QATAR NATIONAL BANK,+97444622724,http://www.qnb.com.qa,QA,QAT,QATAR
543844,MASTERCARD,DEBIT,PREPAID,INTERNATIONAL SMART CARD LLC,,,IQ,IRQ,IRAQ
543856,MASTERCARD,DEBIT,PREPAID PLATINUM TRAVEL,INFINIOS FINANCIAL SERVICES B.S.C. CLOSED,,,BH,BHR,BAHRAIN
543860,MASTERCARD,CREDIT,STANDARD,ABU DHABI COMMERCIAL BANK,+97126962222,http://www.adcb.com,AE,ARE,UNITED ARAB EMIRATES
543884,MASTERCARD,DEBIT,PREPAID RELOADABLE,UNITED COMPANY FOR FINANCIAL SERVICES,,,SA,SAU,SAUDI ARABIA
543889,MASTERCARD,CREDIT,STANDARD,MASHREQ BANK,971 4 424 4444,http://www.mashreqbank.com,EG,EGY,EGYPT
543986,MASTERCARD,CREDIT,PLATINUM,"IRAQ ELECTRONIC GATE FOR FINANCIAL SERVICES CO, LTD.",,,IQ,IRQ,IRAQ
544010,MASTERCARD,CREDIT,STANDARD,CSCBANK SAL,,,LB,LBN,LEBANON
544011,MASTERCARD,CREDIT,GOLD,CSCBANK SAL,,,LB,LBN,LEBANON
544035,MASTERCARD,CREDIT,GOLD,THE HOUSING BANK FOR TRADE & FINANCE,,,JO,JOR,JORDAN
544040,MASTERCARD,CREDIT,STANDARD,AL-MAWARID BANK S.A.L.,,http://www.almawarid.com,LB,LBN,LEBANON
544041,MASTERCARD,CREDIT,TITANIUM,AM BANK S.A.L.,,,LB,LBN,LEBANON
544080,MASTERCARD,DEBIT,PREPAID PLATINUM TRAVEL,NATIONAL BANK OF RAS AL-KHAIMAH (RAKBANK),,,AE,ARE,UNITED ARAB EMIRATES
544091,MASTERCARD,CREDIT,GOLD,BANKMED SAL,,,LB,LBN,LEBANON
544097,MASTERCARD,CREDIT,GOLD,AHLI UNITED BANK B.S.C.,+97317710559,http://www.ahliunited.com,BH,BHR,BAHRAIN
544098,MASTERCARD,CREDIT,GOLD,BANK MUSCAT (SAOG),,,OM,OMN,OMAN
544110,MASTERCARD,CREDIT,,BANK MUSCAT AL AHLI AL OMANI LTD. (S.A.O.G.),,,OM,OMN,OMAN
544111,MASTERCARD,CREDIT,TITANIUM,NATIONAL BANK OF EGYPT,,http://www.nbe.com.eg,EG,EGY,EGYPT
544126,MASTERCARD,CREDIT,TITANIUM,DUKHAN BANK Q.P.S.C.,,,QA,QAT,QATAR
544129,MASTERCARD,DEBIT,PREPAID,FRANSABANK SAL,,,LB,LBN,LEBANON
544151,MASTERCARD,DEBIT,PREPAID,FIRST ABU DHABI BANK PJSC,+20225204375,https://www.bankfab.com,EG,EGY,EGYPT
544152,MASTERCARD,CREDIT,PLATINUM,FIRST ABU DHABI BANK PJSC,+971600525500,https://www.bankfab.com,AE,ARE,UNITED ARAB EMIRATES
544172,MASTERCARD,CREDIT,STANDARD,,,,EG,EGY,EGYPT
544189,MASTERCARD,CREDIT,STANDARD,ARAB FINANCIAL SERVICES COMPANY B.S.C. (C),,,OM,OMN,OMAN
544217,MASTERCARD,CREDIT,GOLD,NATIONAL COMMERCIAL BANK,,,SA,SAU,SAUDI ARABIA
544239,MASTERCARD,CREDIT,PLATINUM,KUWAIT FINANCE HOUSE K.S.C.,+9651803333,http://www.kfh.com,KW,KWT,KUWAIT
544240,MASTERCARD,CREDIT,WORLD ELITE,KUWAIT FINANCE HOUSE K.S.C.,+9651803333,http://www.kfh.com,KW,KWT,KUWAIT
544284,MASTERCARD,DEBIT,PREPAID,AAFAQ ISLAMIC FINANCE PSC,,,AE,ARE,UNITED ARAB EMIRATES
544290,MASTERCARD,CREDIT,STANDARD,COMMERCIAL BANK OF KUWAIT S.A.K.,,,KW,KWT,KUWAIT
544295,MASTERCARD,DEBIT,WORLD ELITE,ARAB FINANCIAL SERVICES COMPANY B.S.C. (C),,,BH,BHR,BAHRAIN
544302,MASTERCARD,CREDIT,PLATINUM,CREDIT LIBANAIS S.A.L.,+9611900111,http://www.creditlibanais.com.lb,LB,LBN,LEBANON
544332,MASTERCARD,CREDIT,STANDARD,CREDIT LIBANAIS S.A.L.,+9611900111,http://www.creditlibanais.com.lb,LB,LBN,LEBANON
544334,MASTERCARD,CREDIT,GOLD,CREDIT LIBANAIS S.A.L.,+9611900111,http://www.creditlibanais.com.lb,LB,LBN,LEBANON
544356,MASTERCARD,DEBIT,PAYPASS,SOCIETE GENERALE DE BANQUE AU LIBAN SAL.,,,LB,LBN,LEBANON
544371,MASTERCARD,DEBIT,TITANIUM,NETWORK INTERNATIONAL LLC,,,AE,ARE,UNITED ARAB EMIRATES
544378,MASTERCARD,DEBIT,PREPAID,CAIRO AMMAN BANK PLC,,,JO,JOR,JORDAN
544460,MASTERCARD,DEBIT,PLATINUM,BANQUE DU CAIRE,+20222648410,http://www.bdc.com.eg,EG,EGY,EGYPT
544486,MASTERCARD,CREDIT,,,,,SY,SYR,SYRIAN ARAB REPUBLIC
544506,MASTERCARD,DEBIT,STANDARD,CSCBANK SAL,,,IQ,IRQ,IRAQ
544523,MASTERCARD,CREDIT,GOLD,CSCBANK SAL,,,LB,LBN,LEBANON
544524,MASTERCARD,CREDIT,STANDARD,CSCBANK SAL,,,LB,LBN,LEBANON
544525,MASTERCARD,CREDIT,GOLD,CSCBANK SAL,,,LB,LBN,LEBANON
544590,MASTERCARD,CREDIT,GOLD,FINANCE HOUSE L.L.C.,,,AE,ARE,UNITED ARAB EMIRATES
544621,MASTERCARD,CREDIT,STANDARD,AL AHLI BANK OF KUWAIT (KSC),,,KW,KWT,KUWAIT
544622,MASTERCARD,CREDIT,GOLD,AL AHLI BANK OF KUWAIT (KSC),,,KW,KWT,KUWAIT
544627,MASTERCARD,CREDIT,PLATINUM,MASHREQ BANK,+97143632250,http://www.mashreqbank.com,AE,ARE,UNITED ARAB EMIRATES
544628,MASTERCARD,CREDIT,GOLD,MASHREQ BANK,+97143632250,http://www.mashreqbank.com,AE,ARE,UNITED ARAB EMIRATES
544648,MASTERCARD,DEBIT,PREPAID,DUBAI ISLAMIC BANK PJSC,,,AE,ARE,UNITED ARAB EMIRATES
544666,MASTERCARD,CREDIT,GOLD,FIRST ABU DHABI BANK PJSC,+971600525500,https://www.bankfab.com,AE,ARE,UNITED ARAB EMIRATES
544675,MASTERCARD,CREDIT,TITANIUM,GULF BANK K.S.C.,,http://www.gulfbank.com,KW,KWT,KUWAIT
544709,MASTERCARD,DEBIT,PREPAID,DUBAI ISLAMIC BANK PJSC,,,AE,ARE,UNITED ARAB EMIRATES
544744,MASTERCARD,DEBIT,PREPAID RELOADABLE,NATIONAL COMMERCIAL BANK,,,SA,SAU,SAUDI ARABIA
544759,MASTERCARD,CREDIT,STANDARD,AM BANK S.A.L.,,,LB,LBN,LEBANON
544760,MASTERCARD,CREDIT,STANDARD,AL-MAWARID BANK S.A.L.,,http://www.almawarid.com,LB,LBN,LEBANON
544782,MASTERCARD,CREDIT,STANDARD,EMIRATES NBD,+971800456,http://www.emiratesnbd.com,AE,ARE,UNITED ARAB EMIRATES
544808,MASTERCARD,CREDIT,CORPORATE,DOHA BANK Q.S.C,,,QA,QAT,QATAR
544815,MASTERCARD,CREDIT,WORLD,ABU DHABI ISLAMIC BANK P.J.S.C.,,,AE,ARE,UNITED ARAB EMIRATES
544832,MASTERCARD,CREDIT,GOLD,BANK OF BAGHDAD,+964662568329,http://www.bankofbaghdad.org,IQ,IRQ,IRAQ
544867,MASTERCARD,CREDIT,WORLD,DOHA BANK Q.S.C,,,QA,QAT,QATAR
544869,MASTERCARD,CREDIT,GOLD,JORDAN COMMERCIAL BANK,+96265203000,http://www.jcbank.com.jo,JO,JOR,JORDAN
544873,MASTERCARD,CREDIT,TITANIUM,SAMBA FINANCIAL GROUP,+9668001242000,http://www.samba.com,SA,SAU,SAUDI ARABIA
544894,MASTERCARD,CREDIT,GOLD,CSCBANK S.A.L.,+9611871245,http://www.ccm.com.lb,LB,LBN,LEBANON
544956,MASTERCARD,CREDIT,STANDARD,CSCBANK S.A.L.,+9611871245,http://www.ccm.com.lb,LB,LBN,LEBANON
544975,MASTERCARD,CREDIT,STANDARD,NETWORK INTERNATIONAL LLC,,,AE,ARE,UNITED ARAB EMIRATES
544976,MASTERCARD,CREDIT,GOLD,NETWORK INTERNATIONAL LLC,,,AE,ARE,UNITED ARAB EMIRATES
544978,MASTERCARD,CREDIT,STANDARD,CSCBANK S.A.L.,+9611871245,http://www.ccm.com.lb,LB,LBN,LEBANON
545045,MASTERCARD,DEBIT,WORLD,"EGYPTIAN BANKS CO. FOR TECHNOLOGICAL ADVANCEMENT, S.A.E.",,,EG,EGY,EGYPT
545052,MASTERCARD,CREDIT,TITANIUM,AAFAQ ISLAMIC FINANCE PSC,,,AE,ARE,UNITED ARAB EMIRATES
545056,MASTERCARD,CREDIT,WORLD ELITE,DOHA BANK Q.S.C,,,QA,QAT,QATAR
545063,MASTERCARD,CREDIT,WORLD ELITE,DOHA BANK Q.S.C,,,QA,QAT,QATAR
545066,MASTERCARD,CREDIT,PLATINUM,DOHA BANK Q.S.C,,,QA,QAT,QATAR
545070,MASTERCARD,CREDIT,STANDARD,AHLI UNITED BANK B.S.C.,+97317710559,http://www.ahliunited.com,BH,BHR,BAHRAIN
545071,MASTERCARD,CREDIT,STANDARD,BANK MUSCAT (SAOG),,,OM,OMN,OMAN
545075,MASTERCARD,CREDIT,STANDARD,NATIONAL BANK OF EGYPT,,http://www.nbe.com.eg,EG,EGY,EGYPT
545076,MASTERCARD,CREDIT,WORLD ELITE EXCLUSIVE,DOHA BANK Q.S.C,,,QA,QAT,QATAR
545134,MASTERCARD,CREDIT,WORLD,"MAX IT FINANCE, LTD.",,,IL,ISR,ISRAEL
545136,MASTERCARD,CREDIT,WORLD,ISRAEL CREDIT CARDS LTD.,,,IL,ISR,ISRAEL
545138,MASTERCARD,CREDIT,BUSINESS,BANK LEUMI LE-ISRAEL BM,,,IL,ISR,ISRAEL
545150,MASTERCARD,CREDIT,WORLD ELITE,FIRST ABU DHABI BANK PJSC,+971600525500,https://www.bankfab.com,AE,ARE,UNITED ARAB EMIRATES
545169,MASTERCARD,CREDIT,WORLD ELITE EXCLUSIVE,FIRST ABU DHABI BANK PJSC,+971600525500,https://www.bankfab.com,AE,ARE,UNITED ARAB EMIRATES
545205,MASTERCARD,DEBIT,PREPAID GOLD PAYROLL,THE SAUDI NATIONAL BANK,,,SA,SAU,SAUDI ARABIA
545209,MASTERCARD,CREDIT,WORLD,QATAR NATIONAL BANK,+97444622724,http://www.qnb.com.qa,QA,QAT,QATAR
545218,MASTERCARD,CREDIT,WORLD,BANK MUSCAT (SAOG),,,OM,OMN,OMAN
545267,MASTERCARD,DEBIT,STANDARD,"IRAQ ELECTRONIC GATE FOR FINANCIAL SERVICES CO, LTD.",,,IQ,IRQ,IRAQ
545291,MASTERCARD,CREDIT,GOLD,JORDAN AHLI BANK,06- 5007777,http://www.ahli.com,IQ,IRQ,IRAQ
545297,MASTERCARD,CREDIT,STANDARD,SAUDI BRITISH BANK,,http://www.sabb.com,SA,SAU,SAUDI ARABIA
545318,MASTERCARD,CREDIT,,SAUDI AMERICAN BANK,,http://www.sabb.com,SA,SAU,SAUDI ARABIA
545369,MASTERCARD,CREDIT,BUSINESS,"MAX IT FINANCE, LTD.",,,IL,ISR,ISRAEL
545408,MASTERCARD,CREDIT,PLATINUM,KUWAIT FINANCE HOUSE K.S.C.,+9651803333,http://www.kfh.com,KW,KWT,KUWAIT
545424,MASTERCARD,CREDIT,TITANIUM,GULF BANK K.S.C.,,http://www.gulfbank.com,KW,KWT,KUWAIT
545456,MASTERCARD,CREDIT,WORLD ELITE,NETWORK INTERNATIONAL LLC,,,EG,EGY,EGYPT
545466,MASTERCARD,CREDIT,MIXED PRODUCT,OMAN ARAB BANK S.A.O.C.,,,OM,OMN,OMAN
545531,MASTERCARD,CREDIT,,,,,JO,JOR,JORDAN
545532,MASTERCARD,CREDIT,,,,,JO,JOR,JORDAN
545556,MASTERCARD,CREDIT,PLATINUM,JORDAN KUWAIT BANK,,http://www.jordan-kuwait-bank.com,JO,JOR,JORDAN
545594,MASTERCARD,CREDIT,PLATINUM,HSBC BANK MIDDLE EAST,+97317569999,http://www.hsbc.ae,BH,BHR,BAHRAIN
545607,MASTERCARD,CREDIT,WORLD,JORDAN KUWAIT BANK,,http://www.jordan-kuwait-bank.com,JO,JOR,JORDAN
545619,MASTERCARD,CREDIT,STANDARD,AL-RAJHI BANKING AND INVESTMENT CORPORATION,,,SA,SAU,SAUDI ARABIA
545626,MASTERCARD,CREDIT,PLATINUM,HSBC BANK MIDDLE EAST,+96880074722,http://www.hsbc.ae,OM,OMN,OMAN
545642,MASTERCARD,CREDIT,CORPORATE,BLOM BANK S.A.L.,(961-1) 738938 - 743300 OR (961-1) 372780 - 370830 - 373102,http://www.blom.com.lb,LB,LBN,LEBANON
545649,MASTERCARD,CREDIT,STANDARD,ARAB FINANCIAL SERVICES COMPANY B.S.C. (C),,,AE,ARE,UNITED ARAB EMIRATES
545650,MASTERCARD,CREDIT,GOLD,ARAB FINANCIAL SERVICES COMPANY B.S.C. (C),,,AE,ARE,UNITED ARAB EMIRATES
545651,MASTERCARD,DEBIT,PREPAID,DUBAI ISLAMIC BANK PJSC,,,AE,ARE,UNITED ARAB EMIRATES
545657,MASTERCARD,CREDIT,STANDARD,COMMERCIAL BANK INTERNATIONAL,+97142275265,http://www.cbiuae.com,AE,ARE,UNITED ARAB EMIRATES
545658,MASTERCARD,CREDIT,GOLD,COMMERCIAL BANK INTERNATIONAL,+97142275265,http://www.cbiuae.com,AE,ARE,UNITED ARAB EMIRATES
545662,MASTERCARD,DEBIT,PLATINUM,HOUSING & DEVELOPMENT BANK,,,EG,EGY,EGYPT
545722,MASTERCARD,DEBIT,PREPAID PLATINUM TRAVEL,ARAB PAYMENT SERVICES,,,IQ,IRQ,IRAQ
545748,MASTERCARD,CREDIT,STANDARD,ARAB FINANCIAL SERVICES COMPANY B.S.C. (C),,,AE,ARE,UNITED ARAB EMIRATES
545759,MASTERCARD,DEBIT,PREPAID,MIDDLE EAST PAYMENT SERVICES LIMITED CO.,,,IQ,IRQ,IRAQ
545788,MASTERCARD,CREDIT,STANDARD,ARAB FINANCIAL SERVICES COMPANY B.S.C. (C),,,BH,BHR,BAHRAIN
545792,MASTERCARD,CREDIT,WORLD,FINANCE HOUSE L.L.C.,,,AE,ARE,UNITED ARAB EMIRATES
545816,MASTERCARD,CREDIT,STANDARD,ARAB FINANCIAL SERVICES COMPANY B.S.C. (C),,,QA,QAT,QATAR
545825,MASTERCARD,CREDIT,STANDARD,EMIRATES NBD,+971800456,http://www.emiratesnbd.com,AE,ARE,UNITED ARAB EMIRATES
545855,MASTERCARD,CREDIT,,RIYAD BANK,,http://www.riyadbank.com,SA,SAU,SAUDI ARABIA
545874,MASTERCARD,CREDIT,GOLD,ARAB FINANCIAL SERVICES COMPANY B.S.C. (C),,,AE,ARE,UNITED ARAB EMIRATES
545980,MASTERCARD,CREDIT,STANDARD,CSCBANK S.A.L.,+9611871245,http://www.ccm.com.lb,LB,LBN,LEBANON
545987,MASTERCARD,CREDIT,TITANIUM,"CITIBANK, N.A.",,https://www.citi.com,AE,ARE,UNITED ARAB EMIRATES
546004,MASTERCARD,CREDIT,CORPORATE,HSBC BANK MIDDLE EAST,+97142241000,http://www.hsbc.ae,AE,ARE,UNITED ARAB EMIRATES
546024,MASTERCARD,DEBIT,PREPAID PLATINUM TRAVEL,ITHMAAR BANK B.S.C.,,,BH,BHR,BAHRAIN
546068,MASTERCARD,CREDIT,WORLD,"CITIBANK, N.A.",,https://www.citi.com,AE,ARE,UNITED ARAB EMIRATES
546265,MASTERCARD,CREDIT,GOLD,ARAB FINANCIAL SERVICES COMPANY B.S.C. (C),,,AE,ARE,UNITED ARAB EMIRATES
546266,MASTERCARD,CREDIT,STANDARD,ARAB FINANCIAL SERVICES COMPANY B.S.C. (C),,,AE,ARE,UNITED ARAB EMIRATES
546267,MASTERCARD,DEBIT,PREPAID RELOADABLE,KURDISTAN INTERNATIONAL BANK FOR INVESTMENT AND DEVELOPMENT INC. P.S.C,,,IQ,IRQ,IRAQ
546287,MASTERCARD,CREDIT,PLATINUM,HSBC BANK MIDDLE EAST,,http://www.hsbc.ae,KW,KWT,KUWAIT
546319,MASTERCARD,DEBIT,STANDARD,RIYAD BANK,,http://www.riyadbank.com,SA,SAU,SAUDI ARABIA
546328,MASTERCARD,CREDIT,TITANIUM,FRANSABANK SAL,,,LB,LBN,LEBANON
546329,MASTERCARD,CREDIT,TITANIUM,FRANSABANK SAL,,,LB,LBN,LEBANON
546336,MASTERCARD,DEBIT,PREPAID RELOADABLE,NATIONAL COMMERCIAL BANK,,,SA,SAU,SAUDI ARABIA
546350,MASTERCARD,CREDIT,PLATINUM,EMIRATES NATIONAL BANK OF DUBAI S.A.E,,,EG,EGY,EGYPT
546475,MASTERCARD,DEBIT,,NATIONAL SOCIETE GENERAL BANK S.A.E.,+20227707777,,EG,EGY,EGYPT
546482,MASTERCARD,DEBIT,PREPAID PLATINUM TRAVEL,ABU DHABI ISLAMIC BANK P.J.S.C.,,,AE,ARE,UNITED ARAB EMIRATES
546483,MASTERCARD,DEBIT,TITANIUM,BANQUE MISR,+20223912150,http://www.banquemisr.com,EG,EGY,EGYPT
546526,MASTERCARD,DEBIT,GOLD,JORDAN KUWAIT BANK,,http://www.jordan-kuwait-bank.com,JO,JOR,JORDAN
546529,MASTERCARD,DEBIT,PLATINUM,"CITIBANK, N.A.",,https://www.citi.com,AE,ARE,UNITED ARAB EMIRATES
546568,MASTERCARD,CREDIT,WORLD,BANK NIZWA SAOG,,,OM,OMN,OMAN
546572,MASTERCARD,CREDIT,STANDARD,AM BANK S.A.L.,,,LB,LBN,LEBANON
546573,MASTERCARD,CREDIT,GOLD,AM BANK S.A.L.,,,LB,LBN,LEBANON
546631,MASTERCARD,CREDIT,WORLD,NATIONAL COMMERCIAL BANK,,,SA,SAU,SAUDI ARABIA
546635,MASTERCARD,CREDIT,WORLD,JORDAN AHLI BANK,+96265007777,http://www.ahli.com,JO,JOR,JORDAN
546743,MASTERCARD,CREDIT,GOLD,"INTERNATIONAL CARD CO., LTD.",,http://www.kartee.com.jo,JO,JOR,JORDAN
546746,MASTERCARD,CREDIT,GOLD,ARAB FINANCIAL SERVICES COMPANY B.S.C. (C),,,IQ,IRQ,IRAQ
546750,MASTERCARD,DEBIT,BUSINESS,NATIONAL BANK OF RAS AL-KHAIMAH (RAKBANK),,,AE,ARE,UNITED ARAB EMIRATES
546755,MASTERCARD,CREDIT,WORLD,SAUDI AWWAL BANK,,,SA,SAU,SAUDI ARABIA
546756,MASTERCARD,CREDIT,WORLD ELITE FLEX,SAUDI AWWAL BANK,,,SA,SAU,SAUDI ARABIA
546757,MASTERCARD,CREDIT,PLATINUM,SAUDI AWWAL BANK,,,SA,SAU,SAUDI ARABIA
546758,MASTERCARD,CREDIT,GOLD,ITHMAAR BANK B.S.C.,,,BH,BHR,BAHRAIN
546760,MASTERCARD,CREDIT,GOLD,"INTERNATIONAL CARD CO., LTD.",,http://www.kartee.com.jo,JO,JOR,JORDAN
546771,MASTERCARD,DEBIT,TITANIUM,NETWORK INTERNATIONAL LLC,,,AE,ARE,UNITED ARAB EMIRATES
546799,MASTERCARD,DEBIT,PREPAID,FIRST ABU DHABI BANK PJSC,+20225204375,https://www.bankfab.com,EG,EGY,EGYPT
546803,MASTERCARD,CREDIT,GOLD,BANK DHOFAR SAOG,,,OM,OMN,OMAN
546808,MASTERCARD,CREDIT,GOLD,ARAB PAYMENT SERVICES,,,IQ,IRQ,IRAQ
546879,MASTERCARD,CREDIT,GOLD,ARAB FINANCIAL SERVICES COMPANY B.S.C. (C),,,AE,ARE,UNITED ARAB EMIRATES
546891,MASTERCARD,CREDIT,GOLD,JORDAN ISLAMIC BANK CO.,,,JO,JOR,JORDAN
546921,MASTERCARD,DEBIT,,ALEXBANK,1 9 0 3 3,http://www.alexbank.com,EG,EGY,EGYPT
546924,MASTERCARD,CREDIT,WORLD ELITE,BANK ALJAZIRA,,,SA,SAU,SAUDI ARABIA
547010,MASTERCARD,CREDIT,GOLD,ARAB FINANCIAL SERVICES COMPANY B.S.C. (C),,,BH,BHR,BAHRAIN
547017,MASTERCARD,CREDIT,GOLD,ARAB FINANCIAL SERVICES COMPANY B.S.C. (C),,,QA,QAT,QATAR
547019,MASTERCARD,CREDIT,GOLD,BAHRAIN ISLAMIC BANK B.S.C,,,BH,BHR,BAHRAIN
547021,MASTERCARD,CREDIT,STANDARD,"COMMERCIAL BANK OF QATAR, LTD.",+97444490000,http://www.cbq.com.qa,QA,QAT,QATAR
547026,MASTERCARD,CREDIT,WORLD ELITE,ALINMA BANK,,,SA,SAU,SAUDI ARABIA
547042,MASTERCARD,CREDIT,PLATINUM,BANQUE SAUDI FRANSI,966 1 289 9999 OR 966 1 874 4000,http://www.alfransi.com.sa,SA,SAU,SAUDI ARABIA
547045,MASTERCARD,CREDIT,PLATINUM,KUWAIT FINANCE HOUSE K.S.C.,+9651803333,http://www.kfh.com,KW,KWT,KUWAIT
547047,MASTERCARD,CREDIT,,"CARDS FINANCIAL SERVICES COMPANY, B.S.C.",,,BH,BHR,BAHRAIN
547084,MASTERCARD,DEBIT,STANDARD,TRADE BANK OF IRAQ,+96415433561,http://www.tbiraq.com,IQ,IRQ,IRAQ
547085,MASTERCARD,CREDIT,GOLD,CSCBANK SAL,,,LB,LBN,LEBANON
547105,MASTERCARD,CREDIT,WORLD,SHARJAH ISLAMIC BANK PJSC,+97165999999,http://www.sib.ae,AE,ARE,UNITED ARAB EMIRATES
547111,MASTERCARD,CREDIT,GOLD,FIRST ABU DHABI BANK PJSC,+971600525500,https://www.bankfab.com,AE,ARE,UNITED ARAB EMIRATES
547112,MASTERCARD,CREDIT,GOLD,ABU DHABI ISLAMIC BANK,,http://www.adib.ae,EG,EGY,EGYPT
547136,MASTERCARD,CREDIT,GOLD,CSCBANK S.A.L.,+9611871245,http://www.ccm.com.lb,LB,LBN,LEBANON
547147,MASTERCARD,CREDIT,PLATINUM,HSBC BANK MIDDLE EAST,+97142241000,http://www.hsbc.ae,AE,ARE,UNITED ARAB EMIRATES
547148,MASTERCARD,CREDIT,PLATINUM,HSBC BANK MIDDLE EAST,+97142241000,http://www.hsbc.ae,AE,ARE,UNITED ARAB EMIRATES
547173,MASTERCARD,CREDIT,,,,,SY,SYR,SYRIAN ARAB REPUBLIC
547179,MASTERCARD,CREDIT,GOLD,EMERGING MARKETS PAYMENTS AFRICA,,,EG,EGY,EGYPT
547185,MASTERCARD,CREDIT,WORLD,WARBA BANK K.S.C,,,KW,KWT,KUWAIT
547310,MASTERCARD,DEBIT,PREPAID,QATAR NATIONAL BANK AL-AHLI S.A.E,,,EG,EGY,EGYPT
547331,MASTERCARD,DEBIT,PREPAID RELOADABLE,COMMERCIAL BANK OF DUBAI,+97126268400,http://www.cbd.ae,AE,ARE,UNITED ARAB EMIRATES
547390,MASTERCARD,DEBIT,STANDARD,"IRAQ ELECTRONIC GATE FOR FINANCIAL SERVICES CO, LTD.",,,IQ,IRQ,IRAQ
547401,MASTERCARD,CREDIT,,,,,OM,OMN,OMAN
547405,MASTERCARD,CREDIT,PLATINUM,COMMERCIAL BANK OF QATAR Q.S.C,,,QA,QAT,QATAR
547432,MASTERCARD,CREDIT,,QATAR NATIONAL BANK,+97444622724,http://www.qnb.com.qa,QA,QAT,QATAR
547436,MASTERCARD,CREDIT,BUSINESS,BANQUE MISR,+20223912150,http://www.banquemisr.com,EG,EGY,EGYPT
547443,MASTERCARD,CREDIT,BUSINESS,MASHREQ BANK,,http://www.mashreqbank.com,QA,QAT,QATAR
547561,MASTERCARD,CREDIT,,BANK MUSCAT AL AHLI AL OMANI LTD. (S.A.O.G.),,,OM,OMN,OMAN
547584,MASTERCARD,CREDIT,BUSINESS,ISRAEL CREDIT CARDS LTD.,,,IL,ISR,ISRAEL
547640,MASTERCARD,CREDIT,BUSINESS,NATIONAL BANK OF KUWAIT (S.A.K.),,,KW,KWT,KUWAIT
547645,MASTERCARD,CREDIT,CORPORATE,SAUDI AWWAL BANK,,,SA,SAU,SAUDI ARABIA
547657,MASTERCARD,DEBIT,PREPAID RELOADABLE,RIYAD BANK,,http://www.riyadbank.com,SA,SAU,SAUDI ARABIA
547658,MASTERCARD,CREDIT,EXECUTIVE BUSINESS,ABU DHABI COMMERCIAL BANK,+97126962222,http://www.adcb.com,AE,ARE,UNITED ARAB EMIRATES
547668,MASTERCARD,DEBIT,PREPAID,NATIONAL BANK OF EGYPT,,http://www.nbe.com.eg,EG,EGY,EGYPT
547704,MASTERCARD,CREDIT,BUSINESS,MASHREQ BANK,+97143632250,http://www.mashreqbank.com,AE,ARE,UNITED ARAB EMIRATES
547707,MASTERCARD,CREDIT,BUSINESS,ISRAEL CREDIT CARDS LTD.,,,IL,ISR,ISRAEL
547714,MASTERCARD,CREDIT,BUSINESS,ISRAEL CREDIT CARDS LTD.,,,IL,ISR,ISRAEL
547718,MASTERCARD,CREDIT,BUSINESS,BANK LEUMI LE-ISRAEL BM,,,IL,ISR,ISRAEL
547722,MASTERCARD,CREDIT,WORLD,"SUEZ CANAL BANK, S.A.E.",,,EG,EGY,EGYPT
547850,MASTERCARD,CREDIT,CORPORATE,BANKMED SAL,,,LB,LBN,LEBANON
547868,MASTERCARD,DEBIT,PREPAID,ARAB FINANCIAL SERVICES COMPANY B.S.C. (C),,,BH,BHR,BAHRAIN
548050,MASTERCARD,DEBIT,PREPAID,ALEXBANK,1 9 0 3 3,http://www.alexbank.com,EG,EGY,EGYPT
548063,MASTERCARD,DEBIT,,,,,AE,ARE,UNITED ARAB EMIRATES
548082,MASTERCARD,CREDIT,PLATINUM,MASHREQ BANK,+97143632250,http://www.mashreqbank.com,AE,ARE,UNITED ARAB EMIRATES
548109,MASTERCARD,CREDIT,GOLD,ITHMAAR BANK B.S.C.,,,BH,BHR,BAHRAIN
548110,MASTERCARD,CREDIT,WORLD,ITHMAAR BANK B.S.C.,,,BH,BHR,BAHRAIN
548111,MASTERCARD,CREDIT,GOLD,ITHMAAR BANK B.S.C.,,,BH,BHR,BAHRAIN
548112,MASTERCARD,CREDIT,PLATINUM,OMAN ARAB BANK S.A.O.C.,,,OM,OMN,OMAN
548118,MASTERCARD,CREDIT,,,,,SY,SYR,SYRIAN ARAB REPUBLIC
548127,MASTERCARD,CREDIT,PLATINUM,HSBC BANK MIDDLE EAST,+974 4441 6663 A851+A851,http://www.hsbc.ae,QA,QAT,QATAR
548128,MASTERCARD,CREDIT,PLATINUM,HSBC BANK MIDDLE EAST,+974 4441 6663 A851+A851,http://www.hsbc.ae,QA,QAT,QATAR
548139,MASTERCARD,CREDIT,PLATINUM,HSBC BANK MIDDLE EAST,+97317569999,http://www.hsbc.ae,BH,BHR,BAHRAIN
548162,MASTERCARD,CREDIT,PLATINUM,HSBC BANK MIDDLE EAST,+97317569999,http://www.hsbc.ae,BH,BHR,BAHRAIN
548178,MASTERCARD,CREDIT,STANDARD,FRANSABANK SAL,,,LB,LBN,LEBANON
548179,MASTERCARD,CREDIT,GOLD,FRANSABANK SAL,,,LB,LBN,LEBANON
548183,MASTERCARD,CREDIT,STANDARD,"COMMERCIAL BANK OF KUWAIT, S.A.K.",00971 2 6447944,http://www.cbk.com,KW,KWT,KUWAIT
548184,MASTERCARD,CREDIT,,"COMMERCIAL BANK OF KUWAIT, S.A.K.",00971 2 6447944,http://www.cbk.com,KW,KWT,KUWAIT
548224,MASTERCARD,CREDIT,PLATINUM,ARAB BANK FOR INVESTMENT & FOREIGN TRADE,,,AE,ARE,UNITED ARAB EMIRATES
548247,MASTERCARD,CREDIT,GOLD,SAMBA FINANCIAL GROUP,+9718001242000,http://www.samba.com,AE,ARE,UNITED ARAB EMIRATES
548248,MASTERCARD,CREDIT,,,,,SY,SYR,SYRIAN ARAB REPUBLIC
548255,MASTERCARD,CREDIT,GOLD,THE SAUDI NATIONAL BANK,,,SA,SAU,SAUDI ARABIA
548274,MASTERCARD,DEBIT,PREPAID,ALEXBANK,1 9 0 3 3,http://www.alexbank.com,EG,EGY,EGYPT
548277,MASTERCARD,CREDIT,TITANIUM,COMMERCIAL BANK OF KUWAIT S.A.K.,,,KW,KWT,KUWAIT
548306,MASTERCARD,CREDIT,,,,,SY,SYR,SYRIAN ARAB REPUBLIC
548322,MASTERCARD,CREDIT,STANDARD,RIYAD BANK,,http://www.riyadbank.com,SA,SAU,SAUDI ARABIA
548323,MASTERCARD,CREDIT,GOLD,RIYAD BANK,,http://www.riyadbank.com,SA,SAU,SAUDI ARABIA
548349,MASTERCARD,CREDIT,STANDARD,ALAWWAL BANK,,,SA,SAU,SAUDI ARABIA
548350,MASTERCARD,CREDIT,TITANIUM,ALAWWAL BANK,,,SA,SAU,SAUDI ARABIA
548354,MASTERCARD,CREDIT,WORLD,BANK HAPOALIM B.M.,,,IL,ISR,ISRAEL
548384,MASTERCARD,CREDIT,PLATINUM,ARAB BANK FOR INVESTMENT & FOREIGN TRADE,,,AE,ARE,UNITED ARAB EMIRATES
548446,MASTERCARD,DEBIT,STANDARD,BANQUE DU CAIRE,+20222648410,http://www.bdc.com.eg,EG,EGY,EGYPT
548457,MASTERCARD,CREDIT,GOLD,ABU DHABI ISLAMIC BANK,,http://www.adib.ae,EG,EGY,EGYPT
548492,MASTERCARD,CREDIT,GOLD,"INTERNATIONAL CARD CO., LTD.",96265660660,http://www.kartee.com.jo,PS,PSE,"PALESTINIAN TERRITORY, OCCUPIED"
548528,MASTERCARD,DEBIT,PREPAID,BAHRAIN ISLAMIC BANK B.S.C,,,BH,BHR,BAHRAIN
548542,MASTERCARD,CREDIT,PLATINUM,ITHMAAR BANK B.S.C.,,,BH,BHR,BAHRAIN
548564,MASTERCARD,DEBIT,PREPAID,QATAR NATIONAL BANK AL-AHLI S.A.E,,,EG,EGY,EGYPT
548585,MASTERCARD,CREDIT,PLATINUM,JORDAN KUWAIT BANK,,http://www.jordan-kuwait-bank.com,JO,JOR,JORDAN
548587,MASTERCARD,CREDIT,PLATINUM,NATIONAL BANK OF OMAN (SAOG),,,OM,OMN,OMAN
548599,MASTERCARD,CREDIT,PLATINUM,FRANSABANK SAL,,,LB,LBN,LEBANON
548642,MASTERCARD,CREDIT,STANDARD,ABU DHABI ISLAMIC BANK,,http://www.adib.ae,EG,EGY,EGYPT
548644,MASTERCARD,DEBIT,PREPAID,ARAB PAYMENT SERVICES,,,IQ,IRQ,IRAQ
548670,MASTERCARD,CREDIT,INSTALLMENT PAYMENTS S,FIRST ABU DHABI BANK PJSC,+971600525500,https://www.bankfab.com,AE,ARE,UNITED ARAB EMIRATES
548703,MASTERCARD,CREDIT,STANDARD,JORDAN AHLI BANK,+96265007777,http://www.ahli.com,JO,JOR,JORDAN
548746,MASTERCARD,DEBIT,PREPAID GOLD PAYROLL,COMMERCIAL BANK OF DUBAI,+97126268400,http://www.cbd.ae,AE,ARE,UNITED ARAB EMIRATES
548759,MASTERCARD,CREDIT,GOLD,"EGYPTIAN BANKS CO. FOR TECHNOLOGICAL ADVANCEMENT, S.A",,,EG,EGY,EGYPT
548760,MASTERCARD,CREDIT,GOLD,ABU DHABI COMMERCIAL BANK,+97126962222,http://www.adcb.com,AE,ARE,UNITED ARAB EMIRATES
548769,MASTERCARD,CREDIT,GOLD,ARAB FINANCIAL SERVICES COMPANY B.S.C. (C),,,OM,OMN,OMAN
548845,MASTERCARD,CREDIT,WORLD,WARBA BANK K.S.C,,,KW,KWT,KUWAIT
548881,MASTERCARD,CREDIT,TITANIUM,FRANSABANK SAL,,,LB,LBN,LEBANON
548894,MASTERCARD,CREDIT,WORLD ELITE,JORDAN KUWAIT BANK,,http://www.jordan-kuwait-bank.com,JO,JOR,JORDAN
548896,MASTERCARD,CREDIT,STANDARD,FRANSABANK S.A.L.,+9611340180,http://www.fransabank.com,LB,LBN,LEBANON
548903,MASTERCARD,CREDIT,STANDARD,UNITED BANK S.E.A.,,,EG,EGY,EGYPT
548905,MASTERCARD,CREDIT,STANDARD,FRANSABANK SAL,,,LB,LBN,LEBANON
548916,MASTERCARD,CREDIT,STANDARD,FRANSABANK SAL,,,LB,LBN,LEBANON
548920,MASTERCARD,CREDIT,STANDARD,BANQUE LIBANO - FRANCAISE S.A.L.,,,LB,LBN,LEBANON
548930,MASTERCARD,CREDIT,BUSINESS,ITHMAAR BANK B.S.C.,,,BH,BHR,BAHRAIN
548966,MASTERCARD,CREDIT,,BANK MUSCAT LTD. (S.A.O.G.),,,OM,OMN,OMAN
548972,MASTERCARD,CREDIT,GOLD,CSCBANK S.A.L.,+9611871245,http://www.ccm.com.lb,LB,LBN,LEBANON
548979,MASTERCARD,CREDIT,STANDARD,ALAWWAL BANK,,,SA,SAU,SAUDI ARABIA
549131,MASTERCARD,DEBIT,PLATINUM,BANK NIZWA SAOG,,,OM,OMN,OMAN
549140,MASTERCARD,CREDIT,PLATINUM,STANDARD CHARTERED BANK,+971600522288,https://www.sc.com,AE,ARE,UNITED ARAB EMIRATES
549173,MASTERCARD,DEBIT,PLATINUM,ARAB BANK FOR INVESTMENT & FOREIGN TRADE,,,AE,ARE,UNITED ARAB EMIRATES
549184,MASTERCARD,DEBIT,PLATINUM,BANK NIZWA SAOG,,,OM,OMN,OMAN
549187,MASTERCARD,CREDIT,,,,,SY,SYR,SYRIAN ARAB REPUBLIC
549212,MASTERCARD,DEBIT,PREPAID,,,,IL,ISR,ISRAEL
549231,MASTERCARD,CREDIT,WORLD,NETWORK INTERNATIONAL LLC,,,AE,ARE,UNITED ARAB EMIRATES
549241,MASTERCARD,CREDIT,STANDARD,CSCBANK S.A.L.,961) 1 742 555,http://www.ccm.com.lb,IQ,IRQ,IRAQ
549266,MASTERCARD,DEBIT,PREPAID,DOHA BANK Q.S.C,,,QA,QAT,QATAR
549284,MASTERCARD,CREDIT,WORLD,FIRST ABU DHABI BANK PJSC,+971600525500,https://www.bankfab.com,AE,ARE,UNITED ARAB EMIRATES
549305,MASTERCARD,CREDIT,TITANIUM,DUBAI ISLAMIC BANK PJSC,,,AE,ARE,UNITED ARAB EMIRATES
549400,MASTERCARD,CREDIT,,ARAB NATIONAL BANK,,,SA,SAU,SAUDI ARABIA
549458,MASTERCARD,DEBIT,BUSINESS,DUBAI ISLAMIC BANK PJSC,,,AE,ARE,UNITED ARAB EMIRATES
549566,MASTERCARD,DEBIT,BUSINESS,NATIONAL BANK OF RAS AL-KHAIMAH (RAKBANK),,,AE,ARE,UNITED ARAB EMIRATES
549620,MASTERCARD,DEBIT,PREPAID RELOADABLE,TULAN BEST MARKETING COMPANY,,,JO,JOR,JORDAN
549632,MASTERCARD,DEBIT,PREPAID RELOADABLE,TULAN BEST MARKETING COMPANY,,,JO,JOR,JORDAN
549641,MASTERCARD,DEBIT,PREPAID,AL HULOOL FOR MOBILE PAYMENTS,,,JO,JOR,JORDAN
549699,MASTERCARD,CREDIT,WORLD ELITE,THE SAUDI NATIONAL BANK,,,SA,SAU,SAUDI ARABIA
549723,MASTERCARD,DEBIT,WORLD ELITE,ALEXBANK,1 9 0 3 3,http://www.alexbank.com,EG,EGY,EGYPT
549731,MASTERCARD,CREDIT,WORLD,FIRST ABU DHABI BANK PJSC,,https://www.bankfab.com,SA,SAU,SAUDI ARABIA
549742,MASTERCARD,CREDIT,TITANIUM,NETWORK INTERNATIONAL LLC,,,AE,ARE,UNITED ARAB EMIRATES
549744,MASTERCARD,CREDIT,WORLD ELITE,ABU DHABI ISLAMIC BANK,,http://www.adib.ae,EG,EGY,EGYPT
549746,MASTERCARD,CREDIT,WORLD,NATIONAL BANK OF EGYPT,,http://www.nbe.com.eg,EG,EGY,EGYPT
549755,MASTERCARD,DEBIT,BUSINESS,FIRST ABU DHABI BANK PJSC,+971600525500,https://www.bankfab.com,AE,ARE,UNITED ARAB EMIRATES
549758,MASTERCARD,DEBIT,STANDARD,CSCBANK S.A.L.,+9611871245,http://www.ccm.com.lb,LB,LBN,LEBANON
549760,MASTERCARD,DEBIT,PREPAID,THE SAUDI NATIONAL BANK,,,SA,SAU,SAUDI ARABIA
549761,MASTERCARD,DEBIT,STANDARD,CSCBANK SAL,,,LB,LBN,LEBANON
549762,MASTERCARD,DEBIT,STANDARD,HOUSING AND DEVELOPMENT BANK,+20237492013,http://www.hdb-egy.com,EG,EGY,EGYPT
549763,MASTERCARD,DEBIT,STANDARD,"EGYPTIAN BANKS CO. FOR TECHNOLOGICAL ADVANCEMENT, S.A.E.",,,EG,EGY,EGYPT
549767,MASTERCARD,DEBIT,STANDARD,CSCBANK S.A.L.,+9611871245,http://www.ccm.com.lb,LB,LBN,LEBANON
549770,MASTERCARD,CREDIT,,,,,SY,SYR,SYRIAN ARAB REPUBLIC
549773,MASTERCARD,CREDIT,STANDARD,CSCBANK S.A.L.,+9611871245,http://www.ccm.com.lb,LB,LBN,LEBANON
549776,MASTERCARD,DEBIT,STANDARD,UNITED BANK S.E.A.,,,EG,EGY,EGYPT
549786,MASTERCARD,DEBIT,STANDARD,EMIRATES NATIONAL BANK OF DUBAI S.A.E,,,EG,EGY,EGYPT
549790,MASTERCARD,DEBIT,STANDARD,EMIRATES NATIONAL BANK OF DUBAI S.A.E,,,EG,EGY,EGYPT
549791,MASTERCARD,DEBIT,STANDARD,CSCBANK SAL,,,LB,LBN,LEBANON
549799,MASTERCARD,CREDIT,WORLD ELITE,SAUDI AWWAL BANK,,,SA,SAU,SAUDI ARABIA
549814,MASTERCARD,DEBIT,PREPAID,"EGYPTIAN BANKS CO. FOR TECHNOLOGICAL ADVANCEMENT, S.A.E.",,,EG,EGY,EGYPT
549816,MASTERCARD,CREDIT,CORPORATE,HSBC BANK MIDDLE EAST,+974 4441 6663 A851+A851,http://www.hsbc.ae,QA,QAT,QATAR
549819,MASTERCARD,CREDIT,PLATINUM,FRANSABANK SAL,,,LB,LBN,LEBANON
549836,MASTERCARD,CREDIT,WORLD ELITE,BANKMED SAL,,,LB,LBN,LEBANON
549838,MASTERCARD,CREDIT,WORLD,COMMERCIAL BANK OF DUBAI,+97126268400,http://www.cbd.ae,AE,ARE,UNITED ARAB EMIRATES
549860,MASTERCARD,CREDIT,PLATINUM,AREEBA S.A.L,,,JO,JOR,JORDAN
549876,MASTERCARD,CREDIT,GOLD,CSCBANK S.A.L.,961) 1 742 555,http://www.ccm.com.lb,IQ,IRQ,IRAQ
549908,MASTERCARD,CREDIT,TITANIUM,NETWORK INTERNATIONAL LLC,,,AE,ARE,UNITED ARAB EMIRATES
549914,MASTERCARD,CREDIT,WORLD ELITE,SOCIETE GENERALE DE BANQUE AU LIBAN S.A.L.,1274477777,http://www.sgbl.com.lb,LB,LBN,LEBANON
549923,MASTERCARD,CREDIT,WORLD ELITE,CAIRO AMMAN BANK PLC,,,JO,JOR,JORDAN
549954,MASTERCARD,CREDIT,STANDARD,THE SAUDI NATIONAL BANK,,,SA,SAU,SAUDI ARABIA
549961,MASTERCARD,CREDIT,GOLD,CSCBANK S.A.L.,+9611871245,http://www.ccm.com.lb,LB,LBN,LEBANON
549962,MASTERCARD,CREDIT,STANDARD,CSCBANK S.A.L.,+9611871245,http://www.ccm.com.lb,LB,LBN,LEBANON
549963,MASTERCARD,CREDIT,TITANIUM,AL-RAJHI BANKING AND INVESTMENT CORPORATION,,,SA,SAU,SAUDI ARABIA
549964,MASTERCARD,CREDIT,TITANIUM,AL-RAJHI BANKING AND INVESTMENT CORPORATION,,,SA,SAU,SAUDI ARABIA
549990,MASTERCARD,CREDIT,PLATINUM,SHARJAH ISLAMIC BANK PJSC,+97165999999,http://www.sib.ae,AE,ARE,UNITED ARAB EMIRATES
550002,MASTERCARD,CREDIT,TITANIUM,BANK ALJAZIRA,,,SA,SAU,SAUDI ARABIA
550023,MASTERCARD,CREDIT,GOLD,"BANK OF BEIRUT, S.A.L.",,,LB,LBN,LEBANON
550043,MASTERCARD,DEBIT,PREPAID,NOOR BANK PJSC,,,AE,ARE,UNITED ARAB EMIRATES
550061,MASTERCARD,CREDIT,PLATINUM,NATIONAL BANK OF OMAN (SAOG),,,OM,OMN,OMAN
550110,MASTERCARD,DEBIT,PREPAID RELOADABLE,LARI EXCHANGE,,,AE,ARE,UNITED ARAB EMIRATES
550119,MASTERCARD,DEBIT,STANDARD,NETWORK INTERNATIONAL PAYMENT SERVICES,,,EG,EGY,EGYPT
550126,MASTERCARD,CREDIT,CORPORATE,MASHREQ BANK,+97143632250,http://www.mashreqbank.com,AE,ARE,UNITED ARAB EMIRATES
550134,MASTERCARD,DEBIT,PREPAID,DUBAI ISLAMIC BANK PJSC,,,AE,ARE,UNITED ARAB EMIRATES
550136,MASTERCARD,DEBIT,PREPAID,MIDDLE EAST PAYMENT SERVICES LIMITED CO.,,,JO,JOR,JORDAN
550156,MASTERCARD,DEBIT,PREPAID,NOOR BANK PJSC,,,AE,ARE,UNITED ARAB EMIRATES
550228,MASTERCARD,CREDIT,GOLD,UNITED BANK S.E.A.,,,EG,EGY,EGYPT
550254,MASTERCARD,CREDIT,GOLD,BANK NIZWA SAOG,,,OM,OMN,OMAN
550263,MASTERCARD,DEBIT,PREPAID,MIDDLE EAST PAYMENT SERVICES LIMITED CO.,,,JO,JOR,JORDAN
550304,MASTERCARD,CREDIT,,NATIONAL BANK OF OMAN LTD. (S.A.O.G.),,,OM,OMN,OMAN
550309,MASTERCARD,CREDIT,,,,,LB,LBN,LEBANON
550368,MASTERCARD,DEBIT,WORLD ELITE,BANQUE MISR,+20223912150,http://www.banquemisr.com,EG,EGY,EGYPT
550445,MASTERCARD,DEBIT,PREPAID RELOADABLE,TULAN BEST MARKETING COMPANY,,,JO,JOR,JORDAN
550483,MASTERCARD,DEBIT,PREPAID RELOADABLE,CAIRO AMMAN BANK PLC,,,JO,JOR,JORDAN
550496,MASTERCARD,DEBIT,PREPAID,FRANSABANK SAL,,,LB,LBN,LEBANON
550506,MASTERCARD,CREDIT,,COMMERCIAL INTERNATIONAL BANK (EGYPT) S.A.E.,971 - 4 - 3589381,http://www.cibeg.com,EG,EGY,EGYPT
550576,MASTERCARD,DEBIT,,"ISRAEL CREDIT CARDS, LTD.",360-378-2265,http://www.cal-intl.com,IL,ISR,ISRAEL
550579,MASTERCARD,CREDIT,PLATINUM,CSCBANK SAL,,,IQ,IRQ,IRAQ
550609,MASTERCARD,DEBIT,,"ISRAEL CREDIT CARDS, LTD.",360-378-2265,http://www.cal-intl.com,IL,ISR,ISRAEL
550612,MASTERCARD,DEBIT,,"ISRAEL CREDIT CARDS, LTD.",360-378-2265,http://www.cal-intl.com,IL,ISR,ISRAEL
550766,MASTERCARD,DEBIT,PREPAID RELOADABLE,THE NATIONAL BANK PLC,,,PS,PSE,"PALESTINIAN TERRITORY, OCCUPIED"
550869,MASTERCARD,CREDIT,WORLD,NETWORK INTERNATIONAL LLC,,,AE,ARE,UNITED ARAB EMIRATES
550902,MASTERCARD,DEBIT,PREPAID,FIRST ABU DHABI BANK PJSC,+971600525500,https://www.bankfab.com,AE,ARE,UNITED ARAB EMIRATES
550961,MASTERCARD,DEBIT,PREPAID,FIRST ABU DHABI BANK PJSC,+971600525500,https://www.bankfab.com,AE,ARE,UNITED ARAB EMIRATES
550976,MASTERCARD,DEBIT,PREPAID,MAWARID FINANCE PJSC,,,AE,ARE,UNITED ARAB EMIRATES
550990,MASTERCARD,DEBIT,PREPAID RELOADABLE,MAWARID FINANCE PJSC,,,AE,ARE,UNITED ARAB EMIRATES
551034,MASTERCARD,DEBIT,STANDARD,SHARJAH ISLAMIC BANK PJSC,+97165999999,http://www.sib.ae,AE,ARE,UNITED ARAB EMIRATES
551090,MASTERCARD,DEBIT,PREPAID,AL HULOOL FOR MOBILE PAYMENTS,,,JO,JOR,JORDAN
551230,MASTERCARD,DEBIT,BUSINESS,FIRST ABU DHABI BANK PJSC,+971600525500,https://www.bankfab.com,AE,ARE,UNITED ARAB EMIRATES
551268,MASTERCARD,DEBIT,PLATINUM,BANQUE MISR,+20223912150,http://www.banquemisr.com,EG,EGY,EGYPT
551347,MASTERCARD,DEBIT,STANDARD,JORDAN KUWAIT BANK,,http://www.jordan-kuwait-bank.com,JO,JOR,JORDAN
551592,MASTERCARD,DEBIT,STANDARD,SYRIA GULF BANK,,,SY,SYR,SYRIAN ARAB REPUBLIC
551651,MASTERCARD,DEBIT,PREPAID PLATINUM TRAVEL,PAYMENT INTERNATIONAL ENTERPRISE BSC,,,BH,BHR,BAHRAIN
551774,MASTERCARD,DEBIT,BUSINESS,FIRST ABU DHABI BANK PJSC,+971600525500,https://www.bankfab.com,AE,ARE,UNITED ARAB EMIRATES
551882,MASTERCARD,DEBIT,,ALINMA BANK,,,SA,SAU,SAUDI ARABIA
551969,MASTERCARD,DEBIT,PREPAID WORLD,NATIONAL BANK OF RAS AL-KHAIMAH (RAKBANK),,,AE,ARE,UNITED ARAB EMIRATES
552006,MASTERCARD,CREDIT,PLATINUM,ABU DHABI COMMERCIAL BANK,+97126962222,http://www.adcb.com,AE,ARE,UNITED ARAB EMIRATES
552007,MASTERCARD,CREDIT,TITANIUM,GULF BANK K.S.C.,,http://www.gulfbank.com,KW,KWT,KUWAIT
552009,MASTERCARD,CREDIT,PLATINUM,CSCBANK SAL,,,LB,LBN,LEBANON
552012,MASTERCARD,CREDIT,PLATINUM,BANQUE SAUDI FRANSI,966 1 289 9999 OR 966 1 874 4000,http://www.alfransi.com.sa,SA,SAU,SAUDI ARABIA
552029,MASTERCARD,CREDIT,PLATINUM,BANK MUSCAT (SAOG),,,OM,OMN,OMAN
552035,MASTERCARD,DEBIT,STANDARD,ISRACARD LTD.,,,IL,ISR,ISRAEL
552045,MASTERCARD,CREDIT,PLATINUM,FRANSABANK SAL,,,LB,LBN,LEBANON
552050,MASTERCARD,CREDIT,TITANIUM,NATIONAL BANK OF KUWAIT (S.A.K.),,,KW,KWT,KUWAIT
552056,MASTERCARD,CREDIT,PLATINUM,CSCBANK SAL,,,LB,LBN,LEBANON
552062,MASTERCARD,CREDIT,PLATINUM,SOCIETE GENERALE DE BANQUE AU LIBAN S.A.L.,1274477777,http://www.sgbl.com.lb,LB,LBN,LEBANON
552067,MASTERCARD,CREDIT,WORLD,HSBC BANK MIDDLE EAST,+974 4441 6663 A851+A851,http://www.hsbc.ae,QA,QAT,QATAR
552075,MASTERCARD,CREDIT,PLATINUM,THE SAUDI NATIONAL BANK,,,SA,SAU,SAUDI ARABIA
552077,MASTERCARD,CREDIT,WORLD ELITE,THE SAUDI NATIONAL BANK,,,SA,SAU,SAUDI ARABIA
552078,MASTERCARD,CREDIT,PLATINUM,GULF BANK K.S.C.,,http://www.gulfbank.com,KW,KWT,KUWAIT
552089,MASTERCARD,CREDIT,PLATINUM,SAMBA FINANCIAL GROUP,+9668001242000,http://www.samba.com,SA,SAU,SAUDI ARABIA
552102,MASTERCARD,CREDIT,WORLD,HSBC BANK MIDDLE EAST,+97142241000,http://www.hsbc.ae,AE,ARE,UNITED ARAB EMIRATES
552104,MASTERCARD,CREDIT,WORLD,HSBC BANK MIDDLE EAST,+96880074722,http://www.hsbc.ae,OM,OMN,OMAN
552105,MASTERCARD,CREDIT,,,,,JO,JOR,JORDAN
552107,MASTERCARD,CREDIT,WORLD,HSBC BANK MIDDLE EAST,+97317569999,http://www.hsbc.ae,BH,BHR,BAHRAIN
552108,MASTERCARD,CREDIT,WORLD,BLOM BANK SAL,,,LB,LBN,LEBANON
552110,MASTERCARD,CREDIT,PLATINUM,CREDIMAX BSC (CLOSED),,,BH,BHR,BAHRAIN
552113,MASTERCARD,CREDIT,PLATINUM,QATAR NATIONAL BANK,+97444622724,http://www.qnb.com.qa,QA,QAT,QATAR
552119,MASTERCARD,DEBIT,WORLD,NETWORK INTERNATIONAL LLC,,,AE,ARE,UNITED ARAB EMIRATES
552173,MASTERCARD,DEBIT,PREPAID,SOCIETE ARABE INTERNATIONALE DE BANQUE,,,EG,EGY,EGYPT
552174,MASTERCARD,DEBIT,PREPAID,CAIRO AMMAN BANK PLC,,,PS,PSE,"PALESTINIAN TERRITORY, OCCUPIED"
552176,MASTERCARD,CREDIT,PLATINUM,BANK LEUMI LE-ISRAEL BM,,,IL,ISR,ISRAEL
552177,MASTERCARD,CREDIT,PLATINUM,"MAX IT FINANCE, LTD.",,,IL,ISR,ISRAEL
552183,MASTERCARD,CREDIT,PLATINUM,ISRAEL CREDIT CARDS LTD.,,,IL,ISR,ISRAEL
552184,MASTERCARD,CREDIT,PLATINUM,ISRAEL CREDIT CARDS LTD.,,,IL,ISR,ISRAEL
552190,MASTERCARD,CREDIT,PLATINUM,ARAB FINANCIAL SERVICES COMPANY B.S.C. (C),,,OM,OMN,OMAN
552191,MASTERCARD,CREDIT,PLATINUM,EMIRATES NBD,+971800456,http://www.emiratesnbd.com,AE,ARE,UNITED ARAB EMIRATES
552192,MASTERCARD,CREDIT,PLATINUM,NETWORK INTERNATIONAL LLC,,,AE,ARE,UNITED ARAB EMIRATES
552250,MASTERCARD,CREDIT,WORLD,SAMBA FINANCIAL GROUP,+9668001242000,http://www.samba.com,SA,SAU,SAUDI ARABIA
552258,MASTERCARD,CREDIT,WORLD,AREEBA S.A.L,,,LB,LBN,LEBANON
552261,MASTERCARD,CREDIT,WORLD,CAPITAL BANK OF JORDAN,,,JO,JOR,JORDAN
552272,MASTERCARD,CREDIT,TITANIUM,AHLI UNITED BANK,+9651802000,http://www.ahliunited.com.kw,KW,KWT,KUWAIT
552275,MASTERCARD,CREDIT,WORLD,BANK AUDI S.A.L.,,,LB,LBN,LEBANON
552277,MASTERCARD,CREDIT,WORLD,NATIONAL BANK OF KUWAIT (S.A.K.),,,KW,KWT,KUWAIT
552278,MASTERCARD,CREDIT,WORLD,FINANCE HOUSE L.L.C.,,,AE,ARE,UNITED ARAB EMIRATES
552281,MASTERCARD,CREDIT,WORLD,JORDAN KUWAIT BANK,,http://www.jordan-kuwait-bank.com,JO,JOR,JORDAN
552291,MASTERCARD,CREDIT,WORLD,NETWORK INTERNATIONAL LLC,,,AE,ARE,UNITED ARAB EMIRATES
552295,MASTERCARD,CREDIT,WORLD,ARAB FINANCIAL SERVICES COMPANY B.S.C. (C),,,OM,OMN,OMAN
552296,MASTERCARD,CREDIT,WORLD ELITE,STANDARD CHARTERED BANK,+97317531532,https://www.sc.com,BH,BHR,BAHRAIN
552299,MASTERCARD,CREDIT,WORLD ELITE,"BURGAN BANK, S.A.K.",+9651804080,http://www.burgan.com,KW,KWT,KUWAIT
552304,MASTERCARD,CREDIT,WORLD BUSINESS,AREEBA S.A.L,,,LB,LBN,LEBANON
552307,MASTERCARD,CREDIT,WORLD BUSINESS,GULF INTERNATIONAL BANK BSC,,,BH,BHR,BAHRAIN
552340,MASTERCARD,CREDIT,WORLD ELITE,FIRST ABU DHABI BANK PJSC,+971600525500,https://www.bankfab.com,AE,ARE,UNITED ARAB EMIRATES
552346,MASTERCARD,CREDIT,WORLD ELITE,ARAB BANK PLC,4600900,http://www.arabbank.jo,JO,JOR,JORDAN
552347,MASTERCARD,CREDIT,WORLD,ARAB FINANCIAL SERVICES COMPANY B.S.C. (C),,,AE,ARE,UNITED ARAB EMIRATES
552348,MASTERCARD,CREDIT,WORLD,ARAB FINANCIAL SERVICES COMPANY B.S.C. (C),,,QA,QAT,QATAR
552349,MASTERCARD,CREDIT,WORLD ELITE,ARAB BANK PLC,+97317541000,http://www.arabbank.jo,BH,BHR,BAHRAIN
552360,MASTERCARD,CREDIT,WORLD,BANQUE SAUDI FRANSI,966 1 289 9999 OR 966 1 874 4000,http://www.alfransi.com.sa,SA,SAU,SAUDI ARABIA
552362,MASTERCARD,CREDIT,WORLD ELITE,FIRST ABU DHABI BANK PJSC,+20225204375,https://www.bankfab.com,EG,EGY,EGYPT
552363,MASTERCARD,CREDIT,WORLD,ALINMA BANK,,,SA,SAU,SAUDI ARABIA
552369,MASTERCARD,CREDIT,WORLD,CSCBANK SAL,,,LB,LBN,LEBANON
552370,MASTERCARD,CREDIT,WORLD,SHARJAH ISLAMIC BANK PJSC,+97165999999,http://www.sib.ae,AE,ARE,UNITED ARAB EMIRATES
552375,MASTERCARD,CREDIT,WORLD,ALAWWAL BANK,,,SA,SAU,SAUDI ARABIA
552381,MASTERCARD,CREDIT,WORLD,STANDARD CHARTERED BANK,+971600522288,https://www.sc.com,AE,ARE,UNITED ARAB EMIRATES
552383,MASTERCARD,CREDIT,WORLD,BAHRAIN COMMERCIAL FACILITIES COMPANY BSC,,,BH,BHR,BAHRAIN
552384,MASTERCARD,CREDIT,WORLD,SAUDI INVESTMENT BANK,,,SA,SAU,SAUDI ARABIA
552392,MASTERCARD,CREDIT,PLATINUM,COMMERCIAL BANK INTERNATIONAL,+97142275265,http://www.cbiuae.com,AE,ARE,UNITED ARAB EMIRATES
552400,MASTERCARD,CREDIT,WORLD ELITE,COMMERCIAL BANK OF QATAR Q.S.C,,,QA,QAT,QATAR
552425,MASTERCARD,CREDIT,WORLD,NATIONAL BANK OF KUWAIT (S.A.K.),,,EG,EGY,EGYPT
552435,MASTERCARD,CREDIT,WORLD ELITE EXCLUSIVE,FIRST ABU DHABI BANK PJSC,+971600525500,https://www.bankfab.com,AE,ARE,UNITED ARAB EMIRATES
552438,MASTERCARD,CREDIT,WORLD,ALAWWAL BANK,,,SA,SAU,SAUDI ARABIA
552442,MASTERCARD,CREDIT,WORLD ELITE,JORDAN KUWAIT BANK,,http://www.jordan-kuwait-bank.com,JO,JOR,JORDAN
552444,MASTERCARD,CREDIT,WORLD ELITE,BANQUE SAUDI FRANSI,966 1 289 9999 OR 966 1 874 4000,http://www.alfransi.com.sa,SA,SAU,SAUDI ARABIA
552467,MASTERCARD,CREDIT,WORLD,QATAR NATIONAL BANK,+97444622724,http://www.qnb.com.qa,QA,QAT,QATAR
552469,MASTERCARD,CREDIT,WORLD,EMIRATES NBD,+971800456,http://www.emiratesnbd.com,AE,ARE,UNITED ARAB EMIRATES
552512,MASTERCARD,DEBIT,PREPAID PLATINUM TRAVEL,WARBA BANK K.S.C,,,KW,KWT,KUWAIT
552517,MASTERCARD,CREDIT,STANDARD,BANK LEUMI LE-ISRAEL BM,,,IL,ISR,ISRAEL
552526,MASTERCARD,DEBIT,GOLD,QATAR NATIONAL BANK AL-AHLI S.A.E,,,EG,EGY,EGYPT
552555,MASTERCARD,DEBIT,PREPAID PLATINUM TRAVEL,EMIRATES NBD,+971800456,http://www.emiratesnbd.com,AE,ARE,UNITED ARAB EMIRATES
552563,MASTERCARD,CREDIT,B2B,HSBC BANK MIDDLE EAST,+97142241000,http://www.hsbc.ae,AE,ARE,UNITED ARAB EMIRATES
552566,MASTERCARD,CREDIT,CORPORATE,COMMERCIAL INTERNATIONAL BANK (EGYPT) S.A.E.,971 - 4 - 3589381,http://www.cibeg.com,EG,EGY,EGYPT
552577,MASTERCARD,CREDIT,CORPORATE EXECUTIVE,FIRST ABU DHABI BANK PJSC,+971600525500,https://www.bankfab.com,AE,ARE,UNITED ARAB EMIRATES
552601,MASTERCARD,DEBIT,WORLD ELITE,COMMERCIAL BANK OF DUBAI,+97126268400,http://www.cbd.ae,AE,ARE,UNITED ARAB EMIRATES
552719,MASTERCARD,CREDIT,PLATINUM,NATIONAL BANK OF EGYPT,,http://www.nbe.com.eg,EG,EGY,EGYPT
552745,MASTERCARD,CREDIT,PLATINUM,MIDDLE EAST PAYMENT SERVICES LIMITED CO.,,,JO,JOR,JORDAN
552778,MASTERCARD,CREDIT,CORPORATE,MASHREQ BANK,+97143632250,http://www.mashreqbank.com,AE,ARE,UNITED ARAB EMIRATES
552785,MASTERCARD,CREDIT,CORPORATE,ARAB FINANCIAL SERVICES COMPANY B.S.C. (C),,,BH,BHR,BAHRAIN
552820,MASTERCARD,DEBIT,STANDARD,KUWAIT FINANCE HOUSE K.S.C.,+9651803333,http://www.kfh.com,KW,KWT,KUWAIT
552868,MASTERCARD,CREDIT,BUSINESS,AREEBA S.A.L,,,LB,LBN,LEBANON
552913,MASTERCARD,CREDIT,CORPORATE PURCHASING,HSBC BANK MIDDLE EAST,+974 4441 6663 A851+A851,http://www.hsbc.ae,QA,QAT,QATAR
552916,MASTERCARD,CREDIT,CORPORATE PURCHASING,HSBC BANK EGYPT,+20235359700,http://www.hsbc.com.eg,EG,EGY,EGYPT
552918,MASTERCARD,CREDIT,CORPORATE PURCHASING,"CITIBANK, N.A.",,https://www.citi.com,EG,EGY,EGYPT
552919,MASTERCARD,CREDIT,CORPORATE PURCHASING,"CITIBANK, N.A.",,https://www.citi.com,EG,EGY,EGYPT
552921,MASTERCARD,CREDIT,CORPORATE PURCHASING,"CITIBANK, N.A.",,https://www.citi.com,EG,EGY,EGYPT
552944,MASTERCARD,DEBIT,STANDARD,COMMERCIAL INTERNATIONAL BANK (EGYPT) S.A.E.,971 - 4 - 3589381,http://www.cibeg.com,EG,EGY,EGYPT
552953,MASTERCARD,CREDIT,BUSINESS,SAUDI BRITISH BANK,,http://www.sabb.com,SA,SAU,SAUDI ARABIA
553004,MASTERCARD,DEBIT,BUSINESS,ARAB PAYMENT SERVICES,,,IQ,IRQ,IRAQ
553070,MASTERCARD,DEBIT,PLATINUM,BANQUE MISR,+20223912150,http://www.banquemisr.com,EG,EGY,EGYPT
553080,MASTERCARD,DEBIT,WORLD,NETWORK INTERNATIONAL LLC,,,AE,ARE,UNITED ARAB EMIRATES
553112,MASTERCARD,DEBIT,PREPAID RELOADABLE,MPOWER (INTERNAL ONLY),,,SA,SAU,SAUDI ARABIA
553117,MASTERCARD,CREDIT,BUSINESS,NATIONAL BANK OF RAS AL-KHAIMAH (RAKBANK),,,AE,ARE,UNITED ARAB EMIRATES
553136,MASTERCARD,CREDIT,CORPORATE EXECUTIVE,BANK MUSCAT (SAOG),,,OM,OMN,OMAN
553400,MASTERCARD,CREDIT,CORPORATE,BANK MUSCAT (SAOG),,,OM,OMN,OMAN
553413,MASTERCARD,CREDIT,CORPORATE,NATIONAL BANK OF EGYPT,,http://www.nbe.com.eg,EG,EGY,EGYPT
553425,MASTERCARD,CREDIT,CORPORATE,CSCBANK SAL,,,LB,LBN,LEBANON
553428,MASTERCARD,CREDIT,STANDARD,"INTERNATIONAL CARD CO., LTD.",,http://www.kartee.com.jo,JO,JOR,JORDAN
553533,MASTERCARD,CREDIT,CORPORATE EXECUTIVE,ABU DHABI COMMERCIAL BANK,+97126962222,http://www.adcb.com,AE,ARE,UNITED ARAB EMIRATES
553592,MASTERCARD,CREDIT,PLATINUM,BANQUE DU CAIRE,+20222648410,http://www.bdc.com.eg,EG,EGY,EGYPT
553593,MASTERCARD,CREDIT,CORPORATE,BANQUE DU CAIRE,+20222648410,http://www.bdc.com.eg,EG,EGY,EGYPT
553595,MASTERCARD,CREDIT,BUSINESS,AREEBA S.A.L,,,LB,LBN,LEBANON
553605,MASTERCARD,CREDIT,,"NATIONAL BANK OF DUBAI, LTD.",+971600540000,http://www.emiratesnbd.com,AE,ARE,UNITED ARAB EMIRATES
553750,MASTERCARD,CREDIT,PLATINUM,NETWORK INTERNATIONAL LLC,,,AE,ARE,UNITED ARAB EMIRATES
553767,MASTERCARD,DEBIT,PREPAID,NATIONAL BANK OF EGYPT,,http://www.nbe.com.eg,EG,EGY,EGYPT
553912,MASTERCARD,DEBIT,PREPAID BUSINESS,"MAX IT FINANCE, LTD.",,,IL,ISR,ISRAEL
553990,MASTERCARD,DEBIT,GOLD,NETWORK INTERNATIONAL LLC,,,AE,ARE,UNITED ARAB EMIRATES
554024,MASTERCARD,CREDIT,STANDARD,CAIRO AMMAN BANK PLC,,,JO,JOR,JORDAN
554134,MASTERCARD,DEBIT,WORLD,KUWAIT INTERNATIONAL BANK,+9651866866,http://www.kib.com.kw,KW,KWT,KUWAIT
554162,MASTERCARD,DEBIT,WORLD ELITE,ABU DHABI COMMERCIAL BANK,+97126962222,http://www.adcb.com,AE,ARE,UNITED ARAB EMIRATES
554166,MASTERCARD,DEBIT,PLATINUM,ABU DHABI COMMERCIAL BANK,+97126962222,http://www.adcb.com,AE,ARE,UNITED ARAB EMIRATES
554180,MASTERCARD,DEBIT,WORLD ELITE,THE SAUDI NATIONAL BANK,,,SA,SAU,SAUDI ARABIA
554273,MASTERCARD,DEBIT,PREPAID PLATINUM TRAVEL,WARBA BANK K.S.C,,,KW,KWT,KUWAIT
554287,MASTERCARD,DEBIT,PREPAID PLATINUM TRAVEL,ARAB FINANCIAL SERVICES COMPANY B.S.C. (C),,,BH,BHR,BAHRAIN
554298,MASTERCARD,CREDIT,CORPORATE,HSBC BANK EGYPT,+20235359700,http://www.hsbc.com.eg,EG,EGY,EGYPT
554379,MASTERCARD,CREDIT,BUSINESS,HSBC BANK MIDDLE EAST,+97142241000,http://www.hsbc.ae,AE,ARE,UNITED ARAB EMIRATES
554448,MASTERCARD,CREDIT,WORLD FOR BUSINESS,CSCBANK SAL,,,LB,LBN,LEBANON
554449,MASTERCARD,CREDIT,GOLD,CSCBANK S.A.L.,+9611871245,http://www.ccm.com.lb,LB,LBN,LEBANON
554450,MASTERCARD,CREDIT,STANDARD,CSCBANK S.A.L.,+9611871245,http://www.ccm.com.lb,LB,LBN,LEBANON
554451,MASTERCARD,CREDIT,GOLD,CSCBANK S.A.L.,+9611871245,http://www.ccm.com.lb,LB,LBN,LEBANON
554485,MASTERCARD,CREDIT,GOLD,BLC BANK S.A.L.,+9614727222 / +9611387000,http://www.blcbank.com,LB,LBN,LEBANON
554491,MASTERCARD,CREDIT,PLATINUM,DEEM FINANCE L.L.C.,,,AE,ARE,UNITED ARAB EMIRATES
554503,MASTERCARD,DEBIT,PREPAID RELOADABLE,AHLI UNITED BANK,+9651802000,http://www.ahliunited.com.kw,KW,KWT,KUWAIT
554516,MASTERCARD,CREDIT,STANDARD,BLC BANK S.A.L.,+9614727222 / +9611387000,http://www.blcbank.com,LB,LBN,LEBANON
554558,MASTERCARD,CREDIT,TITANIUM,CAIRO AMMAN BANK PLC,,,PS,PSE,"PALESTINIAN TERRITORY, OCCUPIED"
554559,MASTERCARD,CREDIT,STANDARD,CSCBANK S.A.L.,+9611871245,http://www.ccm.com.lb,LB,LBN,LEBANON
554560,MASTERCARD,DEBIT,PREPAID,FRANSABANK SAL,,,LB,LBN,LEBANON
554575,MASTERCARD,CREDIT,PLATINUM,AL-RAJHI BANKING AND INVESTMENT CORPORATION,,,SA,SAU,SAUDI ARABIA
554576,MASTERCARD,CREDIT,WORLD,"CITIBANK, N.A.",,https://www.citi.com,AE,ARE,UNITED ARAB EMIRATES
554600,MASTERCARD,CREDIT,GOLD,CREDIT LIBANAIS S.A.L.,+9611900111,http://www.creditlibanais.com.lb,LB,LBN,LEBANON
554604,MASTERCARD,DEBIT,PREPAID RELOADABLE,"IRAQ ELECTRONIC GATE FOR FINANCIAL SERVICES CO, LTD.",,,IQ,IRQ,IRAQ
554605,MASTERCARD,CREDIT,GOLD,CSCBANK S.A.L.,+9611871245,http://www.ccm.com.lb,LB,LBN,LEBANON
554647,MASTERCARD,DEBIT,PREPAID RELOADABLE,MIDDLE EAST PAYMENT SERVICES LIMITED CO.,,,IQ,IRQ,IRAQ
554649,MASTERCARD,CREDIT,WORLD FOR BUSINESS,CREDIT CARD SERVICES JORDAN,,,JO,JOR,JORDAN
554682,MASTERCARD,DEBIT,PREPAID,CAIRO AMMAN BANK PLC,,,JO,JOR,JORDAN
554688,MASTERCARD,CREDIT,,BLOM BANK S.A.L.,(961-1) 738938 - 743300 OR (961-1) 372780 - 370830 - 373102,http://www.blom.com.lb,LB,LBN,LEBANON
554740,MASTERCARD,CREDIT,GOLD,NATIONAL BANK OF RAS AL-KHAIMAH (RAKBANK),,,AE,ARE,UNITED ARAB EMIRATES
554757,MASTERCARD,CREDIT,STANDARD,CSCBANK S.A.L.,+9611871245,http://www.ccm.com.lb,LB,LBN,LEBANON
554907,MASTERCARD,CREDIT,,,,,AE,ARE,UNITED ARAB EMIRATES
554928,MASTERCARD,CREDIT,PLATINUM,AREEBA S.A.L,,,LB,LBN,LEBANON
554968,MASTERCARD,CREDIT,WORLD ELITE,THE NATIONAL BANK PLC,,,PS,PSE,"PALESTINIAN TERRITORY, OCCUPIED"
554969,MASTERCARD,CREDIT,GOLD,AL BARAKA ISLAMIC BANK B.S.C. (CLOSED),,,BH,BHR,BAHRAIN
555004,MASTERCARD,CREDIT,CORPORATE,HSBC BANK MIDDLE EAST,+97317569999,http://www.hsbc.ae,BH,BHR,BAHRAIN
555007,MASTERCARD,CREDIT,CORPORATE,HSBC BANK MIDDLE EAST,+97317569999,http://www.hsbc.ae,BH,BHR,BAHRAIN
555010,MASTERCARD,CREDIT,CORPORATE PURCHASING,"CITIBANK, N.A.",,https://www.citi.com,AE,ARE,UNITED ARAB EMIRATES
555013,MASTERCARD,CREDIT,CORPORATE PURCHASING,HSBC BANK MIDDLE EAST,+97317569999,http://www.hsbc.ae,BH,BHR,BAHRAIN
555015,MASTERCARD,CREDIT,CORPORATE,"CITIBANK, N.A.",,https://www.citi.com,AE,ARE,UNITED ARAB EMIRATES
555035,MASTERCARD,CREDIT,CORPORATE,"CITIBANK, N.A.",,https://www.citi.com,AE,ARE,UNITED ARAB EMIRATES
555041,MASTERCARD,CREDIT,CORPORATE PURCHASING,HSBC BANK MIDDLE EAST,+97142241000,http://www.hsbc.ae,AE,ARE,UNITED ARAB EMIRATES
555044,MASTERCARD,CREDIT,,,,,AE,ARE,UNITED ARAB EMIRATES
555061,MASTERCARD,CREDIT,TITANIUM,ARAB FINANCIAL SERVICES COMPANY B.S.C. (C),,,BH,BHR,BAHRAIN
555075,MASTERCARD,CREDIT,CORPORATE,GULF INTERNATIONAL BANK BSC,,,AE,ARE,UNITED ARAB EMIRATES
555078,MASTERCARD,CREDIT,WORLD ELITE,BANQUE SAUDI FRANSI,966 1 289 9999 OR 966 1 874 4000,http://www.alfransi.com.sa,SA,SAU,SAUDI ARABIA
555218,MASTERCARD,CREDIT,CORPORATE PURCHASING,AREEBA S.A.L,,,LB,LBN,LEBANON
555265,MASTERCARD,CREDIT,CORPORATE PURCHASING,ABU DHABI COMMERCIAL BANK,+97126962222,http://www.adcb.com,AE,ARE,UNITED ARAB EMIRATES
555267,MASTERCARD,CREDIT,WORLD ELITE,ARAB FINANCIAL SERVICES COMPANY B.S.C. (C),,,BH,BHR,BAHRAIN
555275,MASTERCARD,CREDIT,TITANIUM,BANK MUSCAT (SAOG),,,OM,OMN,OMAN
555303,MASTERCARD,CREDIT,CORPORATE PURCHASING,WEX BANK,,http://www.wexinc.com,AE,ARE,UNITED ARAB EMIRATES
555305,MASTERCARD,CREDIT,CORPORATE PURCHASING,WEX BANK,,http://www.wexinc.com,AE,ARE,UNITED ARAB EMIRATES
555319,MASTERCARD,CREDIT,WORLD,MASRAF AL RAYAN,+97444253333,http://www.alrayan.com,QA,QAT,QATAR
555322,MASTERCARD,CREDIT,CORPORATE PURCHASING,HSBC BANK MIDDLE EAST,+97142241000,http://www.hsbc.ae,AE,ARE,UNITED ARAB EMIRATES
555324,MASTERCARD,CREDIT,PLATINUM,ARAB FINANCIAL SERVICES COMPANY B.S.C. (C),,,AE,ARE,UNITED ARAB EMIRATES
555339,MASTERCARD,DEBIT,WORLD ELITE,ARAB FINANCIAL SERVICES COMPANY B.S.C. (C),,,JO,JOR,JORDAN
555355,MASTERCARD,CREDIT,CORPORATE PURCHASING,HSBC BANK MIDDLE EAST,+974 4441 6663 A851+A851,http://www.hsbc.ae,QA,QAT,QATAR
555377,MASTERCARD,CREDIT,CORPORATE PURCHASING,HSBC BANK MIDDLE EAST,+96880074722,http://www.hsbc.ae,OM,OMN,OMAN
555412,MASTERCARD,CREDIT,CORPORATE EXECUTIVE,DUKHAN BANK Q.P.S.C.,,,QA,QAT,QATAR
555413,MASTERCARD,CREDIT,BUSINESS,BANK HAPOALIM B.M.,,,IL,ISR,ISRAEL
555415,MASTERCARD,CREDIT,BUSINESS,ISRAEL CREDIT CARDS LTD.,,,IL,ISR,ISRAEL
555435,MASTERCARD,CREDIT,STANDARD,BANK HAPOALIM B.M.,,,IL,ISR,ISRAEL
555444,MASTERCARD,CREDIT,WORLD,ISRACARD LTD.,,,IL,ISR,ISRAEL
555455,MASTERCARD,CREDIT,PLATINUM,ABU DHABI ISLAMIC BANK,,http://www.adib.ae,EG,EGY,EGYPT
555475,MASTERCARD,CREDIT,BUSINESS,ISRACARD LTD.,,,IL,ISR,ISRAEL
555476,MASTERCARD,CREDIT,CORPORATE PURCHASING,DUKHAN BANK Q.P.S.C.,,,QA,QAT,QATAR
555479,MASTERCARD,DEBIT,PREPAID,COMMERCIAL BANK OF QATAR Q.S.C,,,QA,QAT,QATAR
555484,MASTERCARD,CREDIT,STANDARD,ABU DHABI ISLAMIC BANK,,http://www.adib.ae,EG,EGY,EGYPT
555486,MASTERCARD,CREDIT,BUSINESS,BANK HAPOALIM B.M.,,,IL,ISR,ISRAEL
555489,MASTERCARD,CREDIT,BUSINESS,BANK LEUMI LE-ISRAEL BM,,,IL,ISR,ISRAEL
555496,MASTERCARD,CREDIT,STANDARD,BANK HAPOALIM B.M.,,,IL,ISR,ISRAEL
555517,MASTERCARD,CREDIT,B2B,ABU DHABI ISLAMIC BANK,,http://www.adib.ae,EG,EGY,EGYPT
555521,MASTERCARD,DEBIT,PREPAID PLATINUM TRAVEL,YANA BANKING SERVICES COMPANY,,,IQ,IRQ,IRAQ
555534,MASTERCARD,CREDIT,CORPORATE WORLD,DUKHAN BANK Q.P.S.C.,,,QA,QAT,QATAR
555544,MASTERCARD,DEBIT,TITANIUM,NATIONAL BANK OF RAS AL-KHAIMAH (RAKBANK),,,AE,ARE,UNITED ARAB EMIRATES
555550,MASTERCARD,CREDIT,WORLD,THE BANK OF JORDAN,,,PS,PSE,"PALESTINIAN TERRITORY, OCCUPIED"
555554,MASTERCARD,CREDIT,BUSINESS,BANK HAPOALIM B.M.,,,IL,ISR,ISRAEL
555561,MASTERCARD,DEBIT,STANDARD,BANK HAPOALIM B.M.,,,IL,ISR,ISRAEL
555567,MASTERCARD,CREDIT,WORLD,UNITED COMPANY FOR FINANCIAL SERVICES,,,SA,SAU,SAUDI ARABIA
555569,MASTERCARD,CREDIT,STANDARD,BANK LEUMI LE-ISRAEL BM,,,IL,ISR,ISRAEL
555577,MASTERCARD,CREDIT,CORPORATE PURCHASING,QATAR ISLAMIC BANK,,,QA,QAT,QATAR
555578,MASTERCARD,CREDIT,BUSINESS,ISRAEL CREDIT CARDS LTD.,,,IL,ISR,ISRAEL
555582,MASTERCARD,CREDIT,STANDARD,BANK LEUMI LE-ISRAEL BM,,,IL,ISR,ISRAEL
555594,MASTERCARD,CREDIT,STANDARD,BANK HAPOALIM B.M.,,,IL,ISR,ISRAEL
555610,MASTERCARD,DEBIT,STANDARD,THE SAUDI NATIONAL BANK,,,SA,SAU,SAUDI ARABIA
555614,MASTERCARD,CREDIT,CORPORATE PURCHASING,NATIONAL BANK OF RAS AL-KHAIMAH (RAKBANK),,,AE,ARE,UNITED ARAB EMIRATES
555630,MASTERCARD,DEBIT,TITANIUM,NATIONAL BANK OF RAS AL-KHAIMAH (RAKBANK),,,AE,ARE,UNITED ARAB EMIRATES
555650,MASTERCARD,CREDIT,STANDARD,ISRACARD LTD.,,,IL,ISR,ISRAEL
555669,MASTERCARD,DEBIT,STANDARD,AL-TAIF ISLAMIC BANK FOR INVESTMENT & FINANCE,,,IQ,IRQ,IRAQ
555677,MASTERCARD,CREDIT,CORPORATE PURCHASING,NATIONAL BANK OF RAS AL-KHAIMAH (RAKBANK),,,AE,ARE,UNITED ARAB EMIRATES
555679,MASTERCARD,CREDIT,BUSINESS,BANK LEUMI LE-ISRAEL BM,,,IL,ISR,ISRAEL
555680,MASTERCARD,CREDIT,STANDARD,ISRACARD LTD.,,,IL,ISR,ISRAEL
555693,MASTERCARD,CREDIT,STANDARD,ISRACARD LTD.,,,IL,ISR,ISRAEL
555696,MASTERCARD,DEBIT,STANDARD,INTERNATIONAL SMART CARD LLC,,,IQ,IRQ,IRAQ
555697,MASTERCARD,CREDIT,WORLD,ISRACARD LTD.,,,IL,ISR,ISRAEL
555739,MASTERCARD,CREDIT,CORPORATE PURCHASING,DOHA BANK Q.S.C,,,QA,QAT,QATAR
555757,MASTERCARD,CREDIT,WORLD,BANK HAPOALIM B.M.,,,IL,ISR,ISRAEL
555779,MASTERCARD,CREDIT,BUSINESS,ISRACARD LTD.,,,IL,ISR,ISRAEL
555804,MASTERCARD,CREDIT,WORLD BLACK,ISRAEL CREDIT CARDS LTD.,,,IL,ISR,ISRAEL
555818,MASTERCARD,DEBIT,STANDARD,ISRAEL CREDIT CARDS LTD.,,,IL,ISR,ISRAEL
555824,MASTERCARD,CREDIT,STANDARD,ISRACARD LTD.,,,IL,ISR,ISRAEL
555828,MASTERCARD,CREDIT,CORPORATE PURCHASING,NETWORK INTERNATIONAL LLC,,,AE,ARE,UNITED ARAB EMIRATES
555838,MASTERCARD,CREDIT,CORPORATE PURCHASING,WEX BANK,,http://www.wexinc.com,AE,ARE,UNITED ARAB EMIRATES
555853,MASTERCARD,CREDIT,WORLD,ARAB FINANCIAL SERVICES COMPANY B.S.C. (C),,,AE,ARE,UNITED ARAB EMIRATES
555866,MASTERCARD,CREDIT,WORLD,ISRAEL CREDIT CARDS LTD.,,,IL,ISR,ISRAEL
555883,MASTERCARD,DEBIT,PLATINUM,QATAR NATIONAL BANK,,http://www.qnb.com.qa,LB,LBN,LEBANON
555885,MASTERCARD,DEBIT,WORLD,ARAB FINANCIAL SERVICES COMPANY B.S.C. (C),,,BH,BHR,BAHRAIN
555888,MASTERCARD,CREDIT,WORLD,ISRAEL CREDIT CARDS LTD.,,,IL,ISR,ISRAEL
555894,MASTERCARD,CREDIT,WORLD ELITE,QATAR ISLAMIC BANK,,,QA,QAT,QATAR
555897,MASTERCARD,CREDIT,BUSINESS,CREDIT LIBANAIS S.A.L.,+9611900111,http://www.creditlibanais.com.lb,LB,LBN,LEBANON
555907,MASTERCARD,DEBIT,PREPAID PLATINUM TRAVEL,BANK DHOFAR SAOG,,,OM,OMN,OMAN
555922,MASTERCARD,DEBIT,STANDARD,"EGYPTIAN BANKS CO. FOR TECHNOLOGICAL ADVANCEMENT, S.A.E.",,,EG,EGY,EGYPT
555923,MASTERCARD,DEBIT,STANDARD,STATE BANK OF INDIA,,https://sbi.co.in,BH,BHR,BAHRAIN
555926,MASTERCARD,DEBIT,STANDARD,ARAB FINANCIAL SERVICES COMPANY B.S.C. (C),,,BH,BHR,BAHRAIN
555929,MASTERCARD,DEBIT,STANDARD,STATE BANK OF INDIA,,https://sbi.co.in,BH,BHR,BAHRAIN
555931,MASTERCARD,DEBIT,STANDARD,AL BARAKA ISLAMIC BANK B.S.C. (CLOSED),,,BH,BHR,BAHRAIN
555932,MASTERCARD,DEBIT,PREPAID,QATAR NATIONAL BANK,+97444622724,http://www.qnb.com.qa,QA,QAT,QATAR
555935,MASTERCARD,DEBIT,STANDARD,STATE BANK OF INDIA,,https://sbi.co.in,SA,SAU,SAUDI ARABIA
555937,MASTERCARD,DEBIT,STANDARD,CSCBANK SAL,,,LB,LBN,LEBANON
555941,MASTERCARD,DEBIT,STANDARD,NETWORK INTERNATIONAL LLC,,,AE,ARE,UNITED ARAB EMIRATES
555943,MASTERCARD,CREDIT,STANDARD,CSCBANK S.A.L.,+9611871245,http://www.ccm.com.lb,LB,LBN,LEBANON
555944,MASTERCARD,DEBIT,STANDARD,HSBC BANK OMAN S.A.O.G,,,OM,OMN,OMAN
555945,MASTERCARD,DEBIT,STANDARD,HSBC BANK OMAN S.A.O.G,,,OM,OMN,OMAN
555948,MASTERCARD,DEBIT,STANDARD,HSBC BANK OMAN S.A.O.G,,,OM,OMN,OMAN
555953,MASTERCARD,CREDIT,CORPORATE PURCHASING,BANK LEUMI LE-ISRAEL BM,,,IL,ISR,ISRAEL
555965,MASTERCARD,DEBIT,STANDARD,ARAB FINANCIAL SERVICES COMPANY B.S.C. (C),,,JO,JOR,JORDAN
555985,MASTERCARD,CREDIT,CORPORATE PURCHASING,NETWORK INTERNATIONAL LLC,,,AE,ARE,UNITED ARAB EMIRATES
555987,MASTERCARD,CREDIT,CORPORATE PURCHASING,FIRST ABU DHABI BANK PJSC,+971600525500,https://www.bankfab.com,AE,ARE,UNITED ARAB EMIRATES
556519,MASTERCARD,DEBIT,WORLD,"SUEZ CANAL BANK, S.A.E.",,,EG,EGY,EGYPT
556522,MASTERCARD,CREDIT,WORLD ELITE,NATIONAL BANK OF RAS AL-KHAIMAH (RAKBANK),,,AE,ARE,UNITED ARAB EMIRATES
556528,MASTERCARD,CREDIT,WORLD,BANK HAPOALIM B.M.,,,IL,ISR,ISRAEL
556550,MASTERCARD,CREDIT,CORPORATE WORLD,BAHRAIN ISLAMIC BANK B.S.C,,,BH,BHR,BAHRAIN
556556,MASTERCARD,CREDIT,PLATINUM,NATIONAL BANK OF RAS AL-KHAIMAH (RAKBANK),,,AE,ARE,UNITED ARAB EMIRATES
556569,MASTERCARD,CREDIT,WORLD,NATIONAL BANK OF RAS AL-KHAIMAH (RAKBANK),,,AE,ARE,UNITED ARAB EMIRATES
556579,MASTERCARD,CREDIT,GOLD,SAUDI INVESTMENT BANK,,,SA,SAU,SAUDI ARABIA
556588,MASTERCARD,CREDIT,TITANIUM,NATIONAL BANK OF RAS AL-KHAIMAH (RAKBANK),,,AE,ARE,UNITED ARAB EMIRATES
556594,MASTERCARD,CREDIT,PLATINUM,"EUROPAY (EUROCARD) ISRAEL, LTD.",,,IL,ISR,ISRAEL
556613,MASTERCARD,CREDIT,CORPORATE,HSBC BANK MIDDLE EAST,+974 4441 6663 A851+A851,http://www.hsbc.ae,QA,QAT,QATAR
556622,MASTERCARD,CREDIT,CORPORATE,SOCIETE GENERALE DE BANQUE AU LIBAN S.A.L.,1274477777,http://www.sgbl.com.lb,LB,LBN,LEBANON
556633,MASTERCARD,CREDIT,WORLD BUSINESS,FIRST ABU DHABI BANK PJSC,+20225204375,https://www.bankfab.com,EG,EGY,EGYPT
556638,MASTERCARD,CREDIT,CORPORATE,AL AHLI BANK OF KUWAIT (K.S.C.),+96522312099,http://www.ahliunited.com.kw,KW,KWT,KUWAIT
556675,MASTERCARD,CREDIT,CORPORATE WORLD,THE SAUDI NATIONAL BANK,,,SA,SAU,SAUDI ARABIA
556676,MASTERCARD,CREDIT,CORPORATE,NATIONAL COMMERCIAL BANK,,,SA,SAU,SAUDI ARABIA
557005,MASTERCARD,CREDIT,GOLD,FRANSABANK SAL,,,LB,LBN,LEBANON
557049,MASTERCARD,DEBIT,STANDARD,"IRAQ ELECTRONIC GATE FOR FINANCIAL SERVICES CO, LTD.",,,IQ,IRQ,IRAQ
557063,MASTERCARD,DEBIT,PREPAID,CAIRO AMMAN BANK PLC,,,JO,JOR,JORDAN
557276,MASTERCARD,CREDIT,BUSINESS,ISRACARD LTD.,,,IL,ISR,ISRAEL
557313,MASTERCARD,DEBIT,PREPAID,BANQUE MISR,+20223912150,http://www.banquemisr.com,EG,EGY,EGYPT
557579,MASTERCARD,DEBIT,PREPAID,AGRICULTURAL BANK EGYPT,,,EG,EGY,EGYPT
557587,MASTERCARD,DEBIT,WORLD,"CITIBANK, N.A.",,https://www.citi.com,AE,ARE,UNITED ARAB EMIRATES
557600,MASTERCARD,DEBIT,PREPAID GOLD PAYROLL,FIRST ABU DHABI BANK PJSC,+971600525500,https://www.bankfab.com,AE,ARE,UNITED ARAB EMIRATES
557601,MASTERCARD,CREDIT,TITANIUM,JORDAN KUWAIT BANK,,http://www.jordan-kuwait-bank.com,JO,JOR,JORDAN
557606,MASTERCARD,DEBIT,TITANIUM,ALAWWAL BANK,,,SA,SAU,SAUDI ARABIA
557607,MASTERCARD,DEBIT,PLATINUM,COMMERCIAL INTERNATIONAL BANK (EGYPT) S.A.E.,971 - 4 - 3589381,http://www.cibeg.com,EG,EGY,EGYPT
557611,MASTERCARD,DEBIT,PREPAID PLATINUM TRAVEL,BANQUE MISR,+20223912150,http://www.banquemisr.com,EG,EGY,EGYPT
557616,MASTERCARD,DEBIT,PLATINUM,CSCBANK SAL,,,LB,LBN,LEBANON
557618,MASTERCARD,DEBIT,PLATINUM,CSCBANK SAL,,,LB,LBN,LEBANON
557620,MASTERCARD,CREDIT,,,,,SY,SYR,SYRIAN ARAB REPUBLIC
557623,MASTERCARD,CREDIT,,,,,SY,SYR,SYRIAN ARAB REPUBLIC
557624,MASTERCARD,DEBIT,PLATINUM,AREEBA S.A.L,,,JO,JOR,JORDAN
557628,MASTERCARD,DEBIT,PLATINUM,QATAR ISLAMIC BANK,,,QA,QAT,QATAR
557630,MASTERCARD,DEBIT,PLATINUM,BANQUE LIBANO - FRANCAISE SAL,,,LB,LBN,LEBANON
557647,MASTERCARD,CREDIT,WORLD BUSINESS,CAIRO AMMAN BANK PLC,,,JO,JOR,JORDAN
557649,MASTERCARD,DEBIT,BUSINESS,QATAR ISLAMIC BANK,,,QA,QAT,QATAR
557650,MASTERCARD,DEBIT,PREPAID,AGRICULTURAL BANK EGYPT,,,EG,EGY,EGYPT
557652,MASTERCARD,DEBIT,WORLD REWARDS,ABU DHABI COMMERCIAL BANK,+97126962222,http://www.adcb.com,AE,ARE,UNITED ARAB EMIRATES
557653,MASTERCARD,DEBIT,PREPAID,SOCIETE ARABE INTERNATIONALE DE BANQUE,,,EG,EGY,EGYPT
557661,MASTERCARD,DEBIT,PLATINUM,FIRST ABU DHABI BANK PJSC,+971600525500,https://www.bankfab.com,AE,ARE,UNITED ARAB EMIRATES
557666,MASTERCARD,DEBIT,PLATINUM,"EGYPTIAN BANKS CO. FOR TECHNOLOGICAL ADVANCEMENT, S.A.E.",,,EG,EGY,EGYPT
557668,MASTERCARD,DEBIT,STANDARD,AHLI UNITED BANK B.S.C.,+97317710559,http://www.ahliunited.com,BH,BHR,BAHRAIN
557670,MASTERCARD,DEBIT,STANDARD,JORDAN AHLI BANK,+96265007777,http://www.ahli.com,JO,JOR,JORDAN
557672,MASTERCARD,CREDIT,STANDARD,CREDIT LIBANAIS S.A.L.,+9611900111,http://www.creditlibanais.com.lb,LB,LBN,LEBANON
557673,MASTERCARD,CREDIT,STANDARD,CSCBANK S.A.L.,+9611871245,http://www.ccm.com.lb,LB,LBN,LEBANON
557681,MASTERCARD,DEBIT,STANDARD,BLOM BANK SAL,,,LB,LBN,LEBANON
557685,MASTERCARD,DEBIT,PLATINUM,DUKHAN BANK Q.P.S.C.,,,QA,QAT,QATAR
557686,MASTERCARD,DEBIT,TITANIUM,DUKHAN BANK Q.P.S.C.,,,QA,QAT,QATAR
557690,MASTERCARD,DEBIT,STANDARD,MIDDLE EAST PAYMENT SERVICES LIMITED CO.,,,IQ,IRQ,IRAQ
557691,MASTERCARD,DEBIT,STANDARD,MIDDLE EAST PAYMENT SERVICES LIMITED CO.,,,IQ,IRQ,IRAQ
557699,MASTERCARD,DEBIT,PREPAID,MIDDLE EAST PAYMENT SERVICES LIMITED CO.,,,IQ,IRQ,IRAQ
557701,MASTERCARD,CREDIT,WORLD ELITE,QATAR ISLAMIC BANK,,,QA,QAT,QATAR
557718,MASTERCARD,DEBIT,WORLD ELITE,DUBAI ISLAMIC BANK PJSC,,,AE,ARE,UNITED ARAB EMIRATES
557732,MASTERCARD,CREDIT,WORLD BUSINESS,CREDIMAX BSC (CLOSED),,,BH,BHR,BAHRAIN
557754,MASTERCARD,DEBIT,STANDARD,INTERNATIONAL SMART CARD LLC,,,IQ,IRQ,IRAQ
557757,MASTERCARD,DEBIT,PREPAID,CSCBANK S.A.L.,+9611871245,http://www.ccm.com.lb,LB,LBN,LEBANON
557760,MASTERCARD,DEBIT,STANDARD,CSCBANK SAL,,,LB,LBN,LEBANON
557773,MASTERCARD,DEBIT,STANDARD,FIRST IRAQI ISLAMIC BANK COMPANY FOR INVESTMENT AND FINANCE,,,IQ,IRQ,IRAQ
557778,MASTERCARD,CREDIT,STANDARD,FRANSABANK SAL,,,LB,LBN,LEBANON
557876,MASTERCARD,DEBIT,TITANIUM,BANQUE DU CAIRE,+20222648410,http://www.bdc.com.eg,EG,EGY,EGYPT
557925,MASTERCARD,CREDIT,TITANIUM,INTERNATIONAL SMART CARD LLC,,,IQ,IRQ,IRAQ
557934,MASTERCARD,CREDIT,CORPORATE,HSBC BANK MIDDLE EAST,+97142241000,http://www.hsbc.ae,AE,ARE,UNITED ARAB EMIRATES
557952,MASTERCARD,CREDIT,,BYBLOS BANK,,,SY,SYR,SYRIAN ARAB REPUBLIC
557989,MASTERCARD,CREDIT,WORLD ELITE,"CITIBANK, N.A.",,https://www.citi.com,AE,ARE,UNITED ARAB EMIRATES
558085,MASTERCARD,DEBIT,BUSINESS,COMMERCIAL BANK OF DUBAI,+97126268400,http://www.cbd.ae,AE,ARE,UNITED ARAB EMIRATES
558219,MASTERCARD,DEBIT,TITANIUM,HOUSING & DEVELOPMENT BANK,,,EG,EGY,EGYPT
558283,MASTERCARD,CREDIT,BUSINESS,FRANSABANK SAL,,,LB,LBN,LEBANON
558319,MASTERCARD,DEBIT,PREPAID,SOCIETE ARABE INTERNATIONALE DE BANQUE,,,EG,EGY,EGYPT
558331,MASTERCARD,CREDIT,BUSINESS,"MAX IT FINANCE, LTD.",,,IL,ISR,ISRAEL
558352,MASTERCARD,CREDIT,BUSINESS,CAPITAL BANK OF JORDAN,,,JO,JOR,JORDAN
558361,MASTERCARD,CREDIT,EXECUTIVE BUSINESS,JORDAN AHLI BANK,+96265007777,http://www.ahli.com,JO,JOR,JORDAN
558500,MASTERCARD,DEBIT,PREPAID GOLD PAYROLL,CREDIT CARD SERVICES JORDAN,,,JO,JOR,JORDAN
558563,MASTERCARD,DEBIT,PREPAID RELOADABLE,RIYAD BANK,,http://www.riyadbank.com,SA,SAU,SAUDI ARABIA
558587,MASTERCARD,DEBIT,PLATINUM,ARAB AFRICAN INTERNATIONAL BANK,+20224886679,http://www.aaib.com,EG,EGY,EGYPT
558592,MASTERCARD,CREDIT,CORPORATE,EMIRATES NBD,+971800456,http://www.emiratesnbd.com,AE,ARE,UNITED ARAB EMIRATES
558597,MASTERCARD,CREDIT,BUSINESS,NETWORK INTERNATIONAL LLC,,,AE,ARE,UNITED ARAB EMIRATES
558698,MASTERCARD,DEBIT,PREPAID,NATIONAL BANK OF KUWAIT (S.A.K.),,,EG,EGY,EGYPT
558708,MASTERCARD,CREDIT,CORPORATE,HSBC BANK EGYPT,+20235359700,http://www.hsbc.com.eg,EG,EGY,EGYPT
558710,MASTERCARD,CREDIT,CORPORATE,HSBC BANK EGYPT,+20235359700,http://www.hsbc.com.eg,EG,EGY,EGYPT
558711,MASTERCARD,CREDIT,CORPORATE,HSBC BANK EGYPT,+20235359700,http://www.hsbc.com.eg,EG,EGY,EGYPT
558712,MASTERCARD,CREDIT,CORPORATE,HSBC BANK EGYPT,+20235359700,http://www.hsbc.com.eg,EG,EGY,EGYPT
558724,MASTERCARD,CREDIT,CORPORATE,"CITIBANK, N.A.",,https://www.citi.com,AE,ARE,UNITED ARAB EMIRATES
558750,MASTERCARD,DEBIT,PREPAID,ARAB FINANCIAL SERVICES COMPANY B.S.C. (C),,,BH,BHR,BAHRAIN
558802,MASTERCARD,CREDIT,CORPORATE EXECUTIVE,"CITIBANK, N.A.",,https://www.citi.com,AE,ARE,UNITED ARAB EMIRATES
558811,MASTERCARD,CREDIT,CORPORATE EXECUTIVE,QATAR NATIONAL BANK,+97444622724,http://www.qnb.com.qa,QA,QAT,QATAR
558820,MASTERCARD,CREDIT,STANDARD,FRANSABANK SAL,,,LB,LBN,LEBANON
558823,MASTERCARD,DEBIT,PREPAID RELOADABLE,RIYAD BANK,,http://www.riyadbank.com,SA,SAU,SAUDI ARABIA
558833,MASTERCARD,CREDIT,CORPORATE EXECUTIVE,QATAR NATIONAL BANK,+97444622724,http://www.qnb.com.qa,QA,QAT,QATAR
558842,MASTERCARD,CREDIT,CORPORATE WORLD,QATAR NATIONAL BANK,+97444622724,http://www.qnb.com.qa,QA,QAT,QATAR
558848,MASTERCARD,DEBIT,PLATINUM,ALAWWAL BANK,,,SA,SAU,SAUDI ARABIA
558854,MASTERCARD,CREDIT,EXECUTIVE BUSINESS,ALAWWAL BANK,,,SA,SAU,SAUDI ARABIA
558856,MASTERCARD,CREDIT,WORLD,ARAB FINANCIAL SERVICES COMPANY B.S.C. (C),,,BH,BHR,BAHRAIN
558871,MASTERCARD,CREDIT,CORPORATE,HSBC BANK MIDDLE EAST,+97142241000,http://www.hsbc.ae,AE,ARE,UNITED ARAB EMIRATES
558872,MASTERCARD,CREDIT,CORPORATE,HSBC BANK MIDDLE EAST,+97142241000,http://www.hsbc.ae,AE,ARE,UNITED ARAB EMIRATES
558873,MASTERCARD,CREDIT,CORPORATE WORLD,QATAR NATIONAL BANK,+97444622724,http://www.qnb.com.qa,QA,QAT,QATAR
558875,MASTERCARD,CREDIT,WORLD BUSINESS,QATAR NATIONAL BANK,+97444622724,http://www.qnb.com.qa,QA,QAT,QATAR
558878,MASTERCARD,CREDIT,CORPORATE EXECUTIVE,QATAR NATIONAL BANK,+97444622724,http://www.qnb.com.qa,QA,QAT,QATAR
558883,MASTERCARD,CREDIT,EXECUTIVE BUSINESS,NATIONAL BANK OF KUWAIT (S.A.K.),,,KW,KWT,KUWAIT
558889,MASTERCARD,DEBIT,GOLD,NETWORK INTERNATIONAL LLC,,,AE,ARE,UNITED ARAB EMIRATES
558947,MASTERCARD,CREDIT,EXECUTIVE BUSINESS,ALIZZ ISLAMIC BANK SAOG,,,OM,OMN,OMAN
558969,MASTERCARD,CREDIT,STANDARD,CAIRO AMMAN BANK PLC,,,PS,PSE,"PALESTINIAN TERRITORY, OCCUPIED"
559071,MASTERCARD,DEBIT,BUSINESS,NATIONAL BANK OF OMAN (SAOG),,,OM,OMN,OMAN
559093,MASTERCARD,DEBIT,PREPAID PLATINUM TRAVEL,"IRAQ ELECTRONIC GATE FOR FINANCIAL SERVICES CO, LTD.",,,IQ,IRQ,IRAQ
559163,MASTERCARD,CREDIT,WORLD,FINANCE HOUSE L.L.C.,,,AE,ARE,UNITED ARAB EMIRATES
559189,MASTERCARD,DEBIT,STANDARD,"IRAQ ELECTRONIC GATE FOR FINANCIAL SERVICES CO, LTD.",,,IQ,IRQ,IRAQ
559234,MASTERCARD,CREDIT,CORPORATE WORLD,ABU DHABI COMMERCIAL BANK,+97126962222,http://www.adcb.com,AE,ARE,UNITED ARAB EMIRATES
559254,MASTERCARD,CREDIT,BUSINESS,ABU DHABI ISLAMIC BANK,,http://www.adib.ae,EG,EGY,EGYPT
559286,MASTERCARD,DEBIT,PREPAID PLATINUM TRAVEL,NATIONAL BANK OF KUWAIT (S.A.K.),,,KW,KWT,KUWAIT
559303,MASTERCARD,CREDIT,WORLD,CSCBANK SAL,,,LB,LBN,LEBANON
559307,MASTERCARD,CREDIT,WORLD,QATAR NATIONAL BANK,,http://www.qnb.com.qa,KW,KWT,KUWAIT
559308,MASTERCARD,CREDIT,WORLD,QATAR NATIONAL BANK,,http://www.qnb.com.qa,OM,OMN,OMAN
559310,MASTERCARD,CREDIT,WORLD ELITE,QATAR NATIONAL BANK,+97444622724,http://www.qnb.com.qa,QA,QAT,QATAR
559315,MASTERCARD,CREDIT,WORLD,CSCBANK SAL,,,LB,LBN,LEBANON
559320,MASTERCARD,CREDIT,WORLD,GULF BANK K.S.C.,,http://www.gulfbank.com,KW,KWT,KUWAIT
559322,MASTERCARD,CREDIT,WORLD ELITE,RIYAD BANK,,http://www.riyadbank.com,SA,SAU,SAUDI ARABIA
559324,MASTERCARD,CREDIT,WORLD,COMMERCIAL BANK OF KUWAIT S.A.K.,,,KW,KWT,KUWAIT
559328,MASTERCARD,CREDIT,WORLD,MAWARID FINANCE PJSC,,,AE,ARE,UNITED ARAB EMIRATES
559349,MASTERCARD,CREDIT,WORLD,ABU DHABI COMMERCIAL BANK,+97126962222,http://www.adcb.com,AE,ARE,UNITED ARAB EMIRATES
559357,MASTERCARD,CREDIT,WORLD BUSINESS,COMMERCIAL BANK OF QATAR Q.S.C,,,QA,QAT,QATAR
559358,MASTERCARD,DEBIT,TITANIUM,BANQUE MISR,+20223912150,http://www.banquemisr.com,EG,EGY,EGYPT
559406,MASTERCARD,DEBIT,PLATINUM,NATIONAL BANK OF OMAN (SAOG),,,OM,OMN,OMAN
559407,MASTERCARD,DEBIT,TITANIUM,NATIONAL BANK OF OMAN (SAOG),,,OM,OMN,OMAN
559411,MASTERCARD,DEBIT,PLATINUM,CSCBANK S.A.L.,+9611871245,http://www.ccm.com.lb,LB,LBN,LEBANON
559418,MASTERCARD,DEBIT,PLATINUM,AHLI UNITED BANK B.S.C.,+97317710559,http://www.ahliunited.com,BH,BHR,BAHRAIN
559444,MASTERCARD,DEBIT,STANDARD,NATIONAL BANK OF EGYPT,,http://www.nbe.com.eg,EG,EGY,EGYPT
559459,MASTERCARD,DEBIT,STANDARD,WARBA BANK K.S.C,,,KW,KWT,KUWAIT
559461,MASTERCARD,DEBIT,PLATINUM,EMIRATES NATIONAL BANK OF DUBAI S.A.E,,,EG,EGY,EGYPT
559467,MASTERCARD,DEBIT,PLATINUM,FIRST ABU DHABI BANK PJSC,+20225204375,https://www.bankfab.com,EG,EGY,EGYPT
559470,MASTERCARD,DEBIT,PLATINUM,INVESTBANK PLC,,,JO,JOR,JORDAN
559472,MASTERCARD,DEBIT,PLATINUM,KUWAIT INTERNATIONAL BANK,+9651866866,http://www.kib.com.kw,KW,KWT,KUWAIT
559475,MASTERCARD,DEBIT,WORLD,GULF BANK K.S.C.,,http://www.gulfbank.com,KW,KWT,KUWAIT
559489,MASTERCARD,CREDIT,WORLD ELITE,MIDDLE EAST PAYMENT SERVICES LIMITED CO.,,,IQ,IRQ,IRAQ
559527,MASTERCARD,CREDIT,PLATINUM,WARBA BANK K.S.C,,,KW,KWT,KUWAIT
559539,MASTERCARD,CREDIT,WORLD ELITE,WARBA BANK K.S.C,,,KW,KWT,KUWAIT
559544,MASTERCARD,CREDIT,WORLD,FIRST ABU DHABI BANK PJSC,+971600525500,https://www.bankfab.com,AE,ARE,UNITED ARAB EMIRATES
559553,MASTERCARD,CREDIT,WORLD,NETWORK INTERNATIONAL LLC,,,AE,ARE,UNITED ARAB EMIRATES
559559,MASTERCARD,CREDIT,WORLD,JORDAN ISLAMIC BANK CO.,,,JO,JOR,JORDAN
559560,MASTERCARD,CREDIT,TITANIUM,FIRST ABU DHABI BANK PJSC,+971600525500,https://www.bankfab.com,AE,ARE,UNITED ARAB EMIRATES
559562,MASTERCARD,CREDIT,WORLD,ARAB BANK FOR INVESTMENT & FOREIGN TRADE,,,AE,ARE,UNITED ARAB EMIRATES
559563,MASTERCARD,CREDIT,WORLD,ARAB BANK FOR INVESTMENT & FOREIGN TRADE,,,AE,ARE,UNITED ARAB EMIRATES
559580,MASTERCARD,CREDIT,WORLD,NATIONAL BANK OF RAS AL-KHAIMAH (RAKBANK),,,AE,ARE,UNITED ARAB EMIRATES
559582,MASTERCARD,CREDIT,WORLD,GULF BANK K.S.C.,,http://www.gulfbank.com,KW,KWT,KUWAIT
559583,MASTERCARD,CREDIT,WORLD ELITE,AHLI UNITED BANK B.S.C.,+97317710559,http://www.ahliunited.com,BH,BHR,BAHRAIN
559584,MASTERCARD,CREDIT,WORLD ELITE,AHLI UNITED BANK B.S.C.,+97317710559,http://www.ahliunited.com,BH,BHR,BAHRAIN
559592,MASTERCARD,CREDIT,WORLD FLEX,AHLI UNITED BANK B.S.C.,+97317710559,http://www.ahliunited.com,BH,BHR,BAHRAIN
559593,MASTERCARD,CREDIT,WORLD,KUWAIT INTERNATIONAL BANK,+9651866866,http://www.kib.com.kw,KW,KWT,KUWAIT
559753,MASTERCARD,DEBIT,PLATINUM,ALIZZ ISLAMIC BANK SAOG,,,OM,OMN,OMAN
559757,MASTERCARD,DEBIT,PREPAID PLATINUM TRAVEL,TULAN BEST MARKETING COMPANY,,,JO,JOR,JORDAN
559797,MASTERCARD,DEBIT,BUSINESS,ARAB FINANCIAL SERVICES COMPANY B.S.C. (C),,,BH,BHR,BAHRAIN
559834,MASTERCARD,DEBIT,PREPAID GOLD PAYROLL,BANQUE MISR,+20223912150,http://www.banquemisr.com,EG,EGY,EGYPT
559839,MASTERCARD,CREDIT,WORLD,ISRAEL CREDIT CARDS LTD.,,,IL,ISR,ISRAEL
559857,MASTERCARD,DEBIT,STANDARD,MIDDLE EAST PAYMENT SERVICES LIMITED CO.,,,IQ,IRQ,IRAQ
559873,MASTERCARD,CREDIT,BUSINESS,AREEBA S.A.L,,,LB,LBN,LEBANON
559891,MASTERCARD,CREDIT,PLATINUM,HOUSING & DEVELOPMENT BANK,,,EG,EGY,EGYPT
559894,MASTERCARD,CREDIT,WORLD BUSINESS,CREDIT LIBANAIS S.A.L.,+9611900111,http://www.creditlibanais.com.lb,LB,LBN,LEBANON
559918,MASTERCARD,CREDIT,PLATINUM,NETWORK INTERNATIONAL LLC,,,AE,ARE,UNITED ARAB EMIRATES
559923,MASTERCARD,DEBIT,PREPAID,CAIRO AMMAN BANK PLC,,,JO,JOR,JORDAN
559930,MASTERCARD,DEBIT,PREPAID,WALL STREET EXCHANGE CENTER LLC,,,AE,ARE,UNITED ARAB EMIRATES
559938,MASTERCARD,DEBIT,PREPAID,CAIRO AMMAN BANK PLC,,,JO,JOR,JORDAN
559940,MASTERCARD,DEBIT,PLATINUM,AHLI BANK OF KUWAIT,,,EG,EGY,EGYPT
559944,MASTERCARD,CREDIT,WORLD,CREDIMAX BSC (CLOSED),,,BH,BHR,BAHRAIN
559951,MASTERCARD,DEBIT,PREPAID,"IRAQ ELECTRONIC GATE FOR FINANCIAL SERVICES CO, LTD.",,,IQ,IRQ,IRAQ
559977,MASTERCARD,CREDIT,PLATINUM,AREEBA S.A.L,,,LB,LBN,LEBANON
560201,MAESTRO,DEBIT,STANDARD,,,,EG,EGY,EGYPT
560253,MAESTRO,DEBIT,STANDARD,,,,IL,ISR,ISRAEL
560257,MAESTRO,DEBIT,STANDARD,,,,EG,EGY,EGYPT
560278,MAESTRO,DEBIT,STANDARD,,,,EG,EGY,EGYPT
562548,MAESTRO,DEBIT,STANDARD,,,,PS,PSE,"PALESTINIAN TERRITORY, OCCUPIED"
563124,MAESTRO,DEBIT,STANDARD,,,,EG,EGY,EGYPT
563210,MAESTRO,DEBIT,STANDARD,,,,PS,PSE,"PALESTINIAN TERRITORY, OCCUPIED"
563543,MAESTRO,DEBIT,,,,,AE,ARE,UNITED ARAB EMIRATES
563738,MAESTRO,DEBIT,STANDARD,,,,AE,ARE,UNITED ARAB EMIRATES
564147,MAESTRO,DEBIT,,STANDARD CHARTERED BANK,+96824773535,https://www.sc.com,OM,OMN,OMAN
564149,LOCAL BRAND,DEBIT,,STANDARD CHARTERED BANK,+97444248601,https://www.sc.com,QA,QAT,QATAR
564187,MAESTRO,DEBIT,STANDARD,,,,EG,EGY,EGYPT
564212,MAESTRO,DEBIT,STANDARD,,,,EG,EGY,EGYPT
564447,MAESTRO,DEBIT,STANDARD,,,,PS,PSE,"PALESTINIAN TERRITORY, OCCUPIED"
564787,MAESTRO,DEBIT,STANDARD,,,,PS,PSE,"PALESTINIAN TERRITORY, OCCUPIED"
566898,MAESTRO,DEBIT,STANDARD,,,,EG,EGY,EGYPT
567183,MAESTRO,DEBIT,STANDARD,,,,AE,ARE,UNITED ARAB EMIRATES
567387,MAESTRO,DEBIT,STANDARD,,,,EG,EGY,EGYPT
567497,MAESTRO,DEBIT,,,,,EG,EGY,EGYPT
567839,MAESTRO,DEBIT,,,,,JO,JOR,JORDAN
568756,MAESTRO,DEBIT,STANDARD,,,,IL,ISR,ISRAEL
568887,MAESTRO,DEBIT,STANDARD,,,,EG,EGY,EGYPT
569110,MAESTRO,DEBIT,STANDARD,,,,IL,ISR,ISRAEL
569655,MAESTRO,DEBIT,STANDARD,,,,EG,EGY,EGYPT
569856,MAESTRO,DEBIT,STANDARD,,,,EG,EGY,EGYPT
569872,MAESTRO,DEBIT,STANDARD,,,,PS,PSE,"PALESTINIAN TERRITORY, OCCUPIED"
570445,MAESTRO,DEBIT,STANDARD,,,,IL,ISR,ISRAEL
570746,MAESTRO,DEBIT,STANDARD,MAESTRO INTERNATIONAL,,https://brand.mastercard.com,PS,PSE,"PALESTINIAN TERRITORY, OCCUPIED"
572542,MAESTRO,DEBIT,STANDARD,,,,AE,ARE,UNITED ARAB EMIRATES
574226,MAESTRO,DEBIT,STANDARD,MAESTRO INTERNATIONAL,,https://brand.mastercard.com,EG,EGY,EGYPT
578694,MAESTRO,DEBIT,STANDARD,MAESTRO INTERNATIONAL,,https://brand.mastercard.com,PS,PSE,"PALESTINIAN TERRITORY, OCCUPIED"
578765,MAESTRO,DEBIT,STANDARD,,,,PS,PSE,"PALESTINIAN TERRITORY, OCCUPIED"
579095,MAESTRO,DEBIT,,,,,AE,ARE,UNITED ARAB EMIRATES
579981,MAESTRO,DEBIT,STANDARD,MAESTRO INTERNATIONAL,,https://brand.mastercard.com,SA,SAU,SAUDI ARABIA
579982,MAESTRO,DEBIT,STANDARD,MAESTRO INTERNATIONAL,,https://brand.mastercard.com,SA,SAU,SAUDI ARABIA
579983,MAESTRO,DEBIT,STANDARD,MAESTRO INTERNATIONAL,,https://brand.mastercard.com,SA,SAU,SAUDI ARABIA
579984,MAESTRO,DEBIT,STANDARD,MAESTRO INTERNATIONAL,,https://brand.mastercard.com,SA,SAU,SAUDI ARABIA
579985,MAESTRO,DEBIT,STANDARD,MAESTRO INTERNATIONAL,,https://brand.mastercard.com,SA,SAU,SAUDI ARABIA
579986,MAESTRO,DEBIT,STANDARD,MAESTRO INTERNATIONAL,,https://brand.mastercard.com,SA,SAU,SAUDI ARABIA
579987,MAESTRO,DEBIT,STANDARD,MAESTRO INTERNATIONAL,,https://brand.mastercard.com,SA,SAU,SAUDI ARABIA
580030,MAESTRO,DEBIT,,,,,IL,ISR,ISRAEL
580031,MAESTRO,DEBIT,,,,,IL,ISR,ISRAEL
580100,MAESTRO,DEBIT,,,,,IL,ISR,ISRAEL
580110,MAESTRO,DEBIT,,,,,IL,ISR,ISRAEL
580120,MAESTRO,DEBIT,,,,,IL,ISR,ISRAEL
580160,MAESTRO,DEBIT,,,,,IL,ISR,ISRAEL
580190,MAESTRO,DEBIT,,,,,IL,ISR,ISRAEL
580210,MAESTRO,DEBIT,,,,,IL,ISR,ISRAEL
580260,MAESTRO,DEBIT,,,,,IL,ISR,ISRAEL
580420,MAESTRO,DEBIT,,,,,IL,ISR,ISRAEL
580454,MAESTRO,DEBIT,STANDARD,MAESTRO INTERNATIONAL,,https://brand.mastercard.com,EG,EGY,EGYPT
580960,MAESTRO,DEBIT,,,,,IL,ISR,ISRAEL
580980,MAESTRO,DEBIT,,,,,IL,ISR,ISRAEL
581454,MAESTRO,DEBIT,STANDARD,MAESTRO INTERNATIONAL,,https://brand.mastercard.com,AE,ARE,UNITED ARAB EMIRATES
581455,MAESTRO,DEBIT,STANDARD,MAESTRO INTERNATIONAL,,https://brand.mastercard.com,KW,KWT,KUWAIT
581802,MAESTRO,DEBIT,STANDARD,MAESTRO INTERNATIONAL,,https://brand.mastercard.com,PS,PSE,"PALESTINIAN TERRITORY, OCCUPIED"
581803,MAESTRO,DEBIT,STANDARD,MAESTRO INTERNATIONAL,,https://brand.mastercard.com,PS,PSE,"PALESTINIAN TERRITORY, OCCUPIED"
581804,MAESTRO,DEBIT,STANDARD,MAESTRO INTERNATIONAL,,https://brand.mastercard.com,PS,PSE,"PALESTINIAN TERRITORY, OCCUPIED"
581806,MAESTRO,DEBIT,STANDARD,MAESTRO INTERNATIONAL,,https://brand.mastercard.com,PS,PSE,"PALESTINIAN TERRITORY, OCCUPIED"
582134,MAESTRO,DEBIT,STANDARD,,,,PS,PSE,"PALESTINIAN TERRITORY, OCCUPIED"
584503,MAESTRO,DEBIT,STANDARD,MAESTRO INTERNATIONAL,,https://brand.mastercard.com,EG,EGY,EGYPT
585213,MAESTRO,DEBIT,STANDARD,MAESTRO INTERNATIONAL,,https://brand.mastercard.com,EG,EGY,EGYPT
585265,LOCAL BRAND,DEBIT,,SAMBA FINANCIAL GROUP,+9668001242000,http://www.samba.com,SA,SAU,SAUDI ARABIA
585685,MAESTRO,DEBIT,STANDARD,MAESTRO INTERNATIONAL,,https://brand.mastercard.com,SA,SAU,SAUDI ARABIA
586739,MAESTRO,DEBIT,STANDARD,MAESTRO INTERNATIONAL,,https://brand.mastercard.com,IL,ISR,ISRAEL
588216,MAESTRO,DEBIT,,,,,EG,EGY,EGYPT
588292,MAESTRO,DEBIT,,,,,SA,SAU,SAUDI ARABIA
588414,MAESTRO,DEBIT,STANDARD,,,,EG,EGY,EGYPT
588597,MAESTRO,DEBIT,STANDARD,,,,QA,QAT,QATAR
588790,LOCAL BRAND,DEBIT,,BANK OF BAHRAIN & KUWAIT,,,KW,KWT,KUWAIT
588836,MAESTRO,DEBIT,STANDARD,,,,IL,ISR,ISRAEL
588838,LOCAL BRAND,DEBIT,,CITIBANK,+97143114000,https://www.citi.com.cn,AE,ARE,UNITED ARAB EMIRATES
588845,LOCAL BRAND,DEBIT,,BANQUE SAUDI FRANSI,966 1 289 9999 OR 966 1 874 4000,http://www.alfransi.com.sa,SA,SAU,SAUDI ARABIA
588846,MAESTRO,DEBIT,,ALAWWAL BANK,,,SA,SAU,SAUDI ARABIA
588847,MAESTRO,DEBIT,STANDARD,,,,SA,SAU,SAUDI ARABIA
588848,MAESTRO,DEBIT,,ARAB NATIONAL BANK,,,SA,SAU,SAUDI ARABIA
588849,MAESTRO,DEBIT,,RIYAD BANK,,http://www.riyadbank.com,SA,SAU,SAUDI ARABIA
588850,MAESTRO,DEBIT,PERSONAL,NATIONAL COMMERCIAL BANK,96626464060,,SA,SAU,SAUDI ARABIA
588851,MAESTRO,DEBIT,,,,,SA,SAU,SAUDI ARABIA
588982,MAESTRO,DEBIT,,SAMBA FINANCIAL GROUP,+9668001242000,http://www.samba.com,SA,SAU,SAUDI ARABIA
588983,MAESTRO,DEBIT,,SAMBA FINANCIAL GROUP,+9668001242000,http://www.samba.com,SA,SAU,SAUDI ARABIA
589005,MAESTRO,DEBIT,,SAMBA FINANCIAL GROUP,+9668001242000,http://www.samba.com,SA,SAU,SAUDI ARABIA
589099,MAESTRO,DEBIT,STANDARD,,,,IL,ISR,ISRAEL
589128,LOCAL BRAND,DEBIT,,BANK SADERAT IRAN,,http://www.banksaderat.ae,AE,ARE,UNITED ARAB EMIRATES
589131,LOCAL BRAND,DEBIT,,BANK MELLI IRAN,,,AE,ARE,UNITED ARAB EMIRATES
589160,LOCAL BRAND,DEBIT,,NATIONAL BANK OF KUWAIT,,,KW,KWT,KUWAIT
589163,LOCAL BRAND,DEBIT,,CITIBANK,+97317582484,https://www.citi.com.cn,BH,BHR,BAHRAIN
589206,MAESTRO,DEBIT,,SAUDI INVESTMENT BANK,,,SA,SAU,SAUDI ARABIA
589295,MAESTRO,DEBIT,,,,,EG,EGY,EGYPT
589344,MAESTRO,DEBIT,STANDARD,,,,KW,KWT,KUWAIT
589367,MAESTRO,DEBIT,,,,,JO,JOR,JORDAN
589453,MAESTRO,DEBIT,,,,,BH,BHR,BAHRAIN
589454,MAESTRO,DEBIT,,HSBC,,,OM,OMN,OMAN
589455,MAESTRO,DEBIT,,HSBC MIDDLE EAST LTD.,,,QA,QAT,QATAR
589456,MAESTRO,DEBIT,,HSBC BANK MIDDLE EAST,+97142241000,http://www.hsbc.ae,AE,ARE,UNITED ARAB EMIRATES
589495,LOCAL BRAND,DEBIT,,AL AHLI BANK OF KUWAIT,,,AE,ARE,UNITED ARAB EMIRATES
589674,MAESTRO,DEBIT,STANDARD,,,,EG,EGY,EGYPT
589681,MAESTRO,DEBIT,,,,,EG,EGY,EGYPT
589756,MAESTRO,DEBIT,,,,,AE,ARE,UNITED ARAB EMIRATES
589905,LOCAL BRAND,DEBIT,,FUTURE BANK,,,BH,BHR,BAHRAIN
590045,MAESTRO,DEBIT,,,,,IL,ISR,ISRAEL
594526,MAESTRO,CREDIT,BUSINESS,HSBC BANK EGYPT S.A.E,,,EG,EGY,EGYPT
600989,MAESTRO,DEBIT,,,,,LB,LBN,LEBANON
601222,LOCAL BRAND,DEBIT,,BANK OF BARODA,,https://www.bankofbaroda.in,AE,ARE,UNITED ARAB EMIRATES
601355,LOCAL BRAND,DEBIT,,INVESTBANK,,,AE,ARE,UNITED ARAB EMIRATES
601722,LOCAL BRAND,DEBIT,,BANK MELLI IRAN,,,OM,OMN,OMAN
601742,MAESTRO,DEBIT,,,,,EG,EGY,EGYPT
601902,LOCAL BRAND,DEBIT,,ABU DHABI COMMERCIAL BANK,+97126962222,http://www.adcb.com,AE,ARE,UNITED ARAB EMIRATES
601950,LOCAL BRAND,DEBIT,,BLOM BANK FRANCE,,,AE,ARE,UNITED ARAB EMIRATES
603111,MAESTRO,DEBIT,,,,,AE,ARE,UNITED ARAB EMIRATES
603302,LOCAL BRAND,DEBIT,ELECTRON,MASHREQ BANK,+97143632250,http://www.mashreqbank.com,AE,ARE,UNITED ARAB EMIRATES
603353,MAESTRO,DEBIT,,,,,EG,EGY,EGYPT
604906,MAESTRO,DEBIT,,NATIONAL BANK OF BAHRAIN,,,SA,SAU,SAUDI ARABIA
604933,LOCAL BRAND,DEBIT,,SAMBA,,,AE,ARE,UNITED ARAB EMIRATES
605141,LOCAL BRAND,DEBIT,,SAUDI BRITISH BANK,,http://www.sabb.com,SA,SAU,SAUDI ARABIA
610432,LOCAL BRAND,DEBIT,,HABIB BANK LTD.,,,AE,ARE,UNITED ARAB EMIRATES
610698,PRIVATE LABEL,DEBIT,,,,,EG,EGY,EGYPT
620079,CHINA UNION PAY,DEBIT,PREPAID,COMMERCIAL BANK OF DUBAI,+97126268400,http://www.cbd.ae,AE,ARE,UNITED ARAB EMIRATES
620091,CHINA UNION PAY,DEBIT,PREPAID,COMMERCIAL BANK OF DUBAI,+97126268400,http://www.cbd.ae,AE,ARE,UNITED ARAB EMIRATES
621234,CHINA UNION PAY,DEBIT,PERSONAL,CSC,,,LB,LBN,LEBANON
621617,CHINA UNION PAY,DEBIT,,INDUSTRIAL AND COMMERCIAL BANK OF CHINA,,http://www.icbc-ltd.com,EG,EGY,EGYPT
622016,LOCAL BRAND,DEBIT,,BANK SADERAT IRAN,,http://www.banksaderat.ae,QA,QAT,QATAR
622356,CHINA UNION PAY,CREDIT,CLASSIC,CSC,,,LB,LBN,LEBANON
623410,CHINA UNION PAY,DEBIT,PREPAID,INTERNATIONAL CARDS COMPANY JORDAN,,,JO,JOR,JORDAN
623411,CHINA UNION PAY,DEBIT,PREPAID BUSINESS,INTERNATIONAL CARDS COMPANY JORDAN,,,JO,JOR,JORDAN
623442,CHINA UNION PAY,DEBIT,,NOOR ISLAMIC BANK,+97144268888,,AE,ARE,UNITED ARAB EMIRATES
623469,CHINA UNION PAY,DEBIT,PREPAID,"COMMERCIAL BANK OF KUWAIT, SAK",,,KW,KWT,KUWAIT
623471,CHINA UNION PAY,DEBIT,PREPAID,AL HAIL ORIX FINANCE,,,AE,ARE,UNITED ARAB EMIRATES
623495,CHINA UNION PAY,DEBIT,,CSCBANK SAL,,,LB,LBN,LEBANON
624392,CHINA UNION PAY,CREDIT,PERSONAL,INTERNATIONAL CARDS COMPANY JORDAN,,,JO,JOR,JORDAN
624393,CHINA UNION PAY,CREDIT,BUSINESS,INTERNATIONAL CARDS COMPANY JORDAN,,,JO,JOR,JORDAN
624394,CHINA UNION PAY,CREDIT,PERSONAL,INTERNATIONAL CARDS COMPANY JORDAN,,,JO,JOR,JORDAN
624395,CHINA UNION PAY,CREDIT,PERSONAL,INTERNATIONAL CARDS COMPANY JORDAN,,,JO,JOR,JORDAN
624396,CHINA UNION PAY,CREDIT,BUSINESS,INTERNATIONAL CARDS COMPANY JORDAN,,,JO,JOR,JORDAN
624418,CHINA UNION PAY,CREDIT,PERSONAL,CREDIMAX B.S.C,,,BH,BHR,BAHRAIN
624433,CHINA UNION PAY,CREDIT,,,,,KW,KWT,KUWAIT
626202,CHINA UNION PAY,CREDIT,PERSONAL,AL HAIL ORIX FINANCE PSC,,,AE,ARE,UNITED ARAB EMIRATES
626228,CHINA UNION PAY,CREDIT,,,,,JO,JOR,JORDAN
626259,CHINA UNION PAY,CREDIT,,ALINMA BANK,,,SA,SAU,SAUDI ARABIA
626401,CHINA UNION PAY,CREDIT,BUSINESS,AL HAIL ORIX FINANCE PSC,,,AE,ARE,UNITED ARAB EMIRATES
627479,MAESTRO,DEBIT,PREPAID,MAXPOINTS CARD ISSUED BY CREDIMAX,,,BH,BHR,BAHRAIN
629161,CHINA UNION PAY,DEBIT,PREPAID,INTERNATIONAL CRADS COMPANY,,,JO,JOR,JORDAN
629223,CHINA UNION PAY,DEBIT,OTHER,BFC PAYMENTS B.S.C. (C),,,BH,BHR,BAHRAIN
629233,CHINA UNION PAY,DEBIT,OTHER,,,,IQ,IRQ,IRAQ
629272,CHINA UNION PAY,DEBIT,PREPAID BUSINESS,AL TAIL MONEY TRANSFER,,,IQ,IRQ,IRAQ
629279,CHINA UNION PAY,DEBIT,PREPAID BUSINESS,AL TAIF MONEY TRANSFER,,,IQ,IRQ,IRAQ
629290,CHINA UNION PAY,DEBIT,OTHER,,,,IQ,IRQ,IRAQ
636120,LOCAL BRAND,DEBIT,,AL BILAD BANK,9662918884,http://www.bankalbilad.com,SA,SAU,SAUDI ARABIA
636168,LOCAL BRAND,DEBIT,,EL NILEIN BANK,,,AE,ARE,UNITED ARAB EMIRATES
636406,MAESTRO,DEBIT,,,,,AE,ARE,UNITED ARAB EMIRATES
639174,MAESTRO,DEBIT,,,,,QA,QAT,QATAR
650008,DISCOVER,DEBIT,PREPAID,MERCURY,,,AE,ARE,UNITED ARAB EMIRATES
650053,DISCOVER,DEBIT,PREPAID,MERCURY,,,AE,ARE,UNITED ARAB EMIRATES
650054,DISCOVER,DEBIT,PREPAID,MERCURY,,,AE,ARE,UNITED ARAB EMIRATES
650055,DISCOVER,DEBIT,PREPAID,MERCURY,,,AE,ARE,UNITED ARAB EMIRATES
650056,DISCOVER,DEBIT,PREPAID,MERCURY,,,AE,ARE,UNITED ARAB EMIRATES
650167,DISCOVER,DEBIT,PREPAID,MERCURY,,,AE,ARE,UNITED ARAB EMIRATES
650168,DISCOVER,DEBIT,PREPAID,MERCURY,,,AE,ARE,UNITED ARAB EMIRATES
650169,DISCOVER,DEBIT,PREPAID,MERCURY,,,AE,ARE,UNITED ARAB EMIRATES
650401,DISCOVER,DEBIT,PREPAID,MERCURY,,,AE,ARE,UNITED ARAB EMIRATES
650445,DISCOVER,DEBIT,PREPAID,MERCURY,,,AE,ARE,UNITED ARAB EMIRATES
650446,DISCOVER,DEBIT,PREPAID,MERCURY,,,AE,ARE,UNITED ARAB EMIRATES
650447,DISCOVER,DEBIT,PREPAID,MERCURY,,,AE,ARE,UNITED ARAB EMIRATES
650448,DISCOVER,DEBIT,PREPAID,MERCURY,,,AE,ARE,UNITED ARAB EMIRATES
650449,DISCOVER,DEBIT,PREPAID,MERCURY,,,AE,ARE,UNITED ARAB EMIRATES
650450,DISCOVER,DEBIT,PREPAID,MERCURY,,,AE,ARE,UNITED ARAB EMIRATES
650451,DISCOVER,DEBIT,PREPAID,MERCURY,,,AE,ARE,UNITED ARAB EMIRATES
650483,DISCOVER,DEBIT,PREPAID,MERCURY,,,AE,ARE,UNITED ARAB EMIRATES
650819,DISCOVER,DEBIT,PREPAID,MERCURY,,,AE,ARE,UNITED ARAB EMIRATES
656001,DISCOVER,DEBIT,PREPAID,MERCURY,,,AE,ARE,UNITED ARAB EMIRATES
660651,MAESTRO,DEBIT,STANDARD,,,,EG,EGY,EGYPT
663726,MAESTRO,DEBIT,STANDARD,,,,IL,ISR,ISRAEL
664662,MAESTRO,DEBIT,STANDARD,,,,EG,EGY,EGYPT
668345,MAESTRO,DEBIT,STANDARD,,,,OM,OMN,OMAN
669869,MAESTRO,DEBIT,STANDARD,,,,LB,LBN,LEBANON
675141,MAESTRO,DEBIT,STANDARD,,,,QA,QAT,QATAR
675714,MAESTRO,DEBIT,STANDARD,,,,EG,EGY,EGYPT
676647,MAESTRO,DEBIT,,"MAX IT FINANCE, LTD.",,,IL,ISR,ISRAEL
676648,MAESTRO,DEBIT,,"MAX IT FINANCE, LTD.",,,IL,ISR,ISRAEL
676669,MAESTRO,DEBIT,,"ISRAEL CREDIT CARDS, LTD.",360-378-2265,http://www.cal-intl.com,IL,ISR,ISRAEL
676670,MAESTRO,DEBIT,,"ISRAEL CREDIT CARDS, LTD.",360-378-2265,http://www.cal-intl.com,IL,ISR,ISRAEL
676950,MAESTRO,DEBIT,,ISRACARD LTD.,,,IL,ISR,ISRAEL
678241,MAESTRO,DEBIT,STANDARD,,,,PS,PSE,"PALESTINIAN TERRITORY, OCCUPIED"
678834,MAESTRO,DEBIT,STANDARD,,,,JO,JOR,JORDAN
680156,MAESTRO,DEBIT,STANDARD,,,,IL,ISR,ISRAEL
680568,MAESTRO,DEBIT,STANDARD,,,,EG,EGY,EGYPT
681878,MAESTRO,DEBIT,STANDARD,,,,EG,EGY,EGYPT
691597,MAESTRO,DEBIT,STANDARD,,,,EG,EGY,EGYPT
697361,MAESTRO,DEBIT,STANDARD,,,,LB,LBN,LEBANON
697829,MAESTRO,DEBIT,STANDARD,,,,EG,EGY,EGYPT
698113,MAESTRO,DEBIT,STANDARD,,,,IL,ISR,ISRAEL
698406,MAESTRO,DEBIT,STANDARD,,,,IL,ISR,ISRAEL
747000,LOCAL BRAND,DEBIT,PROPRIETARY ATM,,,,JO,JOR,JORDAN
900512,PRIVATE LABEL,DEBIT,PROPRIETARY,,,,OM,OMN,OMAN
900634,PRIVATE LABEL,DEBIT,PROPRIETARY,,,,QA,QAT,QATAR
900682,PRIVATE LABEL,DEBIT,PROPRIETARY,,,,SA,SAU,SAUDI ARABIA
900784,PRIVATE LABEL,DEBIT,PROPRIETARY,HSBC BANK MIDDLE EAST,+97142241000,http://www.hsbc.ae,AE,ARE,UNITED ARAB EMIRATES
951200,PRIVATE LABEL,DEBIT,PROPRIETARY,HSBC,,,OM,OMN,OMAN
963400,PRIVATE LABEL,DEBIT,PROPRIETARY,,,,QA,QAT,QATAR
968200,LOCAL BRAND,DEBIT,PROPRIETARY,,,,SA,SAU,SAUDI ARABIA
968201,LOCAL BRAND,DEBIT,PROPRIETARY,AL BILAD BANK,9662918884,http://www.bankalbilad.com,SA,SAU,SAUDI ARABIA
968202,LOCAL BRAND,DEBIT,PROPRIETARY,NATIONAL COMMERCIAL BANK,96626464060,,SA,SAU,SAUDI ARABIA
968203,LOCAL BRAND,DEBIT,PROPRIETARY,ARAB NATIONAL BANK,,,SA,SAU,SAUDI ARABIA
968204,LOCAL BRAND,DEBIT,PROPRIETARY,SAUDI BRITISH BANK,,http://www.sabb.com,SA,SAU,SAUDI ARABIA
968205,LOCAL BRAND,DEBIT,PROPRIETARY,AL RAJHI BANKING & INV. CORP.,,,SA,SAU,SAUDI ARABIA
968206,LOCAL BRAND,DEBIT,PROPRIETARY,ALINMA BANK,,,SA,SAU,SAUDI ARABIA
968207,LOCAL BRAND,DEBIT,PROPRIETARY,SAUDI INVESTMENT BANK,,,SA,SAU,SAUDI ARABIA
968208,LOCAL BRAND,DEBIT,PROPRIETARY,BANQUE SAUDI FRANSI,966 1 289 9999 OR 966 1 874 4000,http://www.alfransi.com.sa,SA,SAU,SAUDI ARABIA
968209,LOCAL BRAND,DEBIT,PROPRIETARY,RIYAD BANK,,http://www.riyadbank.com,SA,SAU,SAUDI ARABIA
968210,LOCAL BRAND,DEBIT,PROPRIETARY,ALAWWAL BANK,,,SA,SAU,SAUDI ARABIA
968211,LOCAL BRAND,DEBIT,PROPRIETARY,BANK AL-JAZIRA,,,SA,SAU,SAUDI ARABIA
978400,PRIVATE LABEL,DEBIT,PROPRIETARY,HSBC BANK MIDDLE EAST,+97142241000,http://www.hsbc.ae,AE,ARE,UNITED ARAB EMIRATES
978450,LOCAL BRAND,DEBIT,,NATIONAL BANK OF BAHRAIN,,,AE,ARE,UNITED ARAB EMIRATES
981870,LOCAL BRAND,DEBIT,,,,,EG,EGY,EGYPT
